2916.705, -0.245
2776.925, 67.729
2784.987, 68.666
2776.922, 69.604
2784.984, 70.541
2776.919, 71.479
2832.771, 71.479
2784.982, 72.416
2776.917, 73.354
2832.887, 73.354
2781.896, 74.292
2784.979, 74.292
2776.914, 75.229
2832.885, 75.229
2781.656, 76.167
2784.977, 76.167
2703.866, 77.104
2776.912, 77.104
2783.197, 77.104
2832.408, 77.104
2833.119, 77.104
2837.862, 77.104
2781.892, 77.573
2784.974, 78.042
2805.251, 78.042
2834.541, 78.198
2853.751, 78.042
2703.626, 78.979
2708.132, 78.979
2776.791, 78.979
2777.621, 78.979
2780.467, 78.511
2782.601, 78.979
2783.313, 78.979
2832.287, 78.979
2837.623, 78.979
2710.740, 79.448
2781.493, 80.073
2805.605, 79.917
2814.735, 79.917
2833.234, 79.917
2834.538, 79.917
2835.013, 79.448
2853.749, 79.917
2703.742, 80.855
2708.130, 80.855
2709.908, 80.855
2711.569, 80.855
2777.381, 80.855
2779.990, 80.855
2783.429, 80.855
2803.587, 80.855
2815.565, 80.386
2832.284, 80.855
2837.621, 80.386
2838.332, 80.855
2710.737, 81.792
2781.056, 81.792
2782.123, 81.792
2784.850, 81.792
2814.141, 81.323
2833.350, 81.948
2834.062, 81.323
2835.010, 81.792
2853.746, 81.792
2703.858, 82.730
2708.127, 82.730
2709.787, 82.730
2711.685, 82.730
2777.141, 82.730
2783.426, 82.730
2785.680, 82.261
2793.506, 82.261
2803.467, 82.261
2806.075, 82.730
2814.969, 82.730
2838.092, 82.730
2710.853, 83.667
2779.749, 83.667
2780.698, 83.667
2782.239, 83.667
2784.966, 83.667
2793.030, 83.667
2794.453, 83.667
2802.516, 83.667
2809.750, 83.667
2813.664, 83.198
2832.873, 83.667
2833.822, 83.667
2834.652, 83.667
2853.743, 83.667
2703.974, 84.605
2708.006, 84.605
2709.785, 84.136
2711.682, 84.605
2777.139, 84.605
2783.305, 84.605
2803.702, 84.136
2805.954, 84.605
2814.255, 84.605
2815.559, 84.605
2816.034, 84.136
2710.495, 85.542
2745.358, 85.542
2776.545, 85.542
2779.865, 85.542
2780.458, 85.074
2784.489, 85.699
2785.202, 85.074
2789.707, 85.542
2793.620, 85.542
2794.569, 85.542
2802.277, 85.542
2806.783, 85.542
2809.867, 85.074
2813.661, 85.542
2832.871, 85.542
2833.701, 85.542
2834.531, 85.542
2853.741, 85.542
2704.328, 86.480
2707.648, 86.480
2711.680, 86.480
2736.423, 86.636
2778.678, 86.480
2782.710, 86.480
2791.129, 86.480
2795.636, 86.011
2805.833, 86.480
2815.675, 86.480
2837.257, 86.480
2708.832, 87.418
2710.730, 86.949
2745.356, 86.949
2776.661, 87.418
2779.744, 86.949
2783.776, 87.418
2784.488, 86.949
2785.199, 87.418
2788.756, 87.418
2789.468, 86.949
2792.314, 86.949
2793.420, 87.574
2794.804, 87.418
2802.275, 86.949
2804.172, 87.418
2806.425, 87.418
2807.492, 87.418
2809.152, 87.418
2811.287, 86.949
2813.895, 87.418
2831.801, 87.418
2832.632, 86.949
2834.529, 86.949
2835.358, 87.418
2853.738, 87.418
2703.613, 88.355
2707.171, 88.355
2711.558, 88.355
2735.986, 88.355
2775.711, 88.355
2779.032, 87.886
2782.826, 88.355
2787.332, 87.886
2810.337, 87.886
2815.554, 88.355
2837.373, 88.355
2838.322, 88.355
2708.948, 89.293
2737.052, 89.293
2744.879, 88.824
2776.658, 89.293
2784.010, 89.293
2785.197, 88.824
2786.382, 89.293
2792.904, 89.293
2793.734, 88.824
2794.682, 89.293
2795.631, 89.293
2797.529, 88.824
2802.983, 89.293
2803.932, 88.824
2804.880, 89.293
2806.659, 89.293
2807.489, 89.293
2809.387, 89.293
2811.521, 89.293
2812.945, 88.824
2813.655, 89.293
2831.917, 89.293
2835.000, 89.293
2836.424, 88.824
2844.962, 88.824
2853.499, 88.824
2707.168, 90.230
2708.117, 90.230
2711.437, 90.230
2735.866, 89.761
2745.826, 89.761
2778.554, 90.230
2791.835, 90.230
2815.789, 90.230
2837.054, 90.386
2838.319, 90.230
2842.826, 89.761
2843.774, 89.761
2854.090, 90.230
2863.577, 90.230
2865.948, 90.230
2709.064, 91.168
2737.050, 91.168
2745.113, 91.168
2776.656, 91.168
2784.008, 91.168
2786.616, 91.168
2790.412, 90.699
2792.783, 91.168
2794.087, 91.168
2795.866, 91.168
2796.577, 91.168
2797.763, 91.168
2802.032, 91.168
2803.693, 90.699
2804.997, 91.168
2809.147, 91.168
2809.858, 91.168
2810.807, 91.168
2813.534, 91.168
2816.380, 91.168
2824.800, 91.168
2831.914, 91.168
2835.116, 91.168
2841.875, 91.168
2853.259, 91.168
2860.137, 90.699
2867.330, 91.324
2698.509, 92.105
2703.134, 92.105
2704.083, 92.105
2707.047, 92.105
2708.114, 92.105
2711.316, 92.105
2738.235, 91.637
2745.942, 92.105
2775.350, 92.105
2777.603, 92.105
2778.789, 92.105
2791.833, 91.637
2808.434, 92.105
2838.435, 92.105
2845.432, 91.637
2851.598, 91.637
2854.048, 92.262
2864.404, 92.105
2874.603, 91.637
2709.299, 93.043
2741.791, 92.574
2743.569, 93.043
2745.111, 93.043
2757.562, 93.043
2776.535, 93.043
2784.005, 93.043
2786.377, 93.043
2790.409, 93.043
2790.883, 92.574
2792.780, 93.043
2793.966, 93.043
2795.863, 93.043
2796.575, 93.043
2797.524, 92.574
2802.148, 93.043
2804.401, 93.043
2805.113, 93.043
2807.484, 93.043
2809.856, 93.043
2810.686, 93.043
2812.465, 93.043
2816.260, 92.574
2824.085, 93.199
2825.509, 93.043
2832.030, 93.043
2834.995, 93.043
2839.265, 92.574
2860.016, 93.043
2867.130, 93.043
2868.672, 93.043
2873.890, 92.574
2890.728, 93.043
2698.863, 93.980
2702.301, 93.980
2703.132, 93.980
2704.081, 93.512
2706.926, 93.980
2708.112, 93.980
2735.623, 93.980
2737.994, 93.980
2739.891, 94.137
2742.500, 93.980
2745.939, 93.980
2775.229, 93.980
2777.600, 93.980
2778.786, 93.980
2787.798, 93.980
2789.577, 93.980
2791.514, 94.137
2808.906, 93.980
2836.180, 93.980
2838.551, 93.980
2853.730, 93.980
2854.678, 93.980
2870.094, 93.512
2875.075, 93.512
2913.732, 93.512
2914.681, 93.512
2699.929, 94.918
2706.451, 94.918
2709.415, 94.918
2741.669, 94.918
2743.685, 94.918
2745.108, 94.918
2776.334, 95.074
2784.003, 94.918
2786.374, 94.918
2788.509, 94.918
2792.778, 94.918
2793.964, 94.449
2795.861, 94.918
2796.809, 94.918
2802.264, 94.918
2804.399, 94.918
2807.482, 94.918
2810.565, 94.918
2811.869, 94.918
2812.699, 94.918
2823.846, 94.918
2825.032, 94.449
2829.776, 94.449
2830.724, 94.918
2832.028, 94.918
2835.111, 94.918
2855.981, 94.918
2859.184, 94.449
2860.369, 95.074
2861.081, 94.449
2867.009, 94.918
2874.362, 94.449
2890.726, 94.449
2698.623, 95.856
2700.758, 95.387
2702.892, 95.387
2708.109, 95.856
2735.739, 95.856
2738.110, 95.856
2742.498, 95.856
2745.937, 95.856
2746.767, 95.387
2754.909, 96.012
2756.728, 95.387
2777.598, 95.856
2778.665, 95.856
2787.559, 95.856
2789.457, 95.387
2791.116, 95.856
2792.065, 95.856
2798.112, 95.856
2808.903, 95.856
2816.019, 95.387
2836.177, 95.856
2838.786, 95.856
2843.410, 95.856
2845.664, 95.387
2852.067, 95.387
2853.727, 95.856
2855.151, 95.387
2875.309, 95.856
2880.645, 95.856
2886.930, 95.856
2892.384, 95.856
2903.295, 95.387
2913.255, 95.387
2914.322, 95.856
2700.045, 96.793
2701.705, 96.324
2705.737, 96.324
2706.685, 96.793
2709.650, 96.793
2740.362, 96.793
2741.311, 96.793
2743.682, 96.793
2744.987, 96.793
2758.979, 96.793
2776.174, 96.793
2776.649, 96.324
2784.000, 96.793
2785.897, 96.793
2788.507, 96.324
2792.775, 96.793
2795.977, 96.793
2802.262, 96.793
2804.396, 96.793
2807.479, 96.793
2810.562, 96.793
2811.748, 96.793
2812.697, 96.793
2816.728, 96.793
2822.895, 96.793
2823.607, 96.324
2829.773, 96.324
2835.227, 96.793
2849.220, 96.324
2851.118, 96.324
2853.014, 96.793
2856.335, 96.793
2857.283, 96.793
2861.789, 96.793
2862.738, 96.793
2865.465, 96.793
2866.888, 96.793
2867.718, 96.793
2870.802, 96.324
2890.367, 96.793
2895.387, 96.949
2899.972, 96.793
2904.597, 96.793
2911.830, 96.793
2698.383, 97.731
2702.178, 97.731
2708.107, 97.731
2734.906, 97.887
2738.345, 97.731
2742.496, 97.262
2747.002, 97.262
2754.472, 97.731
2755.303, 97.262
2772.853, 97.262
2774.513, 97.262
2775.224, 97.731
2777.595, 97.731
2778.544, 97.731
2787.557, 97.262
2791.114, 97.731
2792.299, 97.731
2798.110, 97.731
2808.782, 97.731
2836.174, 97.731
2836.886, 97.731
2839.020, 97.731
2839.732, 97.731
2843.408, 97.731
2844.594, 97.731
2845.899, 97.262
2847.559, 97.262
2854.080, 97.731
2859.061, 97.731
2875.425, 97.731
2876.492, 97.731
2879.575, 97.731
2880.880, 97.731
2886.690, 97.731
2889.180, 97.731
2890.959, 97.731
2892.145, 97.731
2898.074, 97.262
2903.529, 97.731
2908.983, 97.731
2912.778, 97.262
2914.438, 97.731
2915.149, 97.731
2699.331, 98.199
2700.161, 98.668
2705.023, 98.668
2733.601, 98.668
2740.360, 98.668
2741.308, 98.668
2742.968, 98.668
2744.155, 98.199
2744.866, 98.199
2759.096, 98.199
2773.800, 98.668
2776.645, 98.668
2783.760, 98.668
2785.895, 98.668
2799.414, 98.199
2802.259, 98.668
2804.393, 98.668
2807.714, 98.668
2810.560, 98.668
2811.745, 98.668
2812.694, 98.668
2816.489, 98.668
2822.892, 98.668
2830.126, 98.668
2831.549, 98.668
2835.225, 98.668
2846.608, 98.668
2849.454, 98.668
2851.114, 98.668
2852.063, 98.668
2853.249, 98.668
2856.213, 98.668
2857.992, 98.668
2861.787, 98.668
2862.973, 98.668
2865.463, 98.668
2866.530, 98.668
2867.716, 98.668
2873.882, 98.668
2895.464, 98.668
2899.021, 98.668
2906.848, 98.668
2907.560, 98.199
2909.693, 98.668
2911.828, 98.668
2701.701, 99.606
2707.986, 99.606
2709.765, 99.137
2712.018, 99.606
2735.378, 99.606
2738.698, 99.606
2754.114, 99.606
2754.825, 99.606
2757.434, 99.606
2758.264, 99.606
2772.139, 99.137
2773.205, 99.606
2775.221, 99.606
2777.593, 99.606
2778.542, 99.606
2792.771, 99.606
2797.989, 99.606
2801.546, 99.606
2808.662, 99.137
2818.860, 99.137
2819.808, 99.137
2821.824, 99.606
2836.053, 99.606
2839.018, 99.606
2839.730, 99.137
2844.354, 99.606
2854.315, 99.606
2859.177, 99.606
2875.304, 99.606
2877.202, 99.137
2880.047, 99.606
2881.233, 99.606
2887.518, 99.606
2889.059, 99.606
2890.246, 99.137
2891.194, 99.606
2892.261, 99.606
2894.632, 99.606
2902.340, 99.606
2903.526, 99.606
2904.949, 99.606
2908.507, 99.137
2913.250, 99.137
2914.356, 99.762
2699.091, 100.543
2700.040, 100.543
2705.613, 100.543
2740.001, 100.543
2741.424, 100.543
2747.710, 100.075
2749.962, 100.543
2774.508, 100.543
2776.169, 100.075
2783.876, 100.543
2785.774, 100.543
2799.885, 100.700
2804.391, 100.543
2807.711, 100.543
2810.557, 100.543
2811.862, 100.543
2812.692, 100.543
2816.486, 100.543
2822.890, 100.543
2825.617, 100.543
2829.530, 100.543
2830.242, 100.543
2831.427, 100.543
2832.139, 100.543
2835.223, 100.075
2843.167, 100.543
2850.282, 100.543
2851.349, 100.543
2852.061, 100.543
2853.246, 100.543
2856.092, 100.543
2857.990, 100.543
2863.089, 100.543
2865.342, 100.543
2866.527, 100.543
2867.950, 100.543
2871.745, 100.543
2873.287, 100.543
2893.445, 100.543
2897.833, 100.075
2899.137, 100.543
2900.204, 100.543
2907.082, 100.543
2908.979, 100.543
2912.418, 100.543
2700.750, 101.481
2701.698, 101.481
2706.679, 101.481
2707.865, 101.481
2711.896, 101.481
2730.395, 101.481
2732.056, 101.012
2733.004, 101.012
2735.375, 101.481
2742.965, 101.012
2751.740, 101.481
2753.400, 101.012
2754.506, 101.637
2756.601, 101.481
2757.550, 101.481
2758.736, 101.481
2771.899, 101.012
2773.084, 101.637
2775.219, 101.481
2778.302, 101.481
2792.532, 101.481
2797.986, 101.481
2801.781, 101.481
2818.620, 101.012
2819.924, 101.481
2820.754, 101.012
2827.869, 101.012
2839.015, 101.481
2843.877, 101.481
2845.063, 101.481
2854.431, 101.481
2856.802, 101.481
2859.174, 101.481
2863.917, 101.481
2875.301, 101.481
2877.673, 101.012
2879.926, 101.481
2881.112, 101.481
2884.076, 101.481
2885.499, 101.481
2887.159, 101.481
2889.532, 101.012
2891.310, 101.481
2894.630, 101.481
2895.697, 101.481
2902.575, 101.481
2903.523, 101.481
2904.709, 101.481
2913.484, 101.481
2914.670, 101.481
2699.088, 102.419
2699.918, 102.419
2705.492, 102.419
2727.429, 102.419
2734.109, 102.575
2741.067, 101.950
2745.809, 102.419
2759.565, 101.950
2770.711, 102.419
2774.387, 102.419
2785.890, 102.419
2800.119, 102.419
2804.388, 102.419
2807.709, 102.419
2810.555, 102.419
2811.978, 102.419
2812.689, 102.419
2816.839, 102.419
2821.465, 101.950
2825.614, 102.419
2826.445, 101.950
2830.002, 102.419
2831.188, 102.419
2832.018, 102.419
2840.201, 101.950
2842.690, 102.419
2851.346, 102.419
2852.058, 102.419
2853.125, 102.419
2855.734, 102.419
2857.987, 102.419
2863.205, 101.950
2865.339, 102.419
2866.763, 101.950
2868.304, 102.419
2870.912, 102.419
2872.455, 101.950
2878.857, 102.419
2892.138, 102.419
2893.561, 102.419
2899.135, 102.419
2899.965, 102.419
2906.842, 102.419
2908.858, 102.419
2909.926, 102.419
2912.653, 102.419
2700.747, 103.356
2701.696, 103.356
2704.660, 103.356
2706.676, 103.356
2707.744, 103.356
2711.775, 103.356
2724.464, 102.887
2728.259, 102.887
2735.373, 103.356
2754.109, 103.356
2754.820, 103.356
2756.718, 103.356
2758.852, 103.356
2772.607, 103.356
2773.556, 103.356
2775.216, 103.356
2778.181, 103.356
2792.530, 102.887
2797.984, 103.356
2799.170, 103.356
2818.261, 103.356
2820.040, 103.356
2820.752, 102.887
2828.578, 102.887
2835.456, 102.887
2839.013, 103.356
2841.503, 103.356
2843.993, 103.356
2845.416, 103.356
2854.428, 103.356
2857.037, 103.356
2859.172, 102.887
2864.508, 103.356
2869.844, 103.356
2873.401, 103.356
2875.536, 103.356
2879.805, 103.356
2881.109, 103.356
2882.769, 103.356
2883.718, 103.356
2885.497, 103.356
2886.920, 103.356
2888.580, 103.356
2891.188, 103.356
2894.429, 103.512
2895.813, 103.356
2903.284, 103.356
2903.759, 102.887
2911.822, 103.356
2914.668, 103.356
2699.679, 104.294
2705.489, 104.294
2723.040, 103.825
2733.593, 104.294
2745.925, 104.294
2759.444, 104.294
2768.456, 104.294
2774.267, 103.825
2785.887, 104.294
2799.998, 104.294
2804.386, 104.294
2807.588, 104.294
2810.789, 104.294
2811.975, 104.294
2812.687, 104.294
2817.074, 104.294
2822.647, 104.294
2825.493, 104.294
2829.881, 104.294
2831.185, 104.294
2840.316, 104.294
2842.450, 104.294
2851.107, 104.294
2852.055, 104.294
2853.123, 104.294
2855.376, 104.294
2858.459, 104.294
2865.337, 104.294
2869.131, 104.294
2871.384, 104.294
2878.618, 103.825
2887.511, 104.294
2892.136, 104.294
2893.084, 104.294
2906.840, 104.294
2908.856, 104.294
2910.160, 104.294
2912.769, 104.294
2701.456, 105.231
2704.776, 105.231
2706.674, 105.231
2707.622, 105.231
2708.927, 105.231
2711.654, 105.231
2730.746, 105.231
2735.370, 105.231
2753.988, 105.231
2754.936, 105.231
2756.715, 105.231
2771.656, 105.387
2772.605, 104.762
2773.554, 105.231
2774.976, 105.231
2798.337, 105.231
2799.286, 105.231
2818.614, 105.231
2820.037, 105.231
2841.145, 105.231
2845.414, 105.231
2854.782, 105.231
2857.035, 105.231
2864.624, 105.231
2870.079, 105.231
2876.126, 105.231
2879.684, 105.231
2882.055, 105.231
2883.715, 105.231
2885.375, 105.231
2886.443, 104.762
2888.341, 104.762
2889.051, 105.231
2891.186, 105.231
2894.506, 105.231
2895.692, 105.231
2900.554, 105.231
2901.858, 105.231
2903.519, 104.762
2911.820, 104.762
2914.666, 104.762
2699.676, 106.169
2705.487, 106.169
2722.563, 105.700
2733.235, 106.169
2746.041, 106.169
2746.753, 106.169
2759.204, 106.169
2760.035, 105.700
2763.355, 105.700
2785.885, 106.169
2800.233, 106.169
2801.775, 106.169
2804.383, 106.169
2807.466, 106.169
2810.312, 106.169
2811.973, 106.169
2812.684, 106.169
2817.071, 106.169
2822.170, 106.169
2825.491, 106.169
2829.760, 106.169
2840.433, 105.700
2851.104, 106.169
2852.053, 106.169
2853.002, 106.169
2858.931, 106.169
2865.097, 106.169
2871.500, 106.169
2872.686, 106.169
2887.390, 106.169
2891.896, 106.169
2893.201, 106.169
2906.600, 106.169
2907.075, 105.700
2908.260, 106.169
2908.972, 106.169
2910.632, 106.169
2912.648, 106.169
2701.454, 107.106
2704.774, 107.106
2706.671, 107.106
2708.806, 107.106
2721.375, 107.263
2730.862, 107.106
2735.368, 107.106
2753.867, 106.638
2756.594, 107.106
2762.404, 107.106
2767.860, 106.638
2770.942, 107.106
2772.129, 106.638
2773.551, 107.106
2799.165, 106.638
2818.612, 107.106
2820.035, 107.106
2845.530, 107.106
2848.336, 107.263
2857.032, 107.106
2870.076, 107.106
2876.361, 107.106
2879.562, 107.106
2882.171, 107.106
2883.001, 107.106
2883.950, 107.106
2885.254, 107.106
2886.204, 106.638
2888.575, 107.106
2889.050, 106.638
2894.504, 106.638
2900.670, 107.106
2902.014, 107.263
2905.176, 107.106
2911.342, 107.106
2915.255, 107.106
2699.556, 107.575
2705.485, 107.575
2712.600, 107.575
2732.639, 108.044
2734.655, 108.044
2746.750, 108.044
2755.289, 107.575
2759.083, 108.044
2760.032, 107.575
2785.882, 108.044
2800.349, 108.044
2801.179, 108.044
2801.773, 107.575
2804.381, 108.044
2807.582, 108.044
2810.310, 108.044
2811.970, 108.044
2812.681, 108.044
2817.306, 108.044
2822.168, 108.044
2825.488, 108.044
2829.520, 108.044
2850.390, 108.044
2851.102, 108.044
2852.050, 108.044
2853.118, 108.044
2858.692, 107.575
2871.498, 108.044
2872.683, 108.044
2873.395, 108.044
2887.506, 108.044
2891.894, 108.044
2893.317, 108.044
2895.807, 108.044
2896.755, 108.044
2906.756, 108.200
2908.258, 108.044
2908.970, 107.575
2910.392, 108.044
2912.645, 108.044
2701.451, 108.981
2704.771, 108.981
2706.669, 108.981
2708.803, 108.981
2720.898, 108.981
2722.085, 108.513
2723.270, 109.138
2729.318, 108.981
2730.859, 108.981
2735.365, 108.981
2755.998, 108.981
2756.711, 108.513
2760.742, 108.513
2764.300, 108.513
2767.382, 108.981
2770.228, 108.981
2770.940, 108.981
2773.548, 108.981
2818.609, 108.981
2820.032, 108.981
2845.883, 108.981
2847.899, 108.981
2848.847, 108.981
2857.148, 108.981
2870.311, 108.513
2876.595, 108.981
2879.560, 108.981
2882.406, 108.981
2882.881, 108.513
2884.066, 108.981
2884.777, 108.981
2889.046, 108.981
2897.584, 108.981
2900.549, 108.981
2901.379, 108.513
2902.209, 108.981
2905.173, 108.981
2911.340, 108.981
2915.134, 108.981
2712.596, 109.919
2732.281, 109.919
2746.866, 109.919
2748.803, 110.075
2759.080, 109.919
2800.584, 109.919
2804.378, 109.919
2807.699, 109.450
2810.308, 109.450
2811.967, 109.919
2817.422, 109.919
2821.928, 109.919
2825.960, 109.919
2829.517, 109.919
2850.388, 109.919
2852.522, 109.919
2852.997, 109.450
2871.495, 109.919
2872.681, 109.919
2873.392, 109.919
2878.610, 109.919
2887.622, 109.919
2891.891, 109.919
2893.314, 109.919
2896.041, 109.919
2906.358, 109.919
2907.069, 109.919
2908.137, 109.919
2910.390, 109.919
2916.082, 109.919
2704.769, 110.857
2706.666, 110.857
2708.801, 110.857
2716.390, 110.857
2717.339, 110.388
2718.999, 110.857
2720.896, 110.857
2722.319, 110.857
2723.979, 110.857
2729.315, 110.857
2730.382, 110.857
2731.094, 110.857
2753.861, 110.857
2755.996, 110.857
2764.772, 110.388
2766.669, 110.388
2770.226, 110.857
2770.937, 110.857
2773.546, 110.857
2801.294, 110.388
2812.678, 110.388
2818.607, 110.857
2820.030, 110.857
2845.880, 110.857
2847.422, 110.857
2849.201, 110.857
2876.711, 110.857
2879.795, 110.388
2882.403, 110.857
2883.115, 110.388
2884.063, 110.857
2884.775, 110.857
2888.925, 110.857
2897.463, 110.857
2900.546, 110.857
2902.206, 110.857
2905.171, 110.857
2911.337, 110.857
2915.132, 110.857
2712.357, 111.794
2732.160, 111.794
2734.888, 111.325
2746.983, 111.325
2748.050, 111.794
2749.117, 111.794
2759.315, 111.794
2768.208, 111.794
2800.581, 111.794
2804.376, 111.794
2811.965, 111.794
2817.420, 111.794
2821.926, 111.794
2825.957, 111.794
2829.278, 111.794
2850.148, 111.794
2852.757, 111.325
2871.730, 111.794
2872.678, 111.794
2873.390, 111.794
2878.489, 111.794
2887.620, 111.794
2891.770, 111.794
2896.632, 111.794
2906.237, 111.794
2907.067, 111.794
2908.016, 111.794
2910.388, 111.325
2916.080, 111.325
2704.766, 112.732
2706.664, 112.732
2708.798, 112.732
2715.676, 112.263
2717.099, 112.732
2720.656, 112.732
2722.554, 112.263
2724.451, 112.732
2729.194, 112.732
2730.380, 112.732
2731.091, 112.732
2753.859, 112.732
2755.993, 112.732
2769.156, 112.732
2770.460, 112.732
2770.935, 112.263
2773.544, 112.263
2801.291, 112.732
2818.604, 112.732
2819.948, 112.888
2845.996, 112.732
2847.064, 112.732
2849.317, 112.732
2876.709, 112.732
2877.776, 112.732
2882.638, 112.732
2884.535, 112.732
2889.041, 112.732
2892.837, 112.263
2897.579, 112.732
2900.425, 112.732
2902.204, 112.732
2905.168, 112.732
2911.097, 112.732
2915.485, 112.732
2712.354, 113.669
2713.303, 113.669
2714.607, 113.669
2718.520, 113.669
2719.588, 113.669
2731.920, 113.669
2747.929, 113.201
2749.114, 113.669
2750.893, 113.669
2759.550, 113.669
2768.325, 113.669
2800.579, 113.669
2804.373, 113.669
2811.962, 113.669
2817.417, 113.669
2821.330, 113.669
2826.192, 113.669
2827.734, 113.669
2829.275, 113.669
2850.145, 113.669
2871.727, 113.669
2872.913, 113.669
2873.388, 113.201
2878.605, 113.669
2887.617, 113.669
2891.887, 113.201
2896.629, 113.669
2906.353, 113.669
2907.776, 113.669
2704.764, 114.607
2706.661, 114.607
2708.796, 114.607
2716.385, 114.607
2720.179, 114.607
2725.278, 114.607
2729.191, 114.607
2730.377, 114.607
2753.738, 114.607
2755.991, 114.607
2763.817, 114.607
2770.933, 114.138
2801.289, 114.138
2818.483, 114.607
2819.787, 114.607
2820.736, 114.607
2826.902, 114.607
2846.112, 114.607
2847.061, 114.607
2849.433, 114.607
2852.991, 114.138
2876.944, 114.138
2877.893, 114.138
2882.635, 114.607
2884.533, 114.607
2888.920, 114.607
2897.577, 114.607
2900.660, 114.607
2902.083, 114.607
2905.166, 114.607
2911.095, 114.607
2915.601, 114.607
2712.352, 115.544
2713.538, 115.544
2714.368, 115.544
2718.756, 115.076
2726.581, 115.544
2731.799, 115.544
2749.586, 115.544
2750.298, 115.076
2751.246, 115.544
2759.547, 115.544
2768.085, 115.076
2800.576, 115.544
2804.371, 115.544
2811.960, 115.544
2817.177, 115.544
2826.190, 115.544
2828.205, 115.544
2829.273, 115.544
2850.143, 115.544
2871.725, 115.544
2873.148, 115.544
2887.615, 115.544
2896.864, 115.544
2906.232, 115.544
2908.010, 115.544
2704.761, 116.482
2706.659, 116.482
2708.793, 116.482
2716.501, 116.482
2717.924, 116.482
2725.395, 116.013
2729.189, 116.482
2730.375, 116.013
2752.194, 116.482
2753.854, 116.482
2755.988, 116.482
2763.577, 116.482
2818.362, 116.482
2820.259, 116.482
2821.089, 116.482
2826.781, 116.482
2846.584, 116.482
2847.296, 116.013
2849.430, 116.482
2877.179, 116.013
2882.633, 116.482
2884.294, 116.013
2888.918, 116.482
2897.574, 116.482
2900.776, 116.482
2902.080, 116.482
2905.163, 116.482
2911.092, 116.482
2915.598, 116.482
2712.586, 117.420
2713.535, 117.420
2714.484, 117.420
2727.053, 117.420
2727.765, 117.420
2751.481, 117.420
2752.785, 117.420
2759.663, 117.420
2800.811, 116.951
2804.369, 116.951
2812.076, 117.420
2817.175, 117.420
2828.559, 116.951
2850.140, 117.420
2871.485, 117.420
2873.145, 117.420
2887.612, 117.420
2896.861, 117.420
2906.111, 117.420
2907.771, 117.420
2704.759, 118.357
2706.656, 118.357
2716.617, 118.357
2717.565, 118.357
2729.186, 118.357
2753.535, 118.513
2755.986, 118.357
2764.168, 118.357
2768.081, 118.357
2818.359, 118.357
2820.969, 117.888
2826.660, 118.357
2846.582, 118.357
2882.630, 118.357
2888.797, 118.357
2897.572, 118.357
2902.078, 118.357
2905.161, 118.357
2911.090, 118.357
2915.596, 118.357
2712.702, 119.295
2713.532, 119.295
2714.481, 119.295
2727.051, 118.826
2727.881, 119.295
2751.716, 119.295
2812.193, 118.826
2817.172, 119.295
2850.019, 119.295
2871.957, 119.295
2873.143, 119.295
2887.609, 119.295
2896.859, 119.295
2906.108, 119.295
2907.650, 119.295
2704.756, 120.232
2706.653, 120.232
2716.614, 120.232
2717.563, 120.232
2728.828, 120.232
2753.375, 119.763
2755.983, 120.232
2760.371, 120.232
2762.979, 120.232
2764.284, 120.232
2768.078, 120.232
2818.357, 120.232
2826.421, 119.763
2846.579, 120.232
2882.628, 120.232
2888.794, 120.232
2897.569, 120.232
2900.889, 120.232
2901.957, 120.232
2905.158, 120.232
2911.087, 120.232
2915.593, 120.232
2713.293, 121.170
2714.716, 121.170
2727.997, 120.701
2751.714, 120.701
2761.674, 121.170
2817.644, 121.170
2887.607, 121.170
2896.856, 121.170
2906.106, 121.170
2704.754, 122.107
2706.651, 122.107
2716.612, 122.264
2717.679, 122.107
2728.708, 121.639
2755.981, 122.107
2760.724, 122.107
2762.621, 122.107
2764.400, 122.107
2768.076, 122.107
2818.355, 121.639
2882.625, 122.107
2888.791, 122.107
2897.566, 122.107
2901.005, 122.107
2901.835, 122.107
2905.156, 122.107
2911.085, 122.107
2915.828, 122.107
2713.290, 123.045
2714.595, 123.045
2765.229, 123.045
2817.642, 123.045
2887.604, 123.045
2896.854, 123.045
2906.103, 123.045
2704.751, 123.983
2706.648, 123.983
2715.661, 123.983
2716.372, 123.983
2755.978, 123.983
2760.959, 123.514
2762.382, 123.514
2764.517, 123.514
2767.955, 123.983
2882.623, 123.983
2888.670, 123.983
2897.564, 123.983
2901.359, 123.514
2905.153, 123.983
2911.082, 123.983
2915.825, 123.983
2713.288, 124.451
2714.473, 124.920
2717.320, 124.451
2765.701, 124.920
2817.639, 124.920
2887.720, 124.920
2896.851, 124.920
2906.101, 124.920
2704.749, 125.858
2706.646, 125.858
2715.539, 125.858
2716.370, 125.389
2756.213, 125.389
2767.122, 125.858
2767.597, 125.389
2882.621, 125.389
2888.549, 125.858
2897.561, 125.858
2901.830, 125.858
2905.151, 125.858
2911.198, 125.858
2915.823, 125.858
2714.945, 126.795
2817.518, 126.795
2888.074, 126.795
2896.849, 126.795
2906.098, 126.795
2704.746, 127.733
2706.643, 127.733
2897.559, 127.733
2905.148, 127.733
2915.820, 127.733
2709.251, 128.670
2817.753, 128.670
2888.427, 128.670
2897.083, 128.670
2906.095, 128.670
2704.507, 129.139
2706.641, 129.608
2905.383, 129.608
2915.818, 129.608
2709.248, 130.545
2715.889, 130.545
2817.869, 130.545
2888.069, 130.077
2897.436, 130.545
2906.093, 130.545
2706.638, 131.483
2905.380, 131.483
2915.815, 131.483
2709.246, 132.421
2906.090, 132.421
2706.636, 133.358
2905.378, 133.358
2915.813, 133.358
2709.243, 134.296
2897.076, 133.827
2905.969, 134.296
2706.633, 135.233
2915.810, 135.233
2709.241, 136.171
2905.967, 136.171
2915.808, 137.108
2906.083, 138.046
2916.042, 138.984
2906.080, 139.921
2916.040, 140.859
2906.078, 141.796
2916.037, 142.734
2906.075, 143.671
2916.035, 144.609
2905.835, 145.546
2905.596, 146.953
2916.028, 149.297
