,imageName,class
0,6406_3_2_3931_3932_0.jpg,0
1,6406_3_2_3931_3932_1.jpg,0
2,6406_3_2_3932_3933_0.jpg,0
3,6406_3_2_3932_3933_1.jpg,0
4,6406_3_2_3933_3934_0.jpg,0
5,6406_3_2_3933_3934_1.jpg,0
6,6406_3_2_3935_3936_0.jpg,0
7,6406_3_2_3935_3936_1.jpg,0
8,6406_3_2_3936_3937_0.jpg,0
9,6406_3_2_3936_3937_1.jpg,0
10,6406_3_2_3937_3938_0.jpg,0
11,6406_3_2_3937_3938_1.jpg,0
12,6406_3_2_3938_3939_0.jpg,0
13,6406_3_2_3938_3939_1.jpg,0
14,6406_3_2_3939_3940_0.jpg,0
15,6406_3_2_3939_3940_1.jpg,0
16,6406_3_2_3940_3941_0.jpg,0
17,6406_3_2_3940_3941_1.jpg,0
18,6406_3_2_3941_3942_0.jpg,0
19,6406_3_2_3941_3942_1.jpg,0
20,6406_3_2_3942_3943_0.jpg,0
21,6406_3_2_3942_3943_1.jpg,0
22,6406_3_2_3943_3944_0.jpg,1
23,6406_3_2_3943_3944_1.jpg,1
24,6406_3_2_3944_3945_0.jpg,0
25,6406_3_2_3944_3945_1.jpg,0
26,6406_3_2_3945_3946_0.jpg,0
27,6406_3_2_3945_3946_1.jpg,0
28,6406_3_2_3946_3947_0.jpg,0
29,6406_3_2_3946_3947_1.jpg,0
30,6406_3_2_3947_3948_0.jpg,0
31,6406_3_2_3947_3948_1.jpg,0
32,6406_3_2_3948_3949_0.jpg,0
33,6406_3_2_3948_3949_1.jpg,0
34,6406_3_2_3949_3950_0.jpg,2
35,6406_3_2_3949_3950_1.jpg,2
36,6406_3_2_3950_3951_0.jpg,0
37,6406_3_2_3950_3951_1.jpg,0
38,6406_3_2_3951_3952_0.jpg,0
39,6406_3_2_3951_3952_1.jpg,0
40,6406_3_2_3952_3953_0.jpg,0
41,6406_3_2_3952_3953_1.jpg,0
42,6406_3_2_3953_3954_0.jpg,0
43,6406_3_2_3953_3954_1.jpg,0
44,6406_3_2_3954_3955_0.jpg,0
45,6406_3_2_3954_3955_1.jpg,0
46,6406_3_2_3955_3956_0.jpg,0
47,6406_3_2_3955_3956_1.jpg,0
48,6406_3_2_3956_3957_0.jpg,0
49,6406_3_2_3956_3957_1.jpg,0
50,6406_3_2_3957_3958_0.jpg,1
51,6406_3_2_3957_3958_1.jpg,1
52,6406_3_2_3958_3959_0.jpg,5
53,6406_3_2_3958_3959_1.jpg,5
54,6406_3_2_3959_3960_0.jpg,0
55,6406_3_2_3959_3960_1.jpg,0
56,6406_3_2_3960_3961_0.jpg,0
57,6406_3_2_3960_3961_1.jpg,0
58,6406_3_2_3961_3962_0.jpg,0
59,6406_3_2_3961_3962_1.jpg,0
60,6406_3_2_3962_3963_0.jpg,0
61,6406_3_2_3962_3963_1.jpg,0
62,6406_3_2_3963_3964_0.jpg,0
63,6406_3_2_3963_3964_1.jpg,0
64,6406_3_2_3964_3965_0.jpg,2
65,6406_3_2_3964_3965_1.jpg,2
66,6406_3_2_3965_3966_0.jpg,0
67,6406_3_2_3965_3966_1.jpg,0
68,6406_3_2_3966_3967_0.jpg,0
69,6406_3_2_3966_3967_1.jpg,0
70,6406_3_2_3967_3968_0.jpg,0
71,6406_3_2_3967_3968_1.jpg,0
72,6406_3_2_3968_3969_0.jpg,0
73,6406_3_2_3968_3969_1.jpg,0
74,6406_3_2_3969_3970_0.jpg,0
75,6406_3_2_3969_3970_1.jpg,0
76,6406_3_2_3970_3971_0.jpg,0
77,6406_3_2_3970_3971_1.jpg,0
78,6406_3_2_3971_3972_0.jpg,0
79,6406_3_2_3971_3972_1.jpg,0
80,6406_3_2_3972_3973_0.jpg,0
81,6406_3_2_3972_3973_1.jpg,0
82,6406_3_2_3973_3974_0.jpg,0
83,6406_3_2_3973_3974_1.jpg,0
84,6406_3_2_3974_3975_0.jpg,0
85,6406_3_2_3974_3975_1.jpg,0
86,6406_3_2_3975_3976_0.jpg,0
87,6406_3_2_3975_3976_1.jpg,0
88,6406_3_2_3976_3977_0.jpg,0
89,6406_3_2_3976_3977_1.jpg,0
90,6406_3_2_3977_3978_0.jpg,0
91,6406_3_2_3977_3978_1.jpg,0
92,6406_3_2_3978_3979_0.jpg,0
93,6406_3_2_3978_3979_1.jpg,0
94,6406_3_2_3979_3980_0.jpg,0
95,6406_3_2_3979_3980_1.jpg,0
96,6406_3_2_3980_3981_0.jpg,0
97,6406_3_2_3980_3981_1.jpg,0
98,6406_3_2_3981_3982_0.jpg,0
99,6406_3_2_3981_3982_1.jpg,0
100,6406_3_2_3983_3984_0.jpg,0
101,6406_3_2_3983_3984_1.jpg,0
102,6406_3_2_3984_3985_0.jpg,1
103,6406_3_2_3984_3985_1.jpg,1
104,6406_3_2_3985_3986_0.jpg,0
105,6406_3_2_3985_3986_1.jpg,0
106,6406_3_2_3986_3987_0.jpg,0
107,6406_3_2_3986_3987_1.jpg,0
108,6406_3_2_3987_3988_0.jpg,5
109,6406_3_2_3987_3988_1.jpg,5
110,6406_3_2_3988_3989_0.jpg,1
111,6406_3_2_3988_3989_1.jpg,1
112,6406_3_2_3989_3990_0.jpg,5
113,6406_3_2_3989_3990_1.jpg,5
114,6406_3_2_3990_3991_0.jpg,5
115,6406_3_2_3990_3991_1.jpg,5
116,6406_3_2_3991_3992_0.jpg,0
117,6406_3_2_3991_3992_1.jpg,0
118,6406_3_2_3992_3993_0.jpg,1
119,6406_3_2_3992_3993_1.jpg,1
120,6406_3_2_3993_3994_0.jpg,0
121,6406_3_2_3993_3994_1.jpg,0
122,6406_3_2_3994_3995_0.jpg,0
123,6406_3_2_3994_3995_1.jpg,0
124,6406_3_2_3995_3996_0.jpg,0
125,6406_3_2_3995_3996_1.jpg,0
126,6406_3_2_3996_3997_0.jpg,0
127,6406_3_2_3996_3997_1.jpg,0
128,6406_3_2_3997_3998_0.jpg,0
129,6406_3_2_3997_3998_1.jpg,0
130,6406_3_2_3998_3999_0.jpg,1
131,6406_3_2_3998_3999_1.jpg,1
132,6406_3_2_3999_4000_0.jpg,1
133,6406_3_2_3999_4000_1.jpg,1
134,6406_3_2_4000_4001_0.jpg,0
135,6406_3_2_4000_4001_1.jpg,0
136,6406_3_2_4001_4001_0.jpg,1
137,6406_3_2_4001_4001_1.jpg,1
138,6406_3_2_4001_4002_0.jpg,0
139,6406_3_2_4001_4002_1.jpg,0
140,6406_3_2_4002_4003_0.jpg,0
141,6406_3_2_4002_4003_1.jpg,0
142,6406_3_2_4003_4004_0.jpg,0
143,6406_3_2_4003_4004_1.jpg,0
144,6406_3_2_4004_4005_0.jpg,0
145,6406_3_2_4004_4005_1.jpg,0
146,6406_3_2_4005_4006_0.jpg,0
147,6406_3_2_4005_4006_1.jpg,0
148,6406_3_2_4006_4007_0.jpg,0
149,6406_3_2_4006_4007_1.jpg,0
150,6406_3_2_4007_4008_0.jpg,1
151,6406_3_2_4007_4008_1.jpg,1
152,6406_3_2_4008_4009_0.jpg,0
153,6406_3_2_4008_4009_1.jpg,0
154,6406_3_2_4009_4010_0.jpg,1
155,6406_3_2_4009_4010_1.jpg,1
156,6406_3_2_4010_4011_0.jpg,0
157,6406_3_2_4010_4011_1.jpg,0
158,6406_3_2_4011_4012_0.jpg,0
159,6406_3_2_4011_4012_1.jpg,0
160,6406_3_2_4012_4013_0.jpg,5
161,6406_3_2_4012_4013_1.jpg,5
162,6406_3_2_4013_4014_0.jpg,1
163,6406_3_2_4013_4014_1.jpg,1
164,6406_3_2_4014_4015_0.jpg,1
165,6406_3_2_4014_4015_1.jpg,1
166,6406_3_2_4015_4016_0.jpg,1
167,6406_3_2_4015_4016_1.jpg,1
168,6406_3_2_4016_4017_0.jpg,1
169,6406_3_2_4016_4017_1.jpg,1
170,6406_3_2_4017_4018_0.jpg,1
171,6406_3_2_4017_4018_1.jpg,1
172,6406_3_2_4018_4019_0.jpg,1
173,6406_3_2_4018_4019_1.jpg,1
174,6406_3_2_4019_4020_0.jpg,1
175,6406_3_2_4019_4020_1.jpg,1
176,6406_3_2_4020_4021_0.jpg,1
177,6406_3_2_4020_4021_1.jpg,1
178,6406_3_2_4021_4022_0.jpg,1
179,6406_3_2_4021_4022_1.jpg,1
180,6406_3_2_4022_4023_0.jpg,1
181,6406_3_2_4022_4023_1.jpg,1
182,6406_3_2_4023_4024_0.jpg,1
183,6406_3_2_4023_4024_1.jpg,1
184,6406_3_2_4024_4025_0.jpg,1
185,6406_3_2_4024_4025_1.jpg,1
186,6406_3_2_4025_4026_0.jpg,1
187,6406_3_2_4025_4026_1.jpg,1
188,6406_3_2_4026_4027_0.jpg,5
189,6406_3_2_4026_4027_1.jpg,5
190,6406_3_2_4027_4028_0.jpg,1
191,6406_3_2_4027_4028_1.jpg,1
192,6406_3_2_4028_4029_0.jpg,5
193,6406_3_2_4028_4029_1.jpg,5
194,6406_3_2_4029_4030_0.jpg,4
195,6406_3_2_4029_4030_1.jpg,4
196,6406_3_2_4030_4031_0.jpg,4
197,6406_3_2_4030_4031_1.jpg,4
198,6406_3_2_4031_4032_0.jpg,4
199,6406_3_2_4031_4032_1.jpg,4
200,6406_3_2_4032_4033_0.jpg,4
201,6406_3_2_4032_4033_1.jpg,4
202,6406_3_2_4033_4034_0.jpg,4
203,6406_3_2_4033_4034_1.jpg,4
204,6406_3_2_4034_4035_0.jpg,4
205,6406_3_2_4034_4035_1.jpg,4
206,6406_3_2_4035_4036_0.jpg,1
207,6406_3_2_4035_4036_1.jpg,1
208,6406_3_2_4036_4037_0.jpg,4
209,6406_3_2_4036_4037_1.jpg,4
210,6406_3_2_4037_4038_0.jpg,4
211,6406_3_2_4037_4038_1.jpg,4
212,6406_3_2_4038_4039_0.jpg,4
213,6406_3_2_4038_4039_1.jpg,4
214,6406_3_2_4039_4040_0.jpg,1
215,6406_3_2_4039_4040_1.jpg,1
216,6406_3_2_4040_4041_0.jpg,1
217,6406_3_2_4040_4041_1.jpg,1
218,6406_3_2_4041_4042_0.jpg,1
219,6406_3_2_4041_4042_1.jpg,1
220,6406_3_2_4042_4043_0.jpg,4
221,6406_3_2_4042_4043_1.jpg,4
222,6406_3_2_4043_4044_0.jpg,4
223,6406_3_2_4043_4044_1.jpg,4
224,6406_3_2_4044_4045_0.jpg,5
225,6406_3_2_4044_4045_1.jpg,5
226,6406_3_2_4045_4046_0.jpg,3
227,6406_3_2_4045_4046_1.jpg,3
228,6406_3_2_4046_4047_0.jpg,3
229,6406_3_2_4046_4047_1.jpg,3
230,6406_3_2_4047_4048_0.jpg,3
231,6406_3_2_4047_4048_1.jpg,3
232,6406_3_2_4048_4049_0.jpg,3
233,6406_3_2_4048_4049_1.jpg,3
234,6406_3_2_4049_4050_0.jpg,3
235,6406_3_2_4049_4050_1.jpg,3
236,6406_3_2_4050_4051_0.jpg,3
237,6406_3_2_4050_4051_1.jpg,3
238,6406_3_2_4051_4052_0.jpg,3
239,6406_3_2_4051_4052_1.jpg,3
240,6406_3_2_4052_4053_0.jpg,3
241,6406_3_2_4052_4053_1.jpg,3
242,6406_3_2_4053_4054_0.jpg,3
243,6406_3_2_4053_4054_1.jpg,3
244,6406_3_2_4054_4055_0.jpg,3
245,6406_3_2_4054_4055_1.jpg,3
246,6406_3_2_4055_4056_0.jpg,3
247,6406_3_2_4055_4056_1.jpg,3
248,6406_3_2_4056_4057_0.jpg,3
249,6406_3_2_4056_4057_1.jpg,3
250,6406_3_2_4067_4068_0.jpg,1
251,6406_3_2_4067_4068_1.jpg,1
252,6406_3_2_4068_4069_0.jpg,4
253,6406_3_2_4068_4069_1.jpg,4
254,6406_3_2_4069_4070_0.jpg,4
255,6406_3_2_4069_4070_1.jpg,4
256,6406_3_2_4070_4071_0.jpg,4
257,6406_3_2_4070_4071_1.jpg,4
258,6406_3_2_4071_4072_0.jpg,4
259,6406_3_2_4071_4072_1.jpg,4
260,6406_3_2_4072_4073_0.jpg,5
261,6406_3_2_4072_4073_1.jpg,5
262,6406_3_2_4073_4074_0.jpg,1
263,6406_3_2_4073_4074_1.jpg,1
264,6406_3_2_4074_4075_0.jpg,4
265,6406_3_2_4074_4075_1.jpg,4
266,6406_3_2_4075_4076_0.jpg,5
267,6406_3_2_4075_4076_1.jpg,5
268,6406_3_2_4076_4077_0.jpg,1
269,6406_3_2_4076_4077_1.jpg,1
270,6406_3_2_4077_4078_0.jpg,1
271,6406_3_2_4077_4078_1.jpg,1
272,6406_3_2_4078_4079_0.jpg,0
273,6406_3_2_4078_4079_1.jpg,0
274,6406_3_2_4079_4080_0.jpg,3
275,6406_3_2_4079_4080_1.jpg,3
276,6406_3_2_4080_4081_0.jpg,1
277,6406_3_2_4080_4081_1.jpg,1
278,6406_3_2_4081_4082_0.jpg,5
279,6406_3_2_4081_4082_1.jpg,5
280,6406_3_2_4082_4083_0.jpg,5
281,6406_3_2_4082_4083_1.jpg,5
282,6406_3_2_4083_4084_0.jpg,0
283,6406_3_2_4083_4084_1.jpg,0
284,6406_3_2_4084_4085_0.jpg,1
285,6406_3_2_4084_4085_1.jpg,1
286,6406_3_2_4085_4086_0.jpg,1
287,6406_3_2_4085_4086_1.jpg,1
288,6406_3_2_4086_4087_0.jpg,1
289,6406_3_2_4086_4087_1.jpg,1
290,6406_3_2_4087_4088_0.jpg,4
291,6406_3_2_4087_4088_1.jpg,4
292,6406_3_2_4088_4089_0.jpg,4
293,6406_3_2_4088_4089_1.jpg,4
294,6406_3_2_4089_4090_0.jpg,4
295,6406_3_2_4089_4090_1.jpg,4
296,6406_3_2_4090_4091_0.jpg,4
297,6406_3_2_4090_4091_1.jpg,4
298,6406_3_2_4091_4092_0.jpg,1
299,6406_3_2_4091_4092_1.jpg,1
300,6406_3_2_4092_4093_0.jpg,1
301,6406_3_2_4092_4093_1.jpg,1
302,6406_3_2_4093_4094_0.jpg,0
303,6406_3_2_4093_4094_1.jpg,0
304,6406_3_2_4094_4095_0.jpg,5
305,6406_3_2_4094_4095_1.jpg,5
306,6406_3_2_4095_4096_0.jpg,1
307,6406_3_2_4095_4096_1.jpg,1
308,6406_3_2_4096_4097_0.jpg,4
309,6406_3_2_4096_4097_1.jpg,4
310,6406_3_2_4097_4098_0.jpg,1
311,6406_3_2_4097_4098_1.jpg,1
312,6406_3_2_4098_4099_0.jpg,0
313,6406_3_2_4098_4099_1.jpg,0
314,6406_3_2_4099_4099_0.jpg,0
315,6406_3_2_4099_4099_1.jpg,0
316,6406_3_2_4100_4101_0.jpg,1
317,6406_3_2_4100_4101_1.jpg,1
318,6406_3_2_4101_4102_0.jpg,5
319,6406_3_2_4101_4102_1.jpg,5
320,6406_3_2_4102_4103_0.jpg,4
321,6406_3_2_4102_4103_1.jpg,4
322,6406_3_2_4103_4104_0.jpg,4
323,6406_3_2_4103_4104_1.jpg,4
324,6406_3_2_4104_4105_0.jpg,4
325,6406_3_2_4104_4105_1.jpg,4
326,6406_3_2_4105_4106_0.jpg,4
327,6406_3_2_4105_4106_1.jpg,4
328,6406_3_2_4106_4107_0.jpg,4
329,6406_3_2_4106_4107_1.jpg,4
330,6406_3_2_4107_4108_0.jpg,4
331,6406_3_2_4107_4108_1.jpg,4
332,6406_3_2_4108_4109_0.jpg,4
333,6406_3_2_4108_4109_1.jpg,4
334,6406_3_2_4109_4110_0.jpg,4
335,6406_3_2_4109_4110_1.jpg,4
336,6406_3_2_4110_4111_0.jpg,4
337,6406_3_2_4110_4111_1.jpg,4
338,6406_3_2_4111_4112_0.jpg,4
339,6406_3_2_4111_4112_1.jpg,4
340,6406_3_2_4112_4113_0.jpg,4
341,6406_3_2_4112_4113_1.jpg,4
342,6406_3_2_4113_4114_0.jpg,4
343,6406_3_2_4113_4114_1.jpg,4
344,6406_3_2_4114_4115_0.jpg,4
345,6406_3_2_4114_4115_1.jpg,4
346,6406_3_2_4115_4116_0.jpg,4
347,6406_3_2_4115_4116_1.jpg,4
348,6406_3_2_4116_4117_0.jpg,4
349,6406_3_2_4116_4117_1.jpg,4
350,6406_3_2_4117_4118_0.jpg,4
351,6406_3_2_4117_4118_1.jpg,4
352,6406_3_2_4118_4119_0.jpg,4
353,6406_3_2_4118_4119_1.jpg,4
354,6406_3_2_4119_4120_0.jpg,4
355,6406_3_2_4119_4120_1.jpg,4
356,6406_3_2_4121_4122_0.jpg,4
357,6406_3_2_4121_4122_1.jpg,4
358,6406_3_2_4122_4123_0.jpg,4
359,6406_3_2_4122_4123_1.jpg,4
360,6406_3_2_4123_4124_0.jpg,4
361,6406_3_2_4123_4124_1.jpg,4
362,6406_3_2_4124_4125_0.jpg,4
363,6406_3_2_4124_4125_1.jpg,4
364,6406_3_2_4125_4126_0.jpg,4
365,6406_3_2_4125_4126_1.jpg,4
366,6406_3_2_4126_4127_0.jpg,4
367,6406_3_2_4126_4127_1.jpg,4
368,6406_3_2_4127_4128_0.jpg,4
369,6406_3_2_4127_4128_1.jpg,4
370,6406_3_2_4128_4129_0.jpg,4
371,6406_3_2_4128_4129_1.jpg,4
372,6406_3_2_4129_4130_0.jpg,4
373,6406_3_2_4129_4130_1.jpg,4
374,6406_3_2_4130_4131_0.jpg,4
375,6406_3_2_4130_4131_1.jpg,4
376,6406_3_2_4131_4132_0.jpg,5
377,6406_3_2_4131_4132_1.jpg,5
378,6406_3_2_4132_4133_0.jpg,4
379,6406_3_2_4132_4133_1.jpg,4
380,6406_3_2_4133_4134_0.jpg,4
381,6406_3_2_4133_4134_1.jpg,4
382,6406_3_2_4134_4135_0.jpg,4
383,6406_3_2_4134_4135_1.jpg,4
384,6406_3_2_4135_4136_0.jpg,5
385,6406_3_2_4135_4136_1.jpg,5
386,6406_3_2_4136_4137_0.jpg,1
387,6406_3_2_4136_4137_1.jpg,1
388,6406_3_2_4137_4138_0.jpg,1
389,6406_3_2_4137_4138_1.jpg,1
390,6406_3_2_4138_4139_0.jpg,1
391,6406_3_2_4138_4139_1.jpg,1
392,6406_3_2_4139_4140_0.jpg,1
393,6406_3_2_4139_4140_1.jpg,1
394,6406_3_2_4140_4141_0.jpg,1
395,6406_3_2_4140_4141_1.jpg,1
396,6406_3_2_4141_4142_0.jpg,1
397,6406_3_2_4141_4142_1.jpg,1
398,6406_3_2_4142_4143_0.jpg,1
399,6406_3_2_4142_4143_1.jpg,1
400,6406_3_2_4143_4144_0.jpg,1
401,6406_3_2_4143_4144_1.jpg,1
402,6406_3_2_4144_4145_0.jpg,1
403,6406_3_2_4144_4145_1.jpg,1
404,6406_3_2_4145_4146_0.jpg,1
405,6406_3_2_4145_4146_1.jpg,1
406,6406_3_2_4146_4147_0.jpg,1
407,6406_3_2_4146_4147_1.jpg,1
408,6406_3_2_4147_4148_0.jpg,1
409,6406_3_2_4147_4148_1.jpg,1
410,6406_3_2_4148_4148_0.jpg,4
411,6406_3_2_4148_4148_1.jpg,4
412,6406_3_2_4282_4283_0.jpg,3
413,6406_3_2_4282_4283_1.jpg,3
414,6406_3_2_4283_4284_0.jpg,5
415,6406_3_2_4283_4284_1.jpg,5
416,6406_3_2_4284_4285_0.jpg,1
417,6406_3_2_4284_4285_1.jpg,1
418,6406_3_2_4285_4286_0.jpg,1
419,6406_3_2_4285_4286_1.jpg,1
420,6406_3_2_4286_4287_0.jpg,1
421,6406_3_2_4286_4287_1.jpg,1
422,6406_3_2_4287_4288_0.jpg,1
423,6406_3_2_4287_4288_1.jpg,1
424,6406_3_2_4288_4289_0.jpg,1
425,6406_3_2_4288_4289_1.jpg,1
426,6406_3_2_4289_4290_0.jpg,1
427,6406_3_2_4289_4290_1.jpg,1
428,6406_3_2_4290_4291_0.jpg,1
429,6406_3_2_4290_4291_1.jpg,1
430,6406_3_2_4291_4292_0.jpg,1
431,6406_3_2_4291_4292_1.jpg,1
432,6406_3_2_4292_4293_0.jpg,1
433,6406_3_2_4292_4293_1.jpg,1
434,6406_3_2_4293_4294_0.jpg,1
435,6406_3_2_4293_4294_1.jpg,1
436,6406_3_2_4294_4295_0.jpg,1
437,6406_3_2_4294_4295_1.jpg,1
438,6406_3_2_4295_4296_0.jpg,5
439,6406_3_2_4295_4296_1.jpg,5
440,6406_3_2_4298_4299_0.jpg,5
441,6406_3_2_4298_4299_1.jpg,5
442,6406_3_2_4299_4300_0.jpg,1
443,6406_3_2_4299_4300_1.jpg,1
444,6406_3_2_4300_4301_0.jpg,1
445,6406_3_2_4300_4301_1.jpg,1
446,6406_3_2_4301_4302_0.jpg,1
447,6406_3_2_4301_4302_1.jpg,1
448,6406_3_2_4302_4303_0.jpg,1
449,6406_3_2_4302_4303_1.jpg,1
450,6406_3_2_4303_4304_0.jpg,1
451,6406_3_2_4303_4304_1.jpg,1
452,6406_3_2_4304_4305_0.jpg,1
453,6406_3_2_4304_4305_1.jpg,1
454,6406_3_2_4305_4306_0.jpg,1
455,6406_3_2_4305_4306_1.jpg,1
456,6406_3_2_4306_4307_0.jpg,1
457,6406_3_2_4306_4307_1.jpg,1
458,6406_3_2_4307_4308_0.jpg,1
459,6406_3_2_4307_4308_1.jpg,1
460,6406_3_2_4308_4308_0.jpg,1
461,6406_3_2_4308_4308_1.jpg,1
462,6406_3_2_4308_4309_0.jpg,1
463,6406_3_2_4308_4309_1.jpg,1
464,6406_3_2_4309_4310_0.jpg,1
465,6406_3_2_4309_4310_1.jpg,1
466,6406_3_2_4310_4311_0.jpg,1
467,6406_3_2_4310_4311_1.jpg,1
468,6406_3_2_4311_4312_0.jpg,1
469,6406_3_2_4311_4312_1.jpg,1
470,6406_3_2_4312_4313_0.jpg,1
471,6406_3_2_4312_4313_1.jpg,1
472,6406_3_2_4313_4314_0.jpg,1
473,6406_3_2_4313_4314_1.jpg,1
474,6406_3_2_4314_4315_0.jpg,1
475,6406_3_2_4314_4315_1.jpg,1
476,6406_3_2_4315_4316_0.jpg,1
477,6406_3_2_4315_4316_1.jpg,1
478,6406_3_2_4316_4317_0.jpg,5
479,6406_3_2_4316_4317_1.jpg,5
480,6406_3_2_4317_4318_0.jpg,0
481,6406_3_2_4317_4318_1.jpg,0
482,6406_3_2_4318_4319_0.jpg,0
483,6406_3_2_4318_4319_1.jpg,0
484,6406_3_2_4319_4320_0.jpg,0
485,6406_3_2_4319_4320_1.jpg,0
486,6406_3_2_4320_4321_0.jpg,1
487,6406_3_2_4320_4321_1.jpg,1
488,6406_3_2_4321_4322_0.jpg,1
489,6406_3_2_4321_4322_1.jpg,1
490,6406_3_2_4322_4323_0.jpg,1
491,6406_3_2_4322_4323_1.jpg,1
492,6406_3_2_4323_4324_0.jpg,1
493,6406_3_2_4323_4324_1.jpg,1
494,6406_3_2_4324_4325_0.jpg,0
495,6406_3_2_4324_4325_1.jpg,0
496,6406_3_2_4325_4326_0.jpg,5
497,6406_3_2_4325_4326_1.jpg,5
498,6406_3_2_4326_4327_0.jpg,0
499,6406_3_2_4326_4327_1.jpg,0
500,6406_3_2_4327_4328_0.jpg,0
501,6406_3_2_4327_4328_1.jpg,0
502,6406_3_2_4328_4329_0.jpg,0
503,6406_3_2_4328_4329_1.jpg,0
504,6406_3_2_4329_4330_0.jpg,0
505,6406_3_2_4329_4330_1.jpg,0
506,6406_3_2_4330_4331_0.jpg,5
507,6406_3_2_4330_4331_1.jpg,5
508,6406_3_2_4331_4332_0.jpg,1
509,6406_3_2_4331_4332_1.jpg,1
510,6406_3_2_4332_4333_0.jpg,1
511,6406_3_2_4332_4333_1.jpg,1
512,6406_3_2_4333_4334_0.jpg,1
513,6406_3_2_4333_4334_1.jpg,1
514,6406_3_2_4334_4335_0.jpg,1
515,6406_3_2_4334_4335_1.jpg,1
516,6406_3_2_4335_4336_0.jpg,1
517,6406_3_2_4335_4336_1.jpg,1
518,6406_3_2_4336_4337_0.jpg,0
519,6406_3_2_4336_4337_1.jpg,0
520,6406_3_2_4337_4338_0.jpg,1
521,6406_3_2_4337_4338_1.jpg,1
522,6406_3_2_4338_4339_0.jpg,1
523,6406_3_2_4338_4339_1.jpg,1
524,6406_3_2_4339_4340_0.jpg,1
525,6406_3_2_4339_4340_1.jpg,1
526,6406_3_2_4340_4341_0.jpg,1
527,6406_3_2_4340_4341_1.jpg,1
528,6406_3_2_4345_4346_0.jpg,1
529,6406_3_2_4345_4346_1.jpg,1
530,6406_3_2_4346_4347_0.jpg,1
531,6406_3_2_4346_4347_1.jpg,1
532,6406_3_2_4347_4348_0.jpg,1
533,6406_3_2_4347_4348_1.jpg,1
534,6406_3_2_4348_4349_0.jpg,1
535,6406_3_2_4348_4349_1.jpg,1
536,6406_3_2_4349_4350_0.jpg,1
537,6406_3_2_4349_4350_1.jpg,1
538,6406_3_2_4350_4351_0.jpg,1
539,6406_3_2_4350_4351_1.jpg,1
540,6406_3_2_4351_4352_0.jpg,1
541,6406_3_2_4351_4352_1.jpg,1
542,6406_3_2_4352_4353_0.jpg,1
543,6406_3_2_4352_4353_1.jpg,1
544,6406_3_2_4353_4354_0.jpg,1
545,6406_3_2_4353_4354_1.jpg,1
546,6406_3_2_4354_4355_0.jpg,1
547,6406_3_2_4354_4355_1.jpg,1
548,6406_3_2_4355_4356_0.jpg,1
549,6406_3_2_4355_4356_1.jpg,1
550,6406_3_2_4356_4357_0.jpg,1
551,6406_3_2_4356_4357_1.jpg,1
552,6406_3_2_4357_4358_0.jpg,1
553,6406_3_2_4357_4358_1.jpg,1
554,6406_3_2_4358_4359_0.jpg,1
555,6406_3_2_4358_4359_1.jpg,1
556,6406_3_2_4359_4360_0.jpg,1
557,6406_3_2_4359_4360_1.jpg,1
558,6406_3_2_4360_4361_0.jpg,3
559,6406_3_2_4360_4361_1.jpg,3
560,6406_3_2_4363_4364_0.jpg,3
561,6406_3_2_4363_4364_1.jpg,3
562,6406_3_2_4364_4365_0.jpg,1
563,6406_3_2_4364_4365_1.jpg,1
564,6406_3_2_4365_4366_0.jpg,1
565,6406_3_2_4365_4366_1.jpg,1
566,6406_3_2_4366_4367_0.jpg,1
567,6406_3_2_4366_4367_1.jpg,1
568,6406_3_2_4367_4368_0.jpg,1
569,6406_3_2_4367_4368_1.jpg,1
570,6406_3_2_4368_4369_0.jpg,5
571,6406_3_2_4368_4369_1.jpg,5
572,6406_3_2_4369_4370_0.jpg,1
573,6406_3_2_4369_4370_1.jpg,1
574,6406_3_2_4370_4371_0.jpg,1
575,6406_3_2_4370_4371_1.jpg,1
576,6406_3_2_4371_4372_0.jpg,1
577,6406_3_2_4371_4372_1.jpg,1
578,6406_3_2_4372_4373_0.jpg,1
579,6406_3_2_4372_4373_1.jpg,1
580,6406_3_2_4373_4374_0.jpg,1
581,6406_3_2_4373_4374_1.jpg,1
582,6406_3_2_4374_4375_0.jpg,1
583,6406_3_2_4374_4375_1.jpg,1
584,6406_3_2_4375_4375_0.jpg,1
585,6406_3_2_4375_4375_1.jpg,1
586,6507_7_4_24345_24366_0.jpg,3
587,6507_7_4_24345_24366_1.jpg,3
588,6507_7_4_24349_24372_0.jpg,3
589,6507_7_4_24349_24372_1.jpg,3
590,6507_7_4_24355_24378_0.jpg,3
591,6507_7_4_24355_24378_1.jpg,3
592,6507_7_4_24360_24384_0.jpg,3
593,6507_7_4_24360_24384_1.jpg,3
594,6507_7_4_24364_24387_0.jpg,3
595,6507_7_4_24364_24387_1.jpg,3
596,6507_7_4_24368_24390_0.jpg,3
597,6507_7_4_24368_24390_1.jpg,3
598,6507_7_4_24370_24393_0.jpg,3
599,6507_7_4_24370_24393_1.jpg,3
600,6507_7_4_24376_24399_0.jpg,3
601,6507_7_4_24376_24399_1.jpg,3
602,6507_7_4_24382_24405_0.jpg,3
603,6507_7_4_24382_24405_1.jpg,3
604,6507_7_4_24397_24410_0.jpg,3
605,6507_7_4_24397_24410_1.jpg,3
606,6507_7_4_24403_24427_0.jpg,3
607,6507_7_4_24403_24427_1.jpg,3
608,6507_7_4_24409_24432_0.jpg,3
609,6507_7_4_24409_24432_1.jpg,3
610,6507_7_4_24415_24438_0.jpg,3
611,6507_7_4_24415_24438_1.jpg,3
612,6507_7_4_24418_24441_0.jpg,3
613,6507_7_4_24418_24441_1.jpg,3
614,6507_7_4_24421_24435_0.jpg,3
615,6507_7_4_24421_24435_1.jpg,3
616,6507_7_4_24430_24453_0.jpg,0
617,6507_7_4_24430_24453_1.jpg,0
618,6507_7_4_24436_24459_0.jpg,0
619,6507_7_4_24436_24459_1.jpg,0
620,6507_7_4_24623_24646_0.jpg,0
621,6507_7_4_24623_24646_1.jpg,0
622,6507_7_4_24629_24652_0.jpg,0
623,6507_7_4_24629_24652_1.jpg,0
624,6507_7_4_24635_24658_0.jpg,0
625,6507_7_4_24635_24658_1.jpg,0
626,6507_7_4_24641_24664_0.jpg,0
627,6507_7_4_24641_24664_1.jpg,0
628,6507_7_4_24647_24661_0.jpg,0
629,6507_7_4_24647_24661_1.jpg,0
630,6507_7_4_24650_24673_0.jpg,0
631,6507_7_4_24650_24673_1.jpg,0
632,6507_7_4_24656_24679_0.jpg,0
633,6507_7_4_24656_24679_1.jpg,0
634,6507_7_4_24662_24685_0.jpg,1
635,6507_7_4_24662_24685_1.jpg,1
636,6507_7_4_24677_24700_0.jpg,1
637,6507_7_4_24677_24700_1.jpg,1
638,6507_7_4_24683_24706_0.jpg,1
639,6507_7_4_24683_24706_1.jpg,1
640,6507_7_4_24689_24712_0.jpg,1
641,6507_7_4_24689_24712_1.jpg,1
642,6507_7_4_24695_24718_0.jpg,1
643,6507_7_4_24695_24718_1.jpg,1
644,6507_7_4_24698_24721_0.jpg,0
645,6507_7_4_24698_24721_1.jpg,0
646,6507_7_4_24701_24715_0.jpg,1
647,6507_7_4_24701_24715_1.jpg,1
648,6507_7_4_24704_24727_0.jpg,1
649,6507_7_4_24704_24727_1.jpg,1
650,6507_7_4_24710_24733_0.jpg,1
651,6507_7_4_24710_24733_1.jpg,1
652,6507_7_4_24716_24739_0.jpg,1
653,6507_7_4_24716_24739_1.jpg,1
654,6507_7_4_24731_24754_0.jpg,1
655,6507_7_4_24731_24754_1.jpg,1
656,6507_7_4_24737_24760_0.jpg,1
657,6507_7_4_24737_24760_1.jpg,1
658,6507_7_4_24743_24766_0.jpg,1
659,6507_7_4_24743_24766_1.jpg,1
660,6507_7_4_24749_24772_0.jpg,1
661,6507_7_4_24749_24772_1.jpg,1
662,6507_7_4_24752_24775_0.jpg,0
663,6507_7_4_24752_24775_1.jpg,0
664,6507_7_4_24758_24781_0.jpg,0
665,6507_7_4_24758_24781_1.jpg,0
666,6507_7_4_24764_24787_0.jpg,0
667,6507_7_4_24764_24787_1.jpg,0
668,6507_7_4_24770_24793_0.jpg,0
669,6507_7_4_24770_24793_1.jpg,0
670,6507_7_4_24785_24808_0.jpg,0
671,6507_7_4_24785_24808_1.jpg,0
672,6507_7_4_24791_24814_0.jpg,1
673,6507_7_4_24791_24814_1.jpg,1
674,6507_7_4_24803_24826_0.jpg,0
675,6507_7_4_24803_24826_1.jpg,0
676,6507_7_4_24806_24829_0.jpg,0
677,6507_7_4_24806_24829_1.jpg,0
678,6507_7_4_24809_24823_0.jpg,0
679,6507_7_4_24809_24823_1.jpg,0
680,6507_7_4_24812_24835_0.jpg,0
681,6507_7_4_24812_24835_1.jpg,0
682,6507_7_4_24818_24841_0.jpg,0
683,6507_7_4_24818_24841_1.jpg,0
684,6507_7_4_24824_24847_0.jpg,0
685,6507_7_4_24824_24847_1.jpg,0
686,6507_7_4_24839_24862_0.jpg,0
687,6507_7_4_24839_24862_1.jpg,0
688,6507_7_4_24845_24868_0.jpg,0
689,6507_7_4_24845_24868_1.jpg,0
690,6507_7_4_24851_24874_0.jpg,1
691,6507_7_4_24851_24874_1.jpg,1
692,6507_7_4_24857_24876_0.jpg,1
693,6507_7_4_24857_24876_1.jpg,1
694,6507_7_4_24860_24883_0.jpg,1
695,6507_7_4_24860_24883_1.jpg,1
696,6507_7_4_24863_24877_0.jpg,1
697,6507_7_4_24863_24877_1.jpg,1
698,6507_7_4_24866_24839_0.jpg,1
699,6507_7_4_24866_24839_1.jpg,1
700,6507_7_4_24872_24895_0.jpg,1
701,6507_7_4_24872_24895_1.jpg,1
702,6507_7_4_24878_24901_0.jpg,0
703,6507_7_4_24878_24901_1.jpg,0
704,6507_7_4_24893_24916_0.jpg,0
705,6507_7_4_24893_24916_1.jpg,0
706,6507_7_4_24899_94906_0.jpg,0
707,6507_7_4_24899_94906_1.jpg,0
708,6507_7_4_24903_24926_0.jpg,0
709,6507_7_4_24903_24926_1.jpg,0
710,6507_7_4_24909_24932_0.jpg,0
711,6507_7_4_24909_24932_1.jpg,0
712,6507_7_4_24915_24938_0.jpg,0
713,6507_7_4_24915_24938_1.jpg,0
714,6507_7_4_24921_24944_0.jpg,0
715,6507_7_4_24921_24944_1.jpg,0
716,6507_7_4_24924_24947_0.jpg,0
717,6507_7_4_24924_24947_1.jpg,0
718,6507_7_4_24927_24941_0.jpg,0
719,6507_7_4_24927_24941_1.jpg,0
720,6507_7_4_24930_24953_0.jpg,0
721,6507_7_4_24930_24953_1.jpg,0
722,6507_7_4_24936_24959_0.jpg,0
723,6507_7_4_24936_24959_1.jpg,0
724,6507_7_4_24942_24965_0.jpg,0
725,6507_7_4_24942_24965_1.jpg,0
726,6507_7_4_24957_24980_0.jpg,0
727,6507_7_4_24957_24980_1.jpg,0
728,6507_7_4_24963_24986_0.jpg,0
729,6507_7_4_24963_24986_1.jpg,0
730,6507_7_4_24969_24992_0.jpg,0
731,6507_7_4_24969_24992_1.jpg,0
732,6507_7_4_24975_24998_0.jpg,0
733,6507_7_4_24975_24998_1.jpg,0
734,6507_7_4_24978_25001_0.jpg,0
735,6507_7_4_24978_25001_1.jpg,0
736,6507_7_4_24981_24995_0.jpg,0
737,6507_7_4_24981_24995_1.jpg,0
738,6507_7_4_24984_25007_0.jpg,0
739,6507_7_4_24984_25007_1.jpg,0
740,6507_7_4_24990_25013_0.jpg,0
741,6507_7_4_24990_25013_1.jpg,0
742,6507_7_4_24996_25019_0.jpg,0
743,6507_7_4_24996_25019_1.jpg,0
744,6507_7_4_25011_25034_0.jpg,0
745,6507_7_4_25011_25034_1.jpg,0
746,6507_7_4_25017_25040_0.jpg,0
747,6507_7_4_25017_25040_1.jpg,0
748,6507_7_4_25023_25046_0.jpg,0
749,6507_7_4_25023_25046_1.jpg,0
750,6507_7_4_25029_25052_0.jpg,0
751,6507_7_4_25029_25052_1.jpg,0
752,6507_7_4_25032_25055_0.jpg,1
753,6507_7_4_25032_25055_1.jpg,1
754,6507_7_4_25035_25049_0.jpg,0
755,6507_7_4_25035_25049_1.jpg,0
756,6507_7_4_25038_25061_0.jpg,0
757,6507_7_4_25038_25061_1.jpg,0
758,6507_7_4_25044_25067_0.jpg,1
759,6507_7_4_25044_25067_1.jpg,1
760,6507_7_4_25050_75073_0.jpg,1
761,6507_7_4_25050_75073_1.jpg,1
762,6507_7_4_25065_25088_0.jpg,1
763,6507_7_4_25065_25088_1.jpg,1
764,6507_7_4_25070_25094_0.jpg,1
765,6507_7_4_25070_25094_1.jpg,1
766,6507_7_4_25076_25100_0.jpg,1
767,6507_7_4_25076_25100_1.jpg,1
768,6507_7_4_25083_25106_0.jpg,1
769,6507_7_4_25083_25106_1.jpg,1
770,6507_7_4_25085_25109_0.jpg,1
771,6507_7_4_25085_25109_1.jpg,1
772,6507_7_4_25088_25103_0.jpg,1
773,6507_7_4_25088_25103_1.jpg,1
774,6507_7_4_25091_29115_0.jpg,1
775,6507_7_4_25091_29115_1.jpg,1
776,6507_7_4_25098_25121_0.jpg,1
777,6507_7_4_25098_25121_1.jpg,1
778,6507_7_4_25104_25127_0.jpg,1
779,6507_7_4_25104_25127_1.jpg,1
780,6507_7_4_25120_25142_0.jpg,1
781,6507_7_4_25120_25142_1.jpg,1
782,6507_7_4_25126_25148_0.jpg,1
783,6507_7_4_25126_25148_1.jpg,1
784,6507_7_4_25127_25154_0.jpg,1
785,6507_7_4_25127_25154_1.jpg,1
786,6507_7_4_25137_25160_0.jpg,1
787,6507_7_4_25137_25160_1.jpg,1
788,6507_7_4_25140_25163_0.jpg,1
789,6507_7_4_25140_25163_1.jpg,1
790,6507_7_4_25143_25157_0.jpg,1
791,6507_7_4_25143_25157_1.jpg,1
792,6507_7_4_25146_25169_0.jpg,1
793,6507_7_4_25146_25169_1.jpg,1
794,6507_7_4_25152_25175_0.jpg,1
795,6507_7_4_25152_25175_1.jpg,1
796,6507_7_4_25158_25181_0.jpg,1
797,6507_7_4_25158_25181_1.jpg,1
798,6507_7_4_25173_25196_0.jpg,1
799,6507_7_4_25173_25196_1.jpg,1
800,6507_7_4_25178_25201_0.jpg,1
801,6507_7_4_25178_25201_1.jpg,1
802,6507_7_4_25184_25207_0.jpg,1
803,6507_7_4_25184_25207_1.jpg,1
804,6507_7_4_25190_25213_0.jpg,1
805,6507_7_4_25190_25213_1.jpg,1
806,6507_7_4_25196_25219_0.jpg,1
807,6507_7_4_25196_25219_1.jpg,1
808,6507_7_4_25199_25222_0.jpg,1
809,6507_7_4_25199_25222_1.jpg,1
810,6507_7_4_25202_25216_0.jpg,1
811,6507_7_4_25202_25216_1.jpg,1
812,6507_7_4_25211_25234_0.jpg,1
813,6507_7_4_25211_25234_1.jpg,1
814,6507_7_4_25217_25240_0.jpg,1
815,6507_7_4_25217_25240_1.jpg,1
816,6507_7_4_25232_25255_0.jpg,1
817,6507_7_4_25232_25255_1.jpg,1
818,6507_7_4_25238_25261_0.jpg,1
819,6507_7_4_25238_25261_1.jpg,1
820,6507_7_4_25244_25267_0.jpg,1
821,6507_7_4_25244_25267_1.jpg,1
822,6507_7_4_25250_25273_0.jpg,1
823,6507_7_4_25250_25273_1.jpg,1
824,6507_7_4_25253_25276_0.jpg,1
825,6507_7_4_25253_25276_1.jpg,1
826,6507_7_4_25256_25270_0.jpg,1
827,6507_7_4_25256_25270_1.jpg,1
828,6507_7_4_25259_25282_0.jpg,1
829,6507_7_4_25259_25282_1.jpg,1
830,6507_7_4_25265_25288_0.jpg,1
831,6507_7_4_25265_25288_1.jpg,1
832,6507_7_4_25271_25294_0.jpg,1
833,6507_7_4_25271_25294_1.jpg,1
834,6507_7_4_25286_25309_0.jpg,1
835,6507_7_4_25286_25309_1.jpg,1
836,6507_7_4_25292_25315_0.jpg,1
837,6507_7_4_25292_25315_1.jpg,1
838,6507_7_4_25298_25321_0.jpg,1
839,6507_7_4_25298_25321_1.jpg,1
840,6507_7_4_25304_25327_0.jpg,1
841,6507_7_4_25304_25327_1.jpg,1
842,6507_7_4_25307_25326_0.jpg,1
843,6507_7_4_25307_25326_1.jpg,1
844,6507_7_4_25310_25324_0.jpg,1
845,6507_7_4_25310_25324_1.jpg,1
846,6507_7_4_25313_25336_0.jpg,1
847,6507_7_4_25313_25336_1.jpg,1
848,6507_7_4_25319_25342_0.jpg,1
849,6507_7_4_25319_25342_1.jpg,1
850,6507_7_4_25325_25348_0.jpg,0
851,6507_7_4_25325_25348_1.jpg,0
852,6507_7_4_25340_25363_0.jpg,2
853,6507_7_4_25340_25363_1.jpg,2
854,6507_7_4_25346_25369_0.jpg,2
855,6507_7_4_25346_25369_1.jpg,2
856,6507_7_4_25352_25375_0.jpg,1
857,6507_7_4_25352_25375_1.jpg,1
858,6507_7_4_25358_25381_0.jpg,3
859,6507_7_4_25358_25381_1.jpg,3
860,6507_7_4_25361_25384_0.jpg,1
861,6507_7_4_25361_25384_1.jpg,1
862,6507_7_4_25364_25378_0.jpg,3
863,6507_7_4_25364_25378_1.jpg,3
864,6507_7_4_25367_25390_0.jpg,1
865,6507_7_4_25367_25390_1.jpg,1
866,6507_7_4_25373_25396_0.jpg,1
867,6507_7_4_25373_25396_1.jpg,1
868,6507_7_4_25379_25402_0.jpg,4
869,6507_7_4_25379_25402_1.jpg,4
870,6507_7_4_25394_25417_0.jpg,1
871,6507_7_4_25394_25417_1.jpg,1
872,6507_7_4_25400_25423_0.jpg,1
873,6507_7_4_25400_25423_1.jpg,1
874,6507_7_4_25406_25429_0.jpg,3
875,6507_7_4_25406_25429_1.jpg,3
876,6507_7_4_25412_25435_0.jpg,3
877,6507_7_4_25412_25435_1.jpg,3
878,6507_7_4_25415_25438_0.jpg,3
879,6507_7_4_25415_25438_1.jpg,3
880,6507_7_4_25418_25432_0.jpg,3
881,6507_7_4_25418_25432_1.jpg,3
882,6507_7_4_25421_25444_0.jpg,1
883,6507_7_4_25421_25444_1.jpg,1
884,6507_7_4_25427_25450_0.jpg,1
885,6507_7_4_25427_25450_1.jpg,1
886,6507_7_4_25433_25456_0.jpg,3
887,6507_7_4_25433_25456_1.jpg,3
888,6507_7_4_25448_25471_0.jpg,3
889,6507_7_4_25448_25471_1.jpg,3
890,6507_7_4_25453_25476_0.jpg,3
891,6507_7_4_25453_25476_1.jpg,3
892,6507_7_4_25459_25482_0.jpg,1
893,6507_7_4_25459_25482_1.jpg,1
894,6507_7_4_25465_25488_0.jpg,1
895,6507_7_4_25465_25488_1.jpg,1
896,6507_7_4_25471_25494_0.jpg,1
897,6507_7_4_25471_25494_1.jpg,1
898,6507_7_4_25474_25497_0.jpg,1
899,6507_7_4_25474_25497_1.jpg,1
900,6507_7_4_25477_25491_0.jpg,1
901,6507_7_4_25477_25491_1.jpg,1
902,6507_7_4_25480_29503_0.jpg,1
903,6507_7_4_25480_29503_1.jpg,1
904,6507_7_4_25486_25509_0.jpg,1
905,6507_7_4_25486_25509_1.jpg,1
906,6507_7_4_25492_25515_0.jpg,1
907,6507_7_4_25492_25515_1.jpg,1
908,6507_7_4_25507_25530_0.jpg,1
909,6507_7_4_25507_25530_1.jpg,1
910,6507_7_4_25513_25536_0.jpg,1
911,6507_7_4_25513_25536_1.jpg,1
912,6507_7_4_25519_25542_0.jpg,1
913,6507_7_4_25519_25542_1.jpg,1
914,6507_7_4_25525_25548_0.jpg,1
915,6507_7_4_25525_25548_1.jpg,1
916,6507_7_4_25528_25551_0.jpg,1
917,6507_7_4_25528_25551_1.jpg,1
918,6507_7_4_25531_25545_0.jpg,1
919,6507_7_4_25531_25545_1.jpg,1
920,6507_7_4_25534_25557_0.jpg,1
921,6507_7_4_25534_25557_1.jpg,1
922,6507_7_4_25540_25563_0.jpg,1
923,6507_7_4_25540_25563_1.jpg,1
924,6507_7_4_25561_25583_0.jpg,1
925,6507_7_4_25561_25583_1.jpg,1
926,6507_7_4_25567_25590_0.jpg,1
927,6507_7_4_25567_25590_1.jpg,1
928,6507_7_4_25573_25596_0.jpg,1
929,6507_7_4_25573_25596_1.jpg,1
930,6507_7_4_25579_25702_0.jpg,1
931,6507_7_4_25579_25702_1.jpg,1
932,6507_7_4_25582_25605_0.jpg,1
933,6507_7_4_25582_25605_1.jpg,1
934,6507_7_4_25588_25611_0.jpg,1
935,6507_7_4_25588_25611_1.jpg,1
936,6507_7_4_25594_25617_0.jpg,0
937,6507_7_4_25594_25617_1.jpg,0
938,6507_7_4_25600_25623_0.jpg,1
939,6507_7_4_25600_25623_1.jpg,1
940,6507_7_4_25616_25638_0.jpg,1
941,6507_7_4_25616_25638_1.jpg,1
942,6507_7_4_25621_25644_0.jpg,1
943,6507_7_4_25621_25644_1.jpg,1
944,6507_7_4_25627_25650_0.jpg,1
945,6507_7_4_25627_25650_1.jpg,1
946,6507_7_4_25634_25656_0.jpg,1
947,6507_7_4_25634_25656_1.jpg,1
948,6507_7_4_25636_25659_0.jpg,1
949,6507_7_4_25636_25659_1.jpg,1
950,6507_7_4_25639_25653_0.jpg,1
951,6507_7_4_25639_25653_1.jpg,1
952,6507_7_4_25642_25665_0.jpg,1
953,6507_7_4_25642_25665_1.jpg,1
954,6507_7_4_25646_25569_0.jpg,1
955,6507_7_4_25646_25569_1.jpg,1
956,6507_7_4_25648_25671_0.jpg,1
957,6507_7_4_25648_25671_1.jpg,1
958,6507_7_4_25654_25677_0.jpg,1
959,6507_7_4_25654_25677_1.jpg,1
960,6507_7_4_25672_25691_0.jpg,1
961,6507_7_4_25672_25691_1.jpg,1
962,6507_7_4_25675_25698_0.jpg,1
963,6507_7_4_25675_25698_1.jpg,1
964,6507_7_4_25681_25704_0.jpg,1
965,6507_7_4_25681_25704_1.jpg,1
966,6507_7_4_25687_25710_0.jpg,1
967,6507_7_4_25687_25710_1.jpg,1
968,6507_7_4_25690_25713_0.jpg,1
969,6507_7_4_25690_25713_1.jpg,1
970,6507_7_4_25693_25707_0.jpg,1
971,6507_7_4_25693_25707_1.jpg,1
972,6507_7_4_25696_25719_0.jpg,1
973,6507_7_4_25696_25719_1.jpg,1
974,6507_7_4_25702_25725_0.jpg,1
975,6507_7_4_25702_25725_1.jpg,1
976,6507_7_4_25708_25730_0.jpg,1
977,6507_7_4_25708_25730_1.jpg,1
978,6507_7_4_25723_25735_0.jpg,1
979,6507_7_4_25723_25735_1.jpg,1
980,6507_7_4_25788_25805_0.jpg,1
981,6507_7_4_25788_25805_1.jpg,1
982,6507_7_4_25788_25811_0.jpg,1
983,6507_7_4_25788_25811_1.jpg,1
984,6507_7_4_25794_25817_0.jpg,1
985,6507_7_4_25794_25817_1.jpg,1
986,6507_7_4_25800_25823_0.jpg,1
987,6507_7_4_25800_25823_1.jpg,1
988,6507_7_4_25803_25826_0.jpg,1
989,6507_7_4_25803_25826_0.jpg,1
990,6507_7_4_25803_25826_1.jpg,1
991,6507_7_4_25803_25826_1.jpg,1
992,6507_7_4_25806_25820_0.jpg,1
993,6507_7_4_25806_25820_1.jpg,1
994,6507_7_4_25809_25832_0.jpg,1
995,6507_7_4_25809_25832_1.jpg,1
996,6507_7_4_25815_25838_0.jpg,1
997,6507_7_4_25815_25838_1.jpg,1
998,6507_7_4_25821_25843_0.jpg,1
999,6507_7_4_25821_25843_1.jpg,1
1000,6507_7_4_25837_25859_0.jpg,1
1001,6507_7_4_25837_25859_1.jpg,1
1002,6507_7_4_25842_25865_0.jpg,1
1003,6507_7_4_25842_25865_1.jpg,1
1004,6507_7_4_25848_25871_0.jpg,1
1005,6507_7_4_25848_25871_1.jpg,1
1006,6507_7_4_25854_25877_0.jpg,1
1007,6507_7_4_25854_25877_1.jpg,1
1008,6507_7_4_25857_25880_0.jpg,1
1009,6507_7_4_25857_25880_1.jpg,1
1010,6507_7_4_25860_25874_0.jpg,3
1011,6507_7_4_25860_25874_1.jpg,3
1012,6507_7_4_25863_25886_0.jpg,1
1013,6507_7_4_25863_25886_1.jpg,1
1014,6507_7_4_25869_25892_0.jpg,1
1015,6507_7_4_25869_25892_1.jpg,1
1016,6507_7_4_25875_25897_0.jpg,1
1017,6507_7_4_25875_25897_1.jpg,1
1018,6507_7_4_25891_25903_0.jpg,1
1019,6507_7_4_25891_25903_1.jpg,1
1020,6507_7_4_25896_25919_0.jpg,1
1021,6507_7_4_25896_25919_1.jpg,1
1022,6507_7_4_25902_25925_0.jpg,1
1023,6507_7_4_25902_25925_1.jpg,1
1024,6507_7_4_25904_25931_0.jpg,1
1025,6507_7_4_25904_25931_1.jpg,1
1026,6507_7_4_25911_25934_0.jpg,1
1027,6507_7_4_25911_25934_1.jpg,1
1028,6507_7_4_25914_25928_0.jpg,1
1029,6507_7_4_25914_25928_1.jpg,1
1030,6507_7_4_25917_25940_0.jpg,1
1031,6507_7_4_25917_25940_1.jpg,1
1032,6507_7_4_25923_25946_0.jpg,1
1033,6507_7_4_25923_25946_1.jpg,1
1034,6507_7_4_25929_25951_0.jpg,1
1035,6507_7_4_25929_25951_1.jpg,1
1036,6507_7_4_25944_25967_0.jpg,1
1037,6507_7_4_25944_25967_1.jpg,1
1038,6507_7_4_25950_25973_0.jpg,1
1039,6507_7_4_25950_25973_1.jpg,1
1040,6507_7_4_25956_25979_0.jpg,1
1041,6507_7_4_25956_25979_1.jpg,1
1042,6507_7_4_25962_25985_0.jpg,1
1043,6507_7_4_25962_25985_1.jpg,1
1044,6507_7_4_25965_25988_0.jpg,1
1045,6507_7_4_25965_25988_1.jpg,1
1046,6507_7_4_25968_25982_0.jpg,1
1047,6507_7_4_25968_25982_1.jpg,1
1048,6507_7_4_25971_25994_0.jpg,1
1049,6507_7_4_25971_25994_1.jpg,1
1050,6507_7_4_25977_26000_0.jpg,1
1051,6507_7_4_25977_26000_1.jpg,1
1052,6507_7_4_25983_26005_0.jpg,1
1053,6507_7_4_25983_26005_1.jpg,1
1054,6507_7_4_25998_26021_0.jpg,1
1055,6507_7_4_25998_26021_1.jpg,1
1056,6507_7_4_26008_26031_0.jpg,1
1057,6507_7_4_26008_26031_1.jpg,1
1058,6507_7_4_26014_26037_0.jpg,1
1059,6507_7_4_26014_26037_1.jpg,1
1060,6507_7_4_26020_26043_0.jpg,0
1061,6507_7_4_26020_26043_1.jpg,0
1062,6507_7_4_26026_26049_0.jpg,0
1063,6507_7_4_26026_26049_1.jpg,0
1064,6507_7_4_26029_26052_0.jpg,0
1065,6507_7_4_26029_26052_1.jpg,0
1066,6507_7_4_26032_26046_0.jpg,0
1067,6507_7_4_26032_26046_1.jpg,0
1068,6507_7_4_26035_26058_0.jpg,0
1069,6507_7_4_26035_26058_1.jpg,0
1070,6507_7_4_26041_26064_0.jpg,0
1071,6507_7_4_26041_26064_0.jpg,0
1072,6507_7_4_26041_26064_1.jpg,0
1073,6507_7_4_26041_26064_1.jpg,0
1074,6507_7_4_26047_26070_0.jpg,2
1075,6507_7_4_26047_26070_1.jpg,2
1076,6507_7_4_26062_26085_0.jpg,2
1077,6507_7_4_26062_26085_1.jpg,2
1078,6507_7_4_26068_26091_0.jpg,2
1079,6507_7_4_26068_26091_1.jpg,2
1080,6507_7_4_26074_26097_0.jpg,2
1081,6507_7_4_26074_26097_1.jpg,2
1082,6507_7_4_26080_26103_0.jpg,2
1083,6507_7_4_26080_26103_1.jpg,2
1084,6507_7_4_26083_26106_0.jpg,0
1085,6507_7_4_26083_26106_1.jpg,0
1086,6507_7_4_26086_26100_0.jpg,0
1087,6507_7_4_26086_26100_1.jpg,0
1088,6507_7_4_26089_26112_0.jpg,1
1089,6507_7_4_26089_26112_1.jpg,1
1090,6507_7_4_26095_26118_0.jpg,1
1091,6507_7_4_26095_26118_1.jpg,1
1092,6507_7_4_26116_26139_0.jpg,4
1093,6507_7_4_26116_26139_1.jpg,4
1094,6507_7_4_26128_26145_0.jpg,4
1095,6507_7_4_26128_26145_1.jpg,4
1096,6507_7_4_26137_26160_0.jpg,4
1097,6507_7_4_26137_26160_1.jpg,4
1098,6507_7_4_26140_26154_0.jpg,4
1099,6507_7_4_26140_26154_1.jpg,4
1100,6507_7_4_26142_26157_0.jpg,4
1101,6507_7_4_26142_26157_1.jpg,4
1102,6507_7_4_26143_26166_0.jpg,4
1103,6507_7_4_26143_26166_1.jpg,4
1104,6507_7_4_26149_26172_0.jpg,4
1105,6507_7_4_26149_26172_1.jpg,4
1106,6507_7_4_26170_26193_0.jpg,0
1107,6507_7_4_26170_26193_1.jpg,0
1108,6507_7_4_26191_26214_0.jpg,1
1109,6507_7_4_26191_26214_1.jpg,1
1110,6507_7_4_26194_26208_0.jpg,1
1111,6507_7_4_26194_26208_1.jpg,1
1112,6507_7_4_26197_26220_0.jpg,1
1113,6507_7_4_26197_26220_1.jpg,1
1114,6507_7_4_26203_26226_0.jpg,1
1115,6507_7_4_26203_26226_1.jpg,1
1116,6507_7_4_26209_26231_0.jpg,1
1117,6507_7_4_26209_26231_1.jpg,1
1118,6507_7_4_26236_26259_0.jpg,1
1119,6507_7_4_26236_26259_1.jpg,1
1120,6507_7_4_26242_26265_0.jpg,1
1121,6507_7_4_26242_26265_1.jpg,1
1122,6507_7_4_26248_26262_0.jpg,1
1123,6507_7_4_26248_26262_1.jpg,1
1124,6507_7_4_26251_26274_0.jpg,1
1125,6507_7_4_26251_26274_1.jpg,1
1126,6507_7_4_26257_26280_0.jpg,1
1127,6507_7_4_26257_26280_1.jpg,1
1128,6507_7_4_26263_25286_0.jpg,1
1129,6507_7_4_26263_25286_1.jpg,1
1130,6507_7_4_26278_26301_0.jpg,1
1131,6507_7_4_26278_26301_1.jpg,1
1132,6507_7_4_26284_26299_0.jpg,1
1133,6507_7_4_26284_26299_1.jpg,1
1134,6507_7_4_26304_26327_0.jpg,1
1135,6507_7_4_26304_26327_1.jpg,1
1136,6507_7_4_26310_26333_0.jpg,1
1137,6507_7_4_26310_26333_1.jpg,1
1138,6507_7_4_26316_26339_0.jpg,1
1139,6507_7_4_26316_26339_1.jpg,1
1140,6507_7_4_26322_26344_0.jpg,1
1141,6507_7_4_26322_26344_1.jpg,1
1142,6507_7_4_26337_26359_0.jpg,1
1143,6507_7_4_26337_26359_1.jpg,1
1144,6507_7_4_26343_26366_0.jpg,1
1145,6507_7_4_26343_26366_1.jpg,1
1146,6507_7_4_26355_26378_0.jpg,0
1147,6507_7_4_26355_26378_1.jpg,0
1148,6507_7_4_26361_26375_0.jpg,0
1149,6507_7_4_26361_26375_1.jpg,0
1150,6507_7_4_26370_26393_0.jpg,1
1151,6507_7_4_26370_26393_1.jpg,1
1152,6507_7_4_26391_26414_0.jpg,1
1153,6507_7_4_26391_26414_1.jpg,1
1154,6507_7_4_26403_26426_0.jpg,0
1155,6507_7_4_26403_26426_1.jpg,0
1156,6507_7_4_26409_26432_0.jpg,0
1157,6507_7_4_26409_26432_1.jpg,0
1158,6507_7_4_26415_26429_0.jpg,0
1159,6507_7_4_26415_26429_1.jpg,0
1160,6507_7_4_26418_26441_0.jpg,1
1161,6507_7_4_26418_26441_1.jpg,1
1162,6507_7_4_26424_26447_0.jpg,1
1163,6507_7_4_26424_26447_1.jpg,1
1164,6507_7_4_26430_26453_0.jpg,1
1165,6507_7_4_26430_26453_1.jpg,1
1166,6507_7_4_26451_26474_0.jpg,1
1167,6507_7_4_26451_26474_1.jpg,1
1168,6507_7_4_26457_26480_0.jpg,1
1169,6507_7_4_26457_26480_1.jpg,1
1170,6507_7_4_26463_26486_0.jpg,1
1171,6507_7_4_26463_26486_1.jpg,1
1172,6507_7_4_26466_26489_0.jpg,1
1173,6507_7_4_26466_26489_1.jpg,1
1174,6507_7_4_26469_26483_0.jpg,1
1175,6507_7_4_26469_26483_1.jpg,1
1176,6507_7_4_26472_26495_0.jpg,0
1177,6507_7_4_26472_26495_1.jpg,0
1178,6507_7_4_26478_26501_0.jpg,0
1179,6507_7_4_26478_26501_1.jpg,0
1180,6507_7_4_26484_26507_0.jpg,0
1181,6507_7_4_26484_26507_1.jpg,0
1182,6507_7_4_26499_26522_0.jpg,0
1183,6507_7_4_26499_26522_1.jpg,0
1184,6507_7_4_26505_26528_0.jpg,0
1185,6507_7_4_26505_26528_1.jpg,0
1186,6507_7_4_26511_26534_0.jpg,0
1187,6507_7_4_26511_26534_1.jpg,0
1188,6507_7_4_26517_26540_0.jpg,0
1189,6507_7_4_26517_26540_1.jpg,0
1190,6507_7_4_26520_26543_0.jpg,1
1191,6507_7_4_26520_26543_1.jpg,1
1192,6507_7_4_26523_26537_0.jpg,1
1193,6507_7_4_26523_26537_1.jpg,1
1194,6507_7_4_26526_26549_0.jpg,1
1195,6507_7_4_26526_26549_1.jpg,1
1196,6507_7_4_26532_26555_0.jpg,1
1197,6507_7_4_26532_26555_1.jpg,1
1198,6507_7_4_26538_26561_0.jpg,1
1199,6507_7_4_26538_26561_1.jpg,1
1200,6507_7_4_26553_26576_0.jpg,1
1201,6507_7_4_26553_26576_1.jpg,1
1202,6507_7_4_26563_26586_0.jpg,1
1203,6507_7_4_26563_26586_1.jpg,1
1204,6507_7_4_26567_26565_0.jpg,1
1205,6507_7_4_26567_26565_1.jpg,1
1206,6507_7_4_26569_26592_0.jpg,1
1207,6507_7_4_26569_26592_1.jpg,1
1208,6507_7_4_26575_26598_0.jpg,1
1209,6507_7_4_26575_26598_1.jpg,1
1210,6507_7_4_26581_26604_0.jpg,1
1211,6507_7_4_26581_26604_1.jpg,1
1212,6507_7_4_26584_26009_0.jpg,1
1213,6507_7_4_26584_26009_1.jpg,1
1214,6507_7_4_26587_26601_0.jpg,1
1215,6507_7_4_26587_26601_1.jpg,1
1216,6507_7_4_26590_26613_0.jpg,1
1217,6507_7_4_26590_26613_1.jpg,1
1218,6507_7_4_26596_26619_0.jpg,1
1219,6507_7_4_26596_26619_1.jpg,1
1220,6507_7_4_26602_26624_0.jpg,1
1221,6507_7_4_26602_26624_1.jpg,1
1222,6507_7_4_26617_26640_0.jpg,1
1223,6507_7_4_26617_26640_1.jpg,1
1224,6507_7_4_26623_26646_0.jpg,1
1225,6507_7_4_26623_26646_1.jpg,1
1226,6507_7_4_26629_26652_0.jpg,1
1227,6507_7_4_26629_26652_1.jpg,1
1228,6507_7_4_26638_26661_0.jpg,1
1229,6507_7_4_26638_26661_1.jpg,1
1230,6507_7_4_26641_26655_0.jpg,0
1231,6507_7_4_26641_26655_1.jpg,0
1232,6507_7_4_26644_26667_0.jpg,1
1233,6507_7_4_26644_26667_1.jpg,1
1234,6507_7_4_26650_26673_0.jpg,1
1235,6507_7_4_26650_26673_1.jpg,1
1236,6507_7_4_26656_26679_0.jpg,1
1237,6507_7_4_26656_26679_1.jpg,1
1238,6507_7_4_26671_26694_0.jpg,1
1239,6507_7_4_26671_26694_1.jpg,1
1240,6507_7_4_26677_26700_0.jpg,1
1241,6507_7_4_26677_26700_1.jpg,1
1242,6507_7_4_26683_26706_0.jpg,1
1243,6507_7_4_26683_26706_1.jpg,1
1244,6507_7_4_26689_26712_0.jpg,1
1245,6507_7_4_26689_26712_1.jpg,1
1246,6507_7_4_26692_26715_0.jpg,1
1247,6507_7_4_26692_26715_1.jpg,1
1248,6507_7_4_26695_26709_0.jpg,1
1249,6507_7_4_26695_26709_1.jpg,1
1250,6507_7_4_26698_26721_0.jpg,1
1251,6507_7_4_26698_26721_1.jpg,1
1252,6507_7_4_26704_26727_0.jpg,1
1253,6507_7_4_26704_26727_1.jpg,1
1254,6507_7_4_26710_26733_0.jpg,1
1255,6507_7_4_26710_26733_1.jpg,1
1256,6507_7_4_26725_26748_0.jpg,1
1257,6507_7_4_26725_26748_1.jpg,1
1258,6507_7_4_26731_26754_0.jpg,1
1259,6507_7_4_26731_26754_1.jpg,1
1260,6507_7_4_26737_26760_0.jpg,1
1261,6507_7_4_26737_26760_1.jpg,1
1262,6507_7_4_26743_26766_0.jpg,1
1263,6507_7_4_26743_26766_1.jpg,1
1264,6507_7_4_26746_26764_0.jpg,1
1265,6507_7_4_26746_26764_1.jpg,1
1266,6507_7_4_26749_26763_0.jpg,1
1267,6507_7_4_26749_26763_1.jpg,1
1268,6507_7_4_26752_26775_0.jpg,1
1269,6507_7_4_26752_26775_1.jpg,1
1270,6507_7_4_26758_26781_0.jpg,1
1271,6507_7_4_26758_26781_1.jpg,1
1272,6507_7_4_26764_26787_0.jpg,1
1273,6507_7_4_26764_26787_1.jpg,1
1274,6507_7_4_26779_26802_0.jpg,1
1275,6507_7_4_26779_26802_1.jpg,1
1276,6507_7_4_26785_26808_0.jpg,0
1277,6507_7_4_26785_26808_1.jpg,0
1278,6507_7_4_26791_26814_0.jpg,1
1279,6507_7_4_26791_26814_1.jpg,1
1280,6507_7_4_26797_26820_0.jpg,1
1281,6507_7_4_26797_26820_1.jpg,1
1282,6507_7_4_26800_26823_0.jpg,1
1283,6507_7_4_26800_26823_1.jpg,1
1284,6507_7_4_26803_26817_0.jpg,1
1285,6507_7_4_26803_26817_1.jpg,1
1286,6507_7_4_26806_26829_0.jpg,1
1287,6507_7_4_26806_26829_1.jpg,1
1288,6507_7_4_26812_26835_0.jpg,1
1289,6507_7_4_26812_26835_1.jpg,1
1290,6507_7_4_26818_26841_0.jpg,1
1291,6507_7_4_26818_26841_1.jpg,1
1292,6507_7_4_26833_26856_0.jpg,0
1293,6507_7_4_26833_26856_1.jpg,0
1294,6507_7_4_26838_26861_0.jpg,1
1295,6507_7_4_26838_26861_1.jpg,1
1296,6507_7_4_26844_26867_0.jpg,1
1297,6507_7_4_26844_26867_1.jpg,1
1298,6507_7_4_26847_26845_0.jpg,0
1299,6507_7_4_26847_26845_1.jpg,0
1300,6507_7_4_26850_26873_0.jpg,1
1301,6507_7_4_26850_26873_1.jpg,1
1302,6507_7_4_26856_26879_0.jpg,1
1303,6507_7_4_26856_26879_1.jpg,1
1304,6507_7_4_26859_26882_0.jpg,4
1305,6507_7_4_26859_26882_1.jpg,4
1306,6507_7_4_26862_26876_0.jpg,4
1307,6507_7_4_26862_26876_1.jpg,4
1308,6507_7_4_26865_26838_0.jpg,4
1309,6507_7_4_26865_26838_1.jpg,4
1310,6507_7_4_26871_26894_0.jpg,1
1311,6507_7_4_26871_26894_1.jpg,1
1312,6507_7_4_26877_26900_0.jpg,1
1313,6507_7_4_26877_26900_1.jpg,1
1314,6507_7_4_26892_26915_0.jpg,1
1315,6507_7_4_26892_26915_1.jpg,1
1316,6507_7_4_26898_26921_0.jpg,1
1317,6507_7_4_26898_26921_1.jpg,1
1318,6507_7_4_26904_26927_0.jpg,1
1319,6507_7_4_26904_26927_1.jpg,1
1320,6507_7_4_26910_26933_0.jpg,1
1321,6507_7_4_26910_26933_1.jpg,1
1322,6507_7_4_26913_26936_0.jpg,1
1323,6507_7_4_26913_26936_1.jpg,1
1324,6507_7_4_26916_26930_0.jpg,1
1325,6507_7_4_26916_26930_1.jpg,1
1326,6507_7_4_26919_26942_0.jpg,1
1327,6507_7_4_26919_26942_1.jpg,1
1328,6507_7_4_26925_26948_0.jpg,1
1329,6507_7_4_26925_26948_1.jpg,1
1330,6507_7_4_26931_26954_0.jpg,0
1331,6507_7_4_26931_26954_1.jpg,0
1332,6507_7_4_26946_26969_0.jpg,1
1333,6507_7_4_26946_26969_1.jpg,1
1334,6507_7_4_26952_26975_0.jpg,1
1335,6507_7_4_26952_26975_1.jpg,1
1336,6507_7_4_26958_26981_0.jpg,1
1337,6507_7_4_26958_26981_1.jpg,1
1338,6507_7_4_26964_26987_0.jpg,1
1339,6507_7_4_26964_26987_1.jpg,1
1340,6507_7_4_26967_26990_0.jpg,1
1341,6507_7_4_26967_26990_1.jpg,1
1342,6507_7_4_26970_26984_0.jpg,1
1343,6507_7_4_26970_26984_1.jpg,1
1344,6507_7_4_26973_26996_0.jpg,1
1345,6507_7_4_26973_26996_1.jpg,1
1346,6507_7_4_26979_27002_0.jpg,1
1347,6507_7_4_26979_27002_1.jpg,1
1348,6507_7_4_26985_27008_0.jpg,1
1349,6507_7_4_26985_27008_1.jpg,1
1350,6507_7_4_27000_27023_0.jpg,1
1351,6507_7_4_27000_27023_1.jpg,1
1352,6507_7_4_27006_27027_0.jpg,1
1353,6507_7_4_27006_27027_1.jpg,1
1354,6507_7_4_27012_27035_0.jpg,1
1355,6507_7_4_27012_27035_1.jpg,1
1356,6507_7_4_27018_27041_0.jpg,1
1357,6507_7_4_27018_27041_1.jpg,1
1358,6507_7_4_27021_27044_0.jpg,1
1359,6507_7_4_27021_27044_1.jpg,1
1360,6507_7_4_27024_27038_0.jpg,1
1361,6507_7_4_27024_27038_1.jpg,1
1362,6507_7_4_27027_27050_0.jpg,1
1363,6507_7_4_27027_27050_1.jpg,1
1364,6507_7_4_27033_27056_0.jpg,1
1365,6507_7_4_27033_27056_1.jpg,1
1366,6507_7_4_27039_27062_0.jpg,1
1367,6507_7_4_27039_27062_1.jpg,1
1368,6507_7_4_27054_27077_0.jpg,1
1369,6507_7_4_27054_27077_1.jpg,1
1370,6507_7_4_27060_27083_0.jpg,1
1371,6507_7_4_27060_27083_1.jpg,1
1372,6507_7_4_27066_27089_0.jpg,0
1373,6507_7_4_27066_27089_0.jpg,0
1374,6507_7_4_27066_27089_1.jpg,0
1375,6507_7_4_27066_27089_1.jpg,0
1376,6507_7_4_27072_27095_0.jpg,0
1377,6507_7_4_27072_27095_1.jpg,0
1378,6507_7_4_27075_27098_0.jpg,0
1379,6507_7_4_27075_27098_1.jpg,0
1380,6507_7_4_27078_27092_0.jpg,0
1381,6507_7_4_27078_27092_0.jpg,0
1382,6507_7_4_27078_27092_1.jpg,0
1383,6507_7_4_27078_27092_1.jpg,0
1384,6507_7_4_27081_27104_0.jpg,1
1385,6507_7_4_27081_27104_1.jpg,1
1386,6507_7_4_27087_27110_0.jpg,0
1387,6507_7_4_27087_27110_1.jpg,0
1388,6507_7_4_27093_27116_0.jpg,1
1389,6507_7_4_27093_27116_1.jpg,1
1390,6507_7_4_27108_27125_0.jpg,1
1391,6507_7_4_27108_27125_1.jpg,1
1392,6507_7_4_27113_27136_0.jpg,1
1393,6507_7_4_27113_27136_1.jpg,1
1394,6507_7_4_27119_27142_0.jpg,1
1395,6507_7_4_27119_27142_1.jpg,1
1396,6507_7_4_27125_27148_0.jpg,1
1397,6507_7_4_27125_27148_1.jpg,1
1398,6507_7_4_27131_27154_0.jpg,1
1399,6507_7_4_27131_27154_1.jpg,1
1400,6507_7_4_27134_27157_0.jpg,1
1401,6507_7_4_27134_27157_1.jpg,1
1402,6507_7_4_27137_27151_0.jpg,1
1403,6507_7_4_27137_27151_1.jpg,1
1404,6507_7_4_27140_27163_0.jpg,1
1405,6507_7_4_27140_27163_1.jpg,1
1406,6507_7_4_27146_27169_0.jpg,1
1407,6507_7_4_27146_27169_1.jpg,1
1408,6507_7_4_27152_27175_0.jpg,1
1409,6507_7_4_27152_27175_1.jpg,1
1410,6507_7_4_27167_27190_0.jpg,1
1411,6507_7_4_27167_27190_1.jpg,1
1412,6507_7_4_27173_27190_0.jpg,1
1413,6507_7_4_27173_27190_1.jpg,1
1414,6507_7_4_27179_27202_0.jpg,1
1415,6507_7_4_27179_27202_1.jpg,1
1416,6507_7_4_27185_27208_0.jpg,0
1417,6507_7_4_27185_27208_1.jpg,0
1418,6507_7_4_27188_27211_0.jpg,1
1419,6507_7_4_27188_27211_1.jpg,1
1420,6507_7_4_27191_27205_0.jpg,1
1421,6507_7_4_27191_27205_1.jpg,1
1422,6507_7_4_27194_27217_0.jpg,1
1423,6507_7_4_27194_27217_1.jpg,1
1424,6507_7_4_27200_27223_0.jpg,1
1425,6507_7_4_27200_27223_1.jpg,1
1426,6507_7_4_27206_27229_0.jpg,1
1427,6507_7_4_27206_27229_1.jpg,1
1428,6507_7_4_27221_27244_0.jpg,1
1429,6507_7_4_27221_27244_1.jpg,1
1430,6507_7_4_27227_27250_0.jpg,1
1431,6507_7_4_27227_27250_1.jpg,1
1432,6507_7_4_27233_27256_0.jpg,1
1433,6507_7_4_27233_27256_1.jpg,1
1434,6507_7_4_27239_27262_0.jpg,1
1435,6507_7_4_27239_27262_1.jpg,1
1436,6507_7_4_27242_27265_0.jpg,1
1437,6507_7_4_27242_27265_1.jpg,1
1438,6507_7_4_27245_27259_0.jpg,1
1439,6507_7_4_27245_27259_1.jpg,1
1440,6507_7_4_27248_27271_0.jpg,1
1441,6507_7_4_27248_27271_1.jpg,1
1442,6507_7_4_27254_27277_0.jpg,1
1443,6507_7_4_27254_27277_1.jpg,1
1444,6507_7_4_27260_27283_0.jpg,1
1445,6507_7_4_27260_27283_1.jpg,1
1446,6507_7_4_27275_27298_0.jpg,1
1447,6507_7_4_27275_27298_1.jpg,1
1448,6507_7_4_27281_27304_0.jpg,1
1449,6507_7_4_27281_27304_1.jpg,1
1450,6507_7_4_27287_27310_0.jpg,1
1451,6507_7_4_27287_27310_1.jpg,1
1452,6507_7_4_27293_27316_0.jpg,1
1453,6507_7_4_27293_27316_1.jpg,1
1454,6507_7_4_27296_27319_0.jpg,1
1455,6507_7_4_27296_27319_1.jpg,1
1456,6507_7_4_27299_27313_0.jpg,1
1457,6507_7_4_27299_27313_1.jpg,1
1458,6507_7_4_27302_27326_0.jpg,1
1459,6507_7_4_27302_27326_1.jpg,1
1460,6507_7_4_27308_27332_0.jpg,1
1461,6507_7_4_27308_27332_1.jpg,1
1462,6507_7_4_27314_27337_0.jpg,1
1463,6507_7_4_27314_27337_1.jpg,1
1464,6507_7_4_27329_27352_0.jpg,0
1465,6507_7_4_27329_27352_1.jpg,0
1466,6507_7_4_27335_27358_0.jpg,1
1467,6507_7_4_27335_27358_1.jpg,1
1468,6507_7_4_27341_27364_0.jpg,0
1469,6507_7_4_27341_27364_1.jpg,0
1470,6507_7_4_27347_27370_0.jpg,1
1471,6507_7_4_27347_27370_1.jpg,1
1472,6507_7_4_27350_27374_0.jpg,1
1473,6507_7_4_27350_27374_1.jpg,1
1474,6507_7_4_27353_27367_0.jpg,1
1475,6507_7_4_27353_27367_1.jpg,1
1476,6507_7_4_27356_27380_0.jpg,1
1477,6507_7_4_27356_27380_1.jpg,1
1478,6507_7_4_27362_27386_0.jpg,1
1479,6507_7_4_27362_27386_1.jpg,1
1480,6507_7_4_27368_27390_0.jpg,1
1481,6507_7_4_27368_27390_1.jpg,1
1482,6507_7_4_27383_27406_0.jpg,0
1483,6507_7_4_27383_27406_1.jpg,0
1484,6507_7_4_27388_27411_0.jpg,1
1485,6507_7_4_27388_27411_1.jpg,1
1486,6507_7_4_27394_27417_0.jpg,1
1487,6507_7_4_27394_27417_1.jpg,1
1488,6507_7_4_27400_27423_0.jpg,1
1489,6507_7_4_27400_27423_1.jpg,1
1490,6507_7_4_27406_27429_0.jpg,1
1491,6507_7_4_27406_27429_1.jpg,1
1492,6507_7_4_27409_27432_0.jpg,1
1493,6507_7_4_27409_27432_1.jpg,1
1494,6507_7_4_27412_27426_0.jpg,1
1495,6507_7_4_27412_27426_1.jpg,1
1496,6507_7_4_27415_27438_0.jpg,1
1497,6507_7_4_27415_27438_1.jpg,1
1498,6507_7_4_27421_27444_0.jpg,1
1499,6507_7_4_27421_27444_1.jpg,1
1500,6507_7_4_27427_27449_0.jpg,1
1501,6507_7_4_27427_27449_1.jpg,1
1502,6507_7_4_27442_27465_0.jpg,1
1503,6507_7_4_27442_27465_1.jpg,1
1504,6507_7_4_27448_27471_0.jpg,1
1505,6507_7_4_27448_27471_1.jpg,1
1506,6507_7_4_27454_27477_0.jpg,1
1507,6507_7_4_27454_27477_1.jpg,1
1508,6507_7_4_27460_27483_0.jpg,1
1509,6507_7_4_27460_27483_1.jpg,1
1510,6507_7_4_27463_27487_0.jpg,1
1511,6507_7_4_27463_27487_1.jpg,1
1512,6507_7_4_27466_27480_0.jpg,1
1513,6507_7_4_27466_27480_1.jpg,1
1514,6507_7_4_27469_27492_0.jpg,1
1515,6507_7_4_27469_27492_1.jpg,1
1516,6507_7_4_27475_27498_0.jpg,1
1517,6507_7_4_27475_27498_1.jpg,1
1518,6507_7_4_27481_27504_0.jpg,1
1519,6507_7_4_27481_27504_1.jpg,1
1520,6507_7_4_27496_27519_0.jpg,0
1521,6507_7_4_27496_27519_1.jpg,0
1522,6507_7_4_27502_27525_0.jpg,0
1523,6507_7_4_27502_27525_1.jpg,0
1524,6507_7_4_27508_27531_0.jpg,0
1525,6507_7_4_27508_27531_1.jpg,0
1526,6507_7_4_27514_27537_0.jpg,0
1527,6507_7_4_27514_27537_1.jpg,0
1528,6507_7_4_27517_27536_0.jpg,0
1529,6507_7_4_27517_27536_1.jpg,0
1530,6507_7_4_27520_27544_0.jpg,0
1531,6507_7_4_27520_27544_1.jpg,0
1532,6507_7_4_27523_27546_0.jpg,0
1533,6507_7_4_27523_27546_1.jpg,0
1534,6507_7_4_27529_27552_0.jpg,0
1535,6507_7_4_27529_27552_1.jpg,0
1536,6507_7_4_27535_27558_0.jpg,0
1537,6507_7_4_27535_27558_1.jpg,0
1538,6507_7_4_27550_27573_0.jpg,0
1539,6507_7_4_27550_27573_1.jpg,0
1540,6507_7_4_27556_27579_0.jpg,1
1541,6507_7_4_27556_27579_1.jpg,1
1542,6507_7_4_27562_27585_0.jpg,1
1543,6507_7_4_27562_27585_1.jpg,1
1544,6507_7_4_27568_27591_0.jpg,1
1545,6507_7_4_27568_27591_1.jpg,1
1546,6507_7_4_27571_27595_0.jpg,1
1547,6507_7_4_27571_27595_1.jpg,1
1548,6507_7_4_27574_27589_0.jpg,1
1549,6507_7_4_27574_27589_1.jpg,1
1550,6507_7_4_27577_27597_0.jpg,1
1551,6507_7_4_27577_27597_1.jpg,1
1552,6507_7_4_27583_27607_0.jpg,1
1553,6507_7_4_27583_27607_1.jpg,1
1554,6507_7_4_27589_27613_0.jpg,1
1555,6507_7_4_27589_27613_1.jpg,1
1556,6507_7_4_27604_27627_0.jpg,1
1557,6507_7_4_27604_27627_1.jpg,1
1558,6507_7_4_27610_27633_0.jpg,1
1559,6507_7_4_27610_27633_1.jpg,1
1560,6507_7_4_27616_27639_0.jpg,1
1561,6507_7_4_27616_27639_1.jpg,1
1562,6507_7_4_27622_27645_0.jpg,1
1563,6507_7_4_27622_27645_1.jpg,1
1564,6507_7_4_27625_27649_0.jpg,1
1565,6507_7_4_27625_27649_1.jpg,1
1566,6507_7_4_27628_27642_0.jpg,1
1567,6507_7_4_27628_27642_1.jpg,1
1568,6507_7_4_27631_27655_0.jpg,1
1569,6507_7_4_27631_27655_1.jpg,1
1570,6507_7_4_27637_27660_0.jpg,1
1571,6507_7_4_27637_27660_1.jpg,1
1572,6507_7_4_27643_27665_0.jpg,1
1573,6507_7_4_27643_27665_1.jpg,1
1574,6507_7_4_27666_27668_0.jpg,1
1575,6507_7_4_27666_27668_1.jpg,1
1576,6506_12_5_3148_3149_0.jpg,3
1577,6506_12_5_3148_3149_1.jpg,3
1578,6506_12_5_3149_3150_0.jpg,3
1579,6506_12_5_3149_3150_1.jpg,3
1580,6506_12_5_3150_3151_0.jpg,3
1581,6506_12_5_3150_3151_1.jpg,3
1582,6506_12_5_3151_3152_0.jpg,7
1583,6506_12_5_3151_3152_1.jpg,7
1584,6506_12_5_3152_3153_0.jpg,7
1585,6506_12_5_3152_3153_1.jpg,7
1586,6506_12_5_3153_3154_0.jpg,7
1587,6506_12_5_3153_3154_1.jpg,7
1588,6506_12_5_3154_3155_0.jpg,7
1589,6506_12_5_3154_3155_1.jpg,7
1590,6506_12_5_3155_3156_0.jpg,7
1591,6506_12_5_3155_3156_1.jpg,7
1592,6506_12_5_3156_3157_0.jpg,5
1593,6506_12_5_3156_3157_1.jpg,5
1594,6506_12_5_3157_3158_0.jpg,4
1595,6506_12_5_3157_3158_1.jpg,4
1596,6506_12_5_3158_3159_0.jpg,4
1597,6506_12_5_3158_3159_1.jpg,4
1598,6506_12_5_3159_3160_0.jpg,5
1599,6506_12_5_3159_3160_1.jpg,5
1600,6506_12_5_3160_3161_0.jpg,5
1601,6506_12_5_3160_3161_1.jpg,5
1602,6506_12_5_3161_3162_0.jpg,5
1603,6506_12_5_3161_3162_1.jpg,5
1604,6506_12_5_3162_3163_0.jpg,5
1605,6506_12_5_3162_3163_1.jpg,5
1606,6506_12_5_3163_3164_0.jpg,4
1607,6506_12_5_3163_3164_1.jpg,4
1608,6506_12_5_3164_3165_0.jpg,7
1609,6506_12_5_3164_3165_1.jpg,7
1610,6506_12_5_3165_3166_0.jpg,5
1611,6506_12_5_3165_3166_1.jpg,5
1612,6506_12_5_3166_3167_0.jpg,5
1613,6506_12_5_3166_3167_1.jpg,5
1614,6506_12_5_3167_3168_0.jpg,3
1615,6506_12_5_3167_3168_1.jpg,3
1616,6506_12_5_3168_3169_0.jpg,3
1617,6506_12_5_3168_3169_1.jpg,3
1618,6506_12_5_3169_3170_0.jpg,1
1619,6506_12_5_3169_3170_1.jpg,1
1620,6506_12_5_3170_3171_0.jpg,3
1621,6506_12_5_3170_3171_1.jpg,3
1622,6506_12_5_3171_3172_0.jpg,3
1623,6506_12_5_3171_3172_1.jpg,3
1624,6506_12_5_3172_3173_0.jpg,3
1625,6506_12_5_3172_3173_1.jpg,3
1626,6506_12_5_3173_3174_0.jpg,5
1627,6506_12_5_3173_3174_1.jpg,5
1628,6506_12_5_3174_3175_0.jpg,7
1629,6506_12_5_3174_3175_1.jpg,7
1630,6506_12_5_3175_3176_0.jpg,5
1631,6506_12_5_3175_3176_1.jpg,5
1632,6506_12_5_3176_3177_0.jpg,7
1633,6506_12_5_3176_3177_1.jpg,7
1634,6506_12_5_3177_3178_0.jpg,5
1635,6506_12_5_3177_3178_1.jpg,5
1636,6506_12_5_3178_3179_0.jpg,4
1637,6506_12_5_3178_3179_1.jpg,4
1638,6506_12_5_3179_3180_0.jpg,4
1639,6506_12_5_3179_3180_1.jpg,4
1640,6506_12_5_3180_3181_0.jpg,5
1641,6506_12_5_3180_3181_1.jpg,5
1642,6506_12_5_3181_3182_0.jpg,7
1643,6506_12_5_3181_3182_1.jpg,7
1644,6506_12_5_3182_3183_0.jpg,1
1645,6506_12_5_3182_3183_1.jpg,1
1646,6506_12_5_3183_3184_0.jpg,7
1647,6506_12_5_3183_3184_1.jpg,7
1648,6506_12_5_3184_3185_0.jpg,5
1649,6506_12_5_3184_3185_1.jpg,5
1650,6506_12_5_3185_3186_0.jpg,5
1651,6506_12_5_3185_3186_1.jpg,5
1652,6506_12_5_3186_3187_0.jpg,1
1653,6506_12_5_3186_3187_1.jpg,1
1654,6506_12_5_3187_3188_0.jpg,5
1655,6506_12_5_3187_3188_1.jpg,5
1656,6506_12_5_3188_3189_0.jpg,1
1657,6506_12_5_3188_3189_1.jpg,1
1658,6506_12_5_3910_3911_0.jpg,5
1659,6506_12_5_3910_3911_1.jpg,5
1660,6506_12_5_3911_3912_0.jpg,5
1661,6506_12_5_3911_3912_1.jpg,5
1662,6506_12_5_3912_3913_0.jpg,1
1663,6506_12_5_3912_3913_1.jpg,1
1664,6506_12_5_3913_3914_0.jpg,1
1665,6506_12_5_3913_3914_1.jpg,1
1666,6506_12_5_3914_3915_0.jpg,1
1667,6506_12_5_3914_3915_1.jpg,1
1668,6506_12_5_3915_3916_0.jpg,1
1669,6506_12_5_3915_3916_1.jpg,1
1670,6506_12_5_3916_3917_0.jpg,1
1671,6506_12_5_3916_3917_1.jpg,1
1672,6506_12_5_3917_3918_0.jpg,3
1673,6506_12_5_3917_3918_1.jpg,3
1674,6506_12_5_3918_3919_0.jpg,5
1675,6506_12_5_3918_3919_1.jpg,5
1676,6506_12_5_3919_3920_0.jpg,5
1677,6506_12_5_3919_3920_1.jpg,5
1678,6506_12_5_3920_3921_0.jpg,1
1679,6506_12_5_3920_3921_1.jpg,1
1680,6506_12_5_3921_3922_0.jpg,1
1681,6506_12_5_3921_3922_1.jpg,1
1682,6506_12_5_3922_3923_0.jpg,1
1683,6506_12_5_3922_3923_1.jpg,1
1684,6506_12_5_3923_3924_0.jpg,1
1685,6506_12_5_3923_3924_1.jpg,1
1686,6506_12_5_3924_3925_0.jpg,3
1687,6506_12_5_3924_3925_1.jpg,3
1688,6506_12_5_3925_3926_0.jpg,5
1689,6506_12_5_3925_3926_1.jpg,5
1690,6506_12_5_3926_3927_0.jpg,1
1691,6506_12_5_3926_3927_1.jpg,1
1692,6506_12_5_3927_3928_0.jpg,1
1693,6506_12_5_3927_3928_1.jpg,1
1694,6506_12_5_3928_3929_0.jpg,1
1695,6506_12_5_3928_3929_1.jpg,1
1696,6506_12_5_3929_3930_0.jpg,1
1697,6506_12_5_3929_3930_1.jpg,1
1698,6506_12_5_3930_3931_0.jpg,1
1699,6506_12_5_3930_3931_1.jpg,1
1700,6506_12_5_3931_3932_0.jpg,1
1701,6506_12_5_3931_3932_1.jpg,1
1702,6506_12_5_3932_3933_0.jpg,1
1703,6506_12_5_3932_3933_1.jpg,1
1704,6506_12_5_3933_3934_0.jpg,1
1705,6506_12_5_3933_3934_1.jpg,1
1706,6506_12_5_3934_3935_0.jpg,3
1707,6506_12_5_3934_3935_1.jpg,3
1708,6506_12_5_3935_3936_0.jpg,3
1709,6506_12_5_3935_3936_1.jpg,3
1710,6506_12_5_3936_3937_0.jpg,3
1711,6506_12_5_3936_3937_1.jpg,3
1712,6506_12_5_3937_3938_0.jpg,3
1713,6506_12_5_3937_3938_1.jpg,3
1714,6506_12_5_3938_3939_0.jpg,3
1715,6506_12_5_3938_3939_1.jpg,3
1716,6506_12_5_3939_3940_0.jpg,3
1717,6506_12_5_3939_3940_1.jpg,3
1718,6506_12_5_3940_3941_0.jpg,3
1719,6506_12_5_3940_3941_1.jpg,3
1720,6506_12_5_3941_3942_0.jpg,1
1721,6506_12_5_3941_3942_1.jpg,1
1722,6506_12_5_3942_3943_0.jpg,1
1723,6506_12_5_3942_3943_1.jpg,1
1724,6506_12_5_3943_3944_0.jpg,5
1725,6506_12_5_3943_3944_1.jpg,5
1726,6506_12_5_3944_3945_0.jpg,3
1727,6506_12_5_3944_3945_1.jpg,3
1728,6506_12_5_3945_3946_0.jpg,3
1729,6506_12_5_3945_3946_1.jpg,3
1730,6506_12_5_3946_3947_0.jpg,3
1731,6506_12_5_3946_3947_1.jpg,3
1732,6506_12_5_3947_3948_0.jpg,3
1733,6506_12_5_3947_3948_1.jpg,3
1734,6506_12_5_3948_3949_0.jpg,3
1735,6506_12_5_3948_3949_1.jpg,3
1736,6506_12_5_3949_3950_0.jpg,5
1737,6506_12_5_3949_3950_1.jpg,5
1738,6506_12_5_3950_3951_0.jpg,7
1739,6506_12_5_3950_3951_1.jpg,7
1740,6506_12_5_3951_3952_0.jpg,4
1741,6506_12_5_3951_3952_1.jpg,4
1742,6506_12_5_3952_3953_0.jpg,4
1743,6506_12_5_3952_3953_1.jpg,4
1744,6506_12_5_3953_3954_0.jpg,4
1745,6506_12_5_3953_3954_1.jpg,4
1746,6506_12_5_3954_3955_0.jpg,4
1747,6506_12_5_3954_3955_1.jpg,4
1748,6506_12_5_3955_3956_0.jpg,4
1749,6506_12_5_3955_3956_1.jpg,4
1750,6506_12_5_3956_3957_0.jpg,4
1751,6506_12_5_3956_3957_1.jpg,4
1752,6506_12_5_3957_3958_0.jpg,4
1753,6506_12_5_3957_3958_1.jpg,4
1754,6506_12_5_3958_3959_0.jpg,4
1755,6506_12_5_3958_3959_1.jpg,4
1756,6506_12_5_3959_3960_0.jpg,4
1757,6506_12_5_3959_3960_1.jpg,4
1758,6506_12_5_3960_3961_0.jpg,4
1759,6506_12_5_3960_3961_1.jpg,4
1760,6506_12_5_3961_3962_0.jpg,4
1761,6506_12_5_3961_3962_1.jpg,4
1762,6506_12_5_3962_3963_0.jpg,4
1763,6506_12_5_3962_3963_1.jpg,4
1764,6506_12_5_3963_3964_0.jpg,4
1765,6506_12_5_3963_3964_1.jpg,4
1766,6506_12_5_3964_3965_0.jpg,4
1767,6506_12_5_3964_3965_1.jpg,4
1768,6506_12_5_3965_3966_0.jpg,4
1769,6506_12_5_3965_3966_1.jpg,4
1770,6506_12_5_3966_3967_0.jpg,4
1771,6506_12_5_3966_3967_1.jpg,4
1772,6506_12_5_3967_3967_0.jpg,1
1773,6506_12_5_3967_3967_1.jpg,1
1774,6506_12_5_3967_3968_0.jpg,0
1775,6506_12_5_3967_3968_1.jpg,0
1776,6506_12_5_3968_3969_0.jpg,0
1777,6506_12_5_3968_3969_1.jpg,0
1778,6506_12_5_3969_3970_0.jpg,0
1779,6506_12_5_3969_3970_1.jpg,0
1780,6506_12_5_3970_3971_0.jpg,0
1781,6506_12_5_3970_3971_1.jpg,0
1782,6506_12_5_3971_3972_0.jpg,0
1783,6506_12_5_3971_3972_1.jpg,0
1784,6506_12_5_3972_3973_0.jpg,0
1785,6506_12_5_3972_3973_1.jpg,0
1786,6506_12_5_3973_3974_0.jpg,4
1787,6506_12_5_3973_3974_1.jpg,4
1788,6506_12_5_3974_3975_0.jpg,5
1789,6506_12_5_3974_3975_1.jpg,5
1790,6506_12_5_3975_3976_0.jpg,0
1791,6506_12_5_3975_3976_1.jpg,0
1792,6506_12_5_3976_3977_0.jpg,4
1793,6506_12_5_3976_3977_1.jpg,4
1794,6506_12_5_3977_3978_0.jpg,4
1795,6506_12_5_3977_3978_1.jpg,4
1796,6506_12_5_3978_3979_0.jpg,4
1797,6506_12_5_3978_3979_1.jpg,4
1798,6506_12_5_3979_3980_0.jpg,4
1799,6506_12_5_3979_3980_1.jpg,4
1800,6506_12_5_3980_3981_0.jpg,4
1801,6506_12_5_3980_3981_1.jpg,4
1802,6506_12_5_3981_3982_0.jpg,0
1803,6506_12_5_3981_3982_1.jpg,0
1804,6506_12_5_3982_3983_0.jpg,0
1805,6506_12_5_3982_3983_1.jpg,0
1806,6506_12_5_3983_3984_0.jpg,0
1807,6506_12_5_3983_3984_1.jpg,0
1808,6506_12_5_3984_3985_0.jpg,0
1809,6506_12_5_3984_3985_1.jpg,0
1810,6506_12_5_3985_3986_0.jpg,0
1811,6506_12_5_3985_3986_1.jpg,0
1812,6506_12_5_3986_3987_0.jpg,6
1813,6506_12_5_3986_3987_1.jpg,6
1814,6506_12_5_3987_3988_0.jpg,6
1815,6506_12_5_3987_3988_1.jpg,6
1816,6506_12_5_3988_3989_0.jpg,6
1817,6506_12_5_3988_3989_1.jpg,6
1818,6506_12_5_3989_3990_0.jpg,6
1819,6506_12_5_3989_3990_1.jpg,6
1820,6506_12_5_3990_3991_0.jpg,6
1821,6506_12_5_3990_3991_1.jpg,6
1822,6506_12_5_3991_3992_0.jpg,6
1823,6506_12_5_3991_3992_1.jpg,6
1824,6506_12_5_3992_3993_0.jpg,6
1825,6506_12_5_3992_3993_1.jpg,6
1826,6506_12_5_3993_3994_0.jpg,6
1827,6506_12_5_3993_3994_1.jpg,6
1828,6506_12_5_4004_4005_0.jpg,4
1829,6506_12_5_4004_4005_1.jpg,4
1830,6506_12_5_4005_4006_0.jpg,6
1831,6506_12_5_4005_4006_1.jpg,6
1832,6506_12_5_4006_4007_0.jpg,6
1833,6506_12_5_4006_4007_1.jpg,6
1834,6506_12_5_4007_4008_0.jpg,6
1835,6506_12_5_4007_4008_1.jpg,6
1836,6506_12_5_4008_4009_0.jpg,6
1837,6506_12_5_4008_4009_1.jpg,6
1838,6506_12_5_4009_4010_0.jpg,6
1839,6506_12_5_4009_4010_1.jpg,6
1840,6506_12_5_4010_4011_0.jpg,6
1841,6506_12_5_4010_4011_1.jpg,6
1842,6506_12_5_4011_4012_0.jpg,6
1843,6506_12_5_4011_4012_1.jpg,6
1844,6506_12_5_4012_4013_0.jpg,6
1845,6506_12_5_4012_4013_1.jpg,6
1846,6506_12_5_4013_4014_0.jpg,6
1847,6506_12_5_4013_4014_1.jpg,6
1848,6506_12_5_4014_4015_0.jpg,6
1849,6506_12_5_4014_4015_1.jpg,6
1850,6506_12_5_4015_4016_0.jpg,8
1851,6506_12_5_4015_4016_1.jpg,8
1852,6506_12_5_4016_4017_0.jpg,8
1853,6506_12_5_4016_4017_1.jpg,8
1854,6506_12_5_4017_4018_0.jpg,8
1855,6506_12_5_4017_4018_1.jpg,8
1856,6506_12_5_4018_4019_0.jpg,6
1857,6506_12_5_4018_4019_1.jpg,6
1858,6506_12_5_4019_4020_0.jpg,6
1859,6506_12_5_4019_4020_1.jpg,6
1860,6506_12_5_4020_4021_0.jpg,6
1861,6506_12_5_4020_4021_1.jpg,6
1862,6506_12_5_4021_4022_0.jpg,6
1863,6506_12_5_4021_4022_1.jpg,6
1864,6506_12_5_4022_4023_0.jpg,6
1865,6506_12_5_4022_4023_1.jpg,6
1866,6506_12_5_4023_4024_0.jpg,6
1867,6506_12_5_4023_4024_1.jpg,6
1868,6506_12_5_4024_4025_0.jpg,6
1869,6506_12_5_4024_4025_1.jpg,6
1870,6506_12_5_4025_4026_0.jpg,6
1871,6506_12_5_4025_4026_1.jpg,6
1872,6506_12_5_4026_4027_0.jpg,6
1873,6506_12_5_4026_4027_1.jpg,6
1874,6506_12_5_4027_4028_0.jpg,6
1875,6506_12_5_4027_4028_1.jpg,6
1876,6506_12_5_4028_4029_0.jpg,6
1877,6506_12_5_4028_4029_1.jpg,6
1878,6506_12_5_4029_4030_0.jpg,6
1879,6506_12_5_4029_4030_1.jpg,6
1880,6506_12_5_4030_4031_0.jpg,1
1881,6506_12_5_4030_4031_1.jpg,1
1882,6506_12_5_4031_4032_0.jpg,1
1883,6506_12_5_4031_4032_1.jpg,1
1884,6506_12_5_4032_4033_0.jpg,1
1885,6506_12_5_4032_4033_1.jpg,1
1886,6506_12_5_4033_4034_0.jpg,6
1887,6506_12_5_4033_4034_1.jpg,6
1888,6506_12_5_4034_4035_0.jpg,6
1889,6506_12_5_4034_4035_1.jpg,6
1890,6506_12_5_4035_4036_0.jpg,6
1891,6506_12_5_4035_4036_1.jpg,6
1892,6506_12_5_4036_4037_0.jpg,6
1893,6506_12_5_4036_4037_1.jpg,6
1894,6506_12_5_4037_4038_0.jpg,6
1895,6506_12_5_4037_4038_1.jpg,6
1896,6506_12_5_4038_4039_0.jpg,6
1897,6506_12_5_4038_4039_1.jpg,6
1898,6506_12_5_4039_4040_0.jpg,6
1899,6506_12_5_4039_4040_1.jpg,6
1900,6506_12_5_4040_4041_0.jpg,6
1901,6506_12_5_4040_4041_1.jpg,6
1902,6506_12_5_4041_4042_0.jpg,6
1903,6506_12_5_4041_4042_1.jpg,6
1904,6506_12_5_4042_4043_0.jpg,6
1905,6506_12_5_4042_4043_1.jpg,6
1906,6506_12_5_4043_4044_0.jpg,1
1907,6506_12_5_4043_4044_1.jpg,1
1908,6506_12_5_4044_4045_0.jpg,1
1909,6506_12_5_4044_4045_1.jpg,1
1910,6506_12_5_4045_4046_0.jpg,1
1911,6506_12_5_4045_4046_1.jpg,1
1912,6506_12_5_4046_4046_0.jpg,1
1913,6506_12_5_4046_4046_1.jpg,1
1914,6506_12_5_4046_4047_0.jpg,4
1915,6506_12_5_4046_4047_1.jpg,4
1916,6506_12_5_4047_4048_0.jpg,1
1917,6506_12_5_4047_4048_1.jpg,1
1918,6506_12_5_4048_4049_0.jpg,1
1919,6506_12_5_4048_4049_1.jpg,1
1920,6506_12_5_4049_4050_0.jpg,1
1921,6506_12_5_4049_4050_1.jpg,1
1922,6506_12_5_4050_4051_0.jpg,1
1923,6506_12_5_4050_4051_1.jpg,1
1924,6506_12_5_4051_4052_0.jpg,1
1925,6506_12_5_4051_4052_1.jpg,1
1926,6506_12_5_4052_4053_0.jpg,1
1927,6506_12_5_4052_4053_1.jpg,1
1928,6506_12_5_4053_4054_0.jpg,1
1929,6506_12_5_4053_4054_1.jpg,1
1930,6506_12_5_4054_4055_0.jpg,1
1931,6506_12_5_4054_4055_1.jpg,1
1932,6506_12_5_4055_4056_0.jpg,1
1933,6506_12_5_4055_4056_1.jpg,1
1934,6506_12_5_4056_4057_0.jpg,3
1935,6506_12_5_4056_4057_1.jpg,3
1936,6506_12_5_4057_4058_0.jpg,3
1937,6506_12_5_4057_4058_1.jpg,3
1938,6506_12_5_4058_4059_0.jpg,3
1939,6506_12_5_4058_4059_1.jpg,3
1940,6506_12_5_4059_4060_0.jpg,3
1941,6506_12_5_4059_4060_1.jpg,3
1942,6506_12_5_4060_4061_0.jpg,3
1943,6506_12_5_4060_4061_1.jpg,3
1944,6506_12_5_4061_4062_0.jpg,3
1945,6506_12_5_4061_4062_1.jpg,3
1946,6506_12_5_4062_4063_0.jpg,3
1947,6506_12_5_4062_4063_1.jpg,3
1948,6506_12_5_4063_4064_0.jpg,3
1949,6506_12_5_4063_4064_1.jpg,3
1950,6506_12_5_4064_4064_0.jpg,3
1951,6506_12_5_4064_4064_1.jpg,3
1952,6506_12_5_4064_4065_0.jpg,1
1953,6506_12_5_4064_4065_1.jpg,1
1954,6506_12_5_4065_4066_0.jpg,5
1955,6506_12_5_4065_4066_1.jpg,5
1956,6506_12_5_4066_4067_0.jpg,5
1957,6506_12_5_4066_4067_1.jpg,5
1958,6506_12_5_4067_4068_0.jpg,1
1959,6506_12_5_4067_4068_1.jpg,1
1960,6506_12_5_4068_4069_0.jpg,5
1961,6506_12_5_4068_4069_1.jpg,5
1962,6506_12_5_4069_4070_0.jpg,0
1963,6506_12_5_4069_4070_1.jpg,0
1964,6506_12_5_4070_4071_0.jpg,5
1965,6506_12_5_4070_4071_1.jpg,5
1966,6506_12_5_4071_4072_0.jpg,1
1967,6506_12_5_4071_4072_1.jpg,1
1968,6506_12_5_4072_4073_0.jpg,5
1969,6506_12_5_4072_4073_1.jpg,5
1970,6506_12_5_4073_4074_0.jpg,1
1971,6506_12_5_4073_4074_1.jpg,1
1972,6506_12_5_4074_4075_0.jpg,1
1973,6506_12_5_4074_4075_1.jpg,1
1974,6506_12_5_4075_4076_0.jpg,1
1975,6506_12_5_4075_4076_1.jpg,1
1976,6506_12_5_4076_4077_0.jpg,1
1977,6506_12_5_4076_4077_1.jpg,1
1978,6506_12_5_4077_4078_0.jpg,1
1979,6506_12_5_4077_4078_1.jpg,1
1980,6506_12_5_4078_4079_0.jpg,1
1981,6506_12_5_4078_4079_1.jpg,1
1982,6506_12_5_4079_4080_0.jpg,1
1983,6506_12_5_4079_4080_1.jpg,1
1984,6506_12_5_4080_4080_0.jpg,1
1985,6506_12_5_4080_4080_1.jpg,1
1986,6506_12_5_4085_4086_0.jpg,0
1987,6506_12_5_4085_4086_1.jpg,0
1988,6506_12_5_4086_4087_0.jpg,0
1989,6506_12_5_4086_4087_1.jpg,0
1990,6506_12_5_4087_4088_0.jpg,0
1991,6506_12_5_4087_4088_1.jpg,0
1992,6506_12_5_4088_4089_0.jpg,1
1993,6506_12_5_4088_4089_1.jpg,1
1994,6506_12_5_4089_4090_0.jpg,2
1995,6506_12_5_4089_4090_1.jpg,2
1996,6506_12_5_4090_4091_0.jpg,5
1997,6506_12_5_4090_4091_1.jpg,5
1998,6506_12_5_4091_4092_0.jpg,5
1999,6506_12_5_4091_4092_1.jpg,5
2000,6506_12_5_4092_4093_0.jpg,1
2001,6506_12_5_4092_4093_1.jpg,1
2002,6506_12_5_4093_4094_0.jpg,1
2003,6506_12_5_4093_4094_1.jpg,1
2004,6506_12_5_4094_4095_0.jpg,1
2005,6506_12_5_4094_4095_1.jpg,1
2006,6506_12_5_4095_4096_0.jpg,1
2007,6506_12_5_4095_4096_1.jpg,1
2008,6506_12_5_4096_4097_0.jpg,1
2009,6506_12_5_4096_4097_1.jpg,1
2010,6506_12_5_4097_4098_0.jpg,1
2011,6506_12_5_4097_4098_1.jpg,1
2012,6506_12_5_4098_4099_0.jpg,1
2013,6506_12_5_4098_4099_1.jpg,1
2014,6506_12_5_4099_4100_0.jpg,1
2015,6506_12_5_4099_4100_1.jpg,1
2016,6506_12_5_4100_4101_0.jpg,1
2017,6506_12_5_4100_4101_1.jpg,1
2018,6506_12_5_4101_4102_0.jpg,1
2019,6506_12_5_4101_4102_1.jpg,1
2020,6506_12_5_4102_4103_0.jpg,1
2021,6506_12_5_4102_4103_1.jpg,1
2022,6506_12_5_4103_4104_0.jpg,1
2023,6506_12_5_4103_4104_1.jpg,1
2024,6506_12_5_4104_4105_0.jpg,1
2025,6506_12_5_4104_4105_1.jpg,1
2026,6506_12_5_4105_4106_0.jpg,1
2027,6506_12_5_4105_4106_1.jpg,1
2028,6506_12_5_4106_4107_0.jpg,1
2029,6506_12_5_4106_4107_1.jpg,1
2030,6506_12_5_4112_4113_0.jpg,1
2031,6506_12_5_4112_4113_1.jpg,1
2032,6506_12_5_4113_4114_0.jpg,1
2033,6506_12_5_4113_4114_1.jpg,1
2034,6506_12_5_4114_4115_0.jpg,1
2035,6506_12_5_4114_4115_1.jpg,1
2036,6506_12_5_4115_4116_0.jpg,1
2037,6506_12_5_4115_4116_1.jpg,1
2038,6506_12_5_4116_4117_0.jpg,1
2039,6506_12_5_4116_4117_1.jpg,1
2040,6506_12_5_4117_4118_0.jpg,1
2041,6506_12_5_4117_4118_1.jpg,1
2042,6506_12_5_4118_4119_0.jpg,1
2043,6506_12_5_4118_4119_1.jpg,1
2044,6506_12_5_4119_4120_0.jpg,1
2045,6506_12_5_4119_4120_1.jpg,1
2046,6506_12_5_4120_4121_0.jpg,1
2047,6506_12_5_4120_4121_1.jpg,1
2048,6506_12_5_4121_4122_0.jpg,1
2049,6506_12_5_4121_4122_1.jpg,1
2050,6506_12_5_4122_4123_0.jpg,1
2051,6506_12_5_4122_4123_1.jpg,1
2052,6506_12_5_4123_4124_0.jpg,1
2053,6506_12_5_4123_4124_1.jpg,1
2054,6506_12_5_4124_4125_0.jpg,0
2055,6506_12_5_4124_4125_1.jpg,0
2056,6506_12_5_4125_4126_0.jpg,0
2057,6506_12_5_4125_4126_1.jpg,0
2058,6506_12_5_4126_4127_0.jpg,1
2059,6506_12_5_4126_4127_1.jpg,1
2060,6506_12_5_4127_4128_0.jpg,1
2061,6506_12_5_4127_4128_1.jpg,1
2062,6506_12_5_4128_4129_0.jpg,1
2063,6506_12_5_4128_4129_1.jpg,1
2064,6506_12_5_4129_4130_0.jpg,1
2065,6506_12_5_4129_4130_1.jpg,1
2066,6506_12_5_4130_4131_0.jpg,1
2067,6506_12_5_4130_4131_1.jpg,1
2068,6506_12_5_4131_4132_0.jpg,1
2069,6506_12_5_4131_4132_1.jpg,1
2070,6506_12_5_4132_4133_0.jpg,1
2071,6506_12_5_4132_4133_1.jpg,1
2072,6506_12_5_4133_4134_0.jpg,1
2073,6506_12_5_4133_4134_1.jpg,1
2074,6506_12_5_4134_4135_0.jpg,1
2075,6506_12_5_4134_4135_1.jpg,1
2076,6506_12_5_4135_4136_0.jpg,2
2077,6506_12_5_4135_4136_1.jpg,2
2078,6506_12_5_4136_4137_0.jpg,1
2079,6506_12_5_4136_4137_1.jpg,1
2080,6506_12_5_4137_4138_0.jpg,1
2081,6506_12_5_4137_4138_1.jpg,1
2082,6506_12_5_4138_4139_0.jpg,1
2083,6506_12_5_4138_4139_1.jpg,1
2084,6506_12_5_4139_4140_0.jpg,1
2085,6506_12_5_4139_4140_1.jpg,1
2086,6506_12_5_4140_4141_0.jpg,1
2087,6506_12_5_4140_4141_1.jpg,1
2088,6506_12_5_4141_4142_0.jpg,4
2089,6506_12_5_4141_4142_1.jpg,4
2090,6506_12_5_4142_4143_0.jpg,4
2091,6506_12_5_4142_4143_1.jpg,4
2092,6506_12_5_4143_4144_0.jpg,4
2093,6506_12_5_4143_4144_1.jpg,4
2094,6506_12_5_4144_4145_0.jpg,4
2095,6506_12_5_4144_4145_1.jpg,4
2096,6506_12_5_4145_4146_0.jpg,4
2097,6506_12_5_4145_4146_1.jpg,4
2098,6506_12_5_4146_4147_0.jpg,4
2099,6506_12_5_4146_4147_1.jpg,4
2100,6506_12_5_4147_4148_0.jpg,4
2101,6506_12_5_4147_4148_1.jpg,4
2102,6506_12_5_4148_4149_0.jpg,4
2103,6506_12_5_4148_4149_1.jpg,4
2104,6506_12_5_4149_4150_0.jpg,4
2105,6506_12_5_4149_4150_1.jpg,4
2106,6506_12_5_4150_4151_0.jpg,4
2107,6506_12_5_4150_4151_1.jpg,4
2108,6506_12_5_4151_4152_0.jpg,4
2109,6506_12_5_4151_4152_1.jpg,4
2110,6506_12_5_4152_4153_0.jpg,4
2111,6506_12_5_4152_4153_1.jpg,4
2112,6506_12_5_4153_4154_0.jpg,4
2113,6506_12_5_4153_4154_1.jpg,4
2114,6506_12_5_4154_4154_0.jpg,4
2115,6506_12_5_4154_4154_1.jpg,4
2116,6506_12_5_4154_4155_0.jpg,4
2117,6506_12_5_4154_4155_1.jpg,4
2118,6506_12_5_4155_4156_0.jpg,4
2119,6506_12_5_4155_4156_1.jpg,4
2120,6506_12_5_4156_4157_0.jpg,4
2121,6506_12_5_4156_4157_1.jpg,4
2122,6506_12_5_4157_4158_0.jpg,4
2123,6506_12_5_4157_4158_1.jpg,4
2124,6506_12_5_4158_4159_0.jpg,4
2125,6506_12_5_4158_4159_1.jpg,4
2126,6506_12_5_4159_4160_0.jpg,4
2127,6506_12_5_4159_4160_1.jpg,4
2128,6506_12_5_4160_4161_0.jpg,4
2129,6506_12_5_4160_4161_1.jpg,4
2130,6506_12_5_4161_4162_0.jpg,4
2131,6506_12_5_4161_4162_1.jpg,4
2132,6506_12_5_4162_4163_0.jpg,4
2133,6506_12_5_4162_4163_1.jpg,4
2134,6506_12_5_4163_4164_0.jpg,4
2135,6506_12_5_4163_4164_1.jpg,4
2136,6506_12_5_4164_4165_0.jpg,4
2137,6506_12_5_4164_4165_1.jpg,4
2138,6506_12_5_4165_4166_0.jpg,4
2139,6506_12_5_4165_4166_1.jpg,4
2140,6506_12_5_4166_4167_0.jpg,4
2141,6506_12_5_4166_4167_1.jpg,4
2142,6506_12_5_4167_4168_0.jpg,4
2143,6506_12_5_4167_4168_1.jpg,4
2144,6506_12_5_4168_4169_0.jpg,4
2145,6506_12_5_4168_4169_1.jpg,4
2146,6506_12_5_4169_4170_0.jpg,4
2147,6506_12_5_4169_4170_1.jpg,4
2148,6506_12_5_4170_4171_0.jpg,4
2149,6506_12_5_4170_4171_1.jpg,4
2150,6506_12_5_4171_4172_0.jpg,4
2151,6506_12_5_4171_4172_1.jpg,4
2152,6506_12_5_4172_4173_0.jpg,4
2153,6506_12_5_4172_4173_1.jpg,4
2154,6506_12_5_4173_4174_0.jpg,4
2155,6506_12_5_4173_4174_1.jpg,4
2156,6506_12_5_4174_4175_0.jpg,4
2157,6506_12_5_4174_4175_1.jpg,4
2158,6506_12_5_4175_4176_0.jpg,4
2159,6506_12_5_4175_4176_1.jpg,4
2160,6506_12_5_4176_4177_0.jpg,4
2161,6506_12_5_4176_4177_1.jpg,4
2162,6506_12_5_4177_4178_0.jpg,4
2163,6506_12_5_4177_4178_1.jpg,4
2164,6506_12_5_4178_4179_0.jpg,5
2165,6506_12_5_4178_4179_1.jpg,5
2166,6506_12_5_4179_4180_0.jpg,1
2167,6506_12_5_4179_4180_1.jpg,1
2168,6506_12_5_4180_4181_0.jpg,1
2169,6506_12_5_4180_4181_1.jpg,1
2170,6506_12_5_4181_4182_0.jpg,1
2171,6506_12_5_4181_4182_1.jpg,1
2172,6506_12_5_4182_4183_0.jpg,1
2173,6506_12_5_4182_4183_1.jpg,1
2174,6506_12_5_4183_4184_0.jpg,1
2175,6506_12_5_4183_4184_1.jpg,1
2176,6506_12_5_4184_4185_0.jpg,1
2177,6506_12_5_4184_4185_1.jpg,1
2178,6506_12_5_4185_4186_0.jpg,1
2179,6506_12_5_4185_4186_1.jpg,1
2180,6506_12_5_4186_4187_0.jpg,1
2181,6506_12_5_4186_4187_1.jpg,1
2182,6506_12_5_4187_4188_0.jpg,1
2183,6506_12_5_4187_4188_1.jpg,1
2184,6506_12_5_4188_4189_0.jpg,1
2185,6506_12_5_4188_4189_1.jpg,1
2186,6506_12_5_4189_4190_0.jpg,1
2187,6506_12_5_4189_4190_1.jpg,1
2188,6506_12_5_4190_4191_0.jpg,1
2189,6506_12_5_4190_4191_1.jpg,1
2190,6506_12_5_4191_4192_0.jpg,1
2191,6506_12_5_4191_4192_1.jpg,1
2192,6506_12_5_4192_4193_0.jpg,1
2193,6506_12_5_4192_4193_1.jpg,1
2194,6506_12_5_4193_4194_0.jpg,1
2195,6506_12_5_4193_4194_1.jpg,1
2196,6506_12_5_4194_4195_0.jpg,1
2197,6506_12_5_4194_4195_1.jpg,1
2198,6506_12_5_4195_4196_0.jpg,1
2199,6506_12_5_4195_4196_1.jpg,1
2200,6506_12_5_4196_4197_0.jpg,1
2201,6506_12_5_4196_4197_1.jpg,1
2202,6506_12_5_4197_4198_0.jpg,1
2203,6506_12_5_4197_4198_1.jpg,1
2204,6506_12_5_4198_4199_0.jpg,3
2205,6506_12_5_4198_4199_1.jpg,3
2206,6506_12_5_4199_4200_0.jpg,3
2207,6506_12_5_4199_4200_1.jpg,3
2208,6506_12_5_4200_4201_0.jpg,3
2209,6506_12_5_4200_4201_1.jpg,3
2210,6506_12_5_4201_4202_0.jpg,3
2211,6506_12_5_4201_4202_1.jpg,3
2212,6506_12_5_4202_4203_0.jpg,3
2213,6506_12_5_4202_4203_1.jpg,3
2214,6506_12_5_4203_4203_0.jpg,3
2215,6506_12_5_4203_4203_1.jpg,3
2216,6506_12_5_4205_4206_0.jpg,1
2217,6506_12_5_4205_4206_1.jpg,1
2218,6506_12_5_4206_4207_0.jpg,1
2219,6506_12_5_4206_4207_1.jpg,1
2220,6506_12_5_4207_4208_0.jpg,1
2221,6506_12_5_4207_4208_1.jpg,1
2222,6506_12_5_4208_4209_0.jpg,1
2223,6506_12_5_4208_4209_1.jpg,1
2224,6506_12_5_4209_4210_0.jpg,1
2225,6506_12_5_4209_4210_1.jpg,1
2226,6506_12_5_4210_4211_0.jpg,1
2227,6506_12_5_4210_4211_1.jpg,1
2228,6506_12_5_4211_4212_0.jpg,1
2229,6506_12_5_4211_4212_1.jpg,1
2230,6506_12_5_4212_4213_0.jpg,1
2231,6506_12_5_4212_4213_1.jpg,1
2232,6506_12_5_4213_4214_0.jpg,1
2233,6506_12_5_4213_4214_1.jpg,1
2234,6506_12_5_4214_4215_0.jpg,1
2235,6506_12_5_4214_4215_1.jpg,1
2236,6506_12_5_4215_4216_0.jpg,1
2237,6506_12_5_4215_4216_1.jpg,1
2238,6506_12_5_4245_4246_0.jpg,1
2239,6506_12_5_4245_4246_1.jpg,1
2240,6506_12_5_4246_4247_0.jpg,1
2241,6506_12_5_4246_4247_1.jpg,1
2242,6506_12_5_4247_4248_0.jpg,1
2243,6506_12_5_4247_4248_1.jpg,1
2244,6506_12_5_4248_4249_0.jpg,1
2245,6506_12_5_4248_4249_1.jpg,1
2246,6506_12_5_4249_4250_0.jpg,1
2247,6506_12_5_4249_4250_1.jpg,1
2248,6506_12_5_4250_4251_0.jpg,1
2249,6506_12_5_4250_4251_1.jpg,1
2250,6506_12_5_4251_4252_0.jpg,1
2251,6506_12_5_4251_4252_1.jpg,1
2252,6506_12_5_4252_4253_0.jpg,1
2253,6506_12_5_4252_4253_1.jpg,1
2254,6506_12_5_4253_4254_0.jpg,1
2255,6506_12_5_4253_4254_1.jpg,1
2256,6506_12_5_4254_4255_0.jpg,1
2257,6506_12_5_4254_4255_1.jpg,1
2258,6506_12_5_4255_4256_0.jpg,1
2259,6506_12_5_4255_4256_1.jpg,1
2260,6506_12_5_4256_4257_0.jpg,1
2261,6506_12_5_4256_4257_1.jpg,1
2262,6506_12_5_4257_4258_0.jpg,1
2263,6506_12_5_4257_4258_1.jpg,1
2264,6506_12_5_4258_4259_0.jpg,1
2265,6506_12_5_4258_4259_1.jpg,1
2266,6506_12_5_4259_4260_0.jpg,1
2267,6506_12_5_4259_4260_1.jpg,1
2268,6506_12_5_4260_4261_0.jpg,1
2269,6506_12_5_4260_4261_1.jpg,1
2270,6506_12_5_4261_4262_0.jpg,1
2271,6506_12_5_4261_4262_1.jpg,1
2272,6506_12_5_4262_4263_0.jpg,1
2273,6506_12_5_4262_4263_1.jpg,1
2274,6506_12_5_4263_4264_0.jpg,1
2275,6506_12_5_4263_4264_1.jpg,1
2276,6506_12_5_4264_4265_0.jpg,1
2277,6506_12_5_4264_4265_1.jpg,1
2278,6506_12_5_4265_4266_0.jpg,1
2279,6506_12_5_4265_4266_1.jpg,1
2280,6506_12_5_4266_4267_0.jpg,1
2281,6506_12_5_4266_4267_1.jpg,1
2282,6506_12_5_4267_4268_0.jpg,1
2283,6506_12_5_4267_4268_1.jpg,1
2284,6506_12_5_4268_4269_0.jpg,1
2285,6506_12_5_4268_4269_1.jpg,1
2286,6506_12_5_4269_4270_0.jpg,1
2287,6506_12_5_4269_4270_1.jpg,1
2288,6506_12_5_4270_4271_0.jpg,1
2289,6506_12_5_4270_4271_1.jpg,1
2290,6506_12_5_4271_4272_0.jpg,1
2291,6506_12_5_4271_4272_1.jpg,1
2292,6506_12_5_4272_4273_0.jpg,1
2293,6506_12_5_4272_4273_1.jpg,1
2294,6506_12_5_4273_4274_0.jpg,1
2295,6506_12_5_4273_4274_1.jpg,1
2296,6506_12_5_4274_4275_0.jpg,1
2297,6506_12_5_4274_4275_1.jpg,1
2298,6506_12_5_4275_4276_0.jpg,1
2299,6506_12_5_4275_4276_1.jpg,1
2300,6506_12_5_4276_4277_0.jpg,4
2301,6506_12_5_4276_4277_1.jpg,4
2302,6506_12_5_4277_4278_0.jpg,4
2303,6506_12_5_4277_4278_1.jpg,4
2304,6506_12_5_4278_4279_0.jpg,4
2305,6506_12_5_4278_4279_1.jpg,4
2306,6506_12_5_4279_4280_0.jpg,4
2307,6506_12_5_4279_4280_1.jpg,4
2308,6506_12_5_4280_4281_0.jpg,4
2309,6506_12_5_4280_4281_1.jpg,4
2310,6506_12_5_4281_4282_0.jpg,4
2311,6506_12_5_4281_4282_1.jpg,4
2312,6506_12_5_4282_4283_0.jpg,4
2313,6506_12_5_4282_4283_1.jpg,4
2314,6506_12_5_4283_4284_0.jpg,4
2315,6506_12_5_4283_4284_1.jpg,4
2316,6506_12_5_4284_4285_0.jpg,1
2317,6506_12_5_4284_4285_1.jpg,1
2318,6506_12_5_4285_4286_0.jpg,1
2319,6506_12_5_4285_4286_1.jpg,1
2320,6506_12_5_4286_4287_0.jpg,1
2321,6506_12_5_4286_4287_1.jpg,1
2322,6506_12_5_4287_4288_0.jpg,1
2323,6506_12_5_4287_4288_1.jpg,1
2324,6506_12_5_4288_4289_0.jpg,1
2325,6506_12_5_4288_4289_1.jpg,1
2326,6506_12_5_4289_4290_0.jpg,1
2327,6506_12_5_4289_4290_1.jpg,1
2328,6506_12_5_4290_4291_0.jpg,1
2329,6506_12_5_4290_4291_1.jpg,1
2330,6506_12_5_4291_4292_0.jpg,1
2331,6506_12_5_4291_4292_1.jpg,1
2332,6506_12_5_4292_4293_0.jpg,1
2333,6506_12_5_4292_4293_1.jpg,1
2334,6506_12_5_4293_4294_0.jpg,1
2335,6506_12_5_4293_4294_1.jpg,1
2336,6506_12_5_4294_4295_0.jpg,1
2337,6506_12_5_4294_4295_1.jpg,1
2338,6506_12_5_4295_4296_0.jpg,1
2339,6506_12_5_4295_4296_1.jpg,1
2340,6506_12_5_4296_4297_0.jpg,1
2341,6506_12_5_4296_4297_1.jpg,1
2342,6506_12_5_4297_4298_0.jpg,1
2343,6506_12_5_4297_4298_1.jpg,1
2344,6506_12_5_4298_4299_0.jpg,1
2345,6506_12_5_4298_4299_1.jpg,1
2346,6506_12_5_4299_4300_0.jpg,1
2347,6506_12_5_4299_4300_1.jpg,1
2348,6506_12_5_4305_4306_0.jpg,0
2349,6506_12_5_4305_4306_1.jpg,0
2350,6506_12_5_4306_4307_0.jpg,0
2351,6506_12_5_4306_4307_1.jpg,0
2352,6506_12_5_4307_4308_0.jpg,0
2353,6506_12_5_4307_4308_1.jpg,0
2354,6506_12_5_4308_4309_0.jpg,0
2355,6506_12_5_4308_4309_1.jpg,0
2356,6506_12_5_4309_4310_0.jpg,0
2357,6506_12_5_4309_4310_1.jpg,0
2358,6506_12_5_4310_4311_0.jpg,0
2359,6506_12_5_4310_4311_1.jpg,0
2360,6506_12_5_4311_4312_0.jpg,0
2361,6506_12_5_4311_4312_1.jpg,0
2362,6506_12_5_4312_4313_0.jpg,2
2363,6506_12_5_4312_4313_1.jpg,2
2364,6506_12_5_4313_4314_0.jpg,4
2365,6506_12_5_4313_4314_1.jpg,4
2366,6506_12_5_4314_4315_0.jpg,2
2367,6506_12_5_4314_4315_1.jpg,2
2368,6506_12_5_4315_4316_0.jpg,4
2369,6506_12_5_4315_4316_1.jpg,4
2370,6506_12_5_4316_4317_0.jpg,4
2371,6506_12_5_4316_4317_1.jpg,4
2372,6506_12_5_4317_4318_0.jpg,4
2373,6506_12_5_4317_4318_1.jpg,4
2374,6506_12_5_4318_4319_0.jpg,4
2375,6506_12_5_4318_4319_1.jpg,4
2376,6506_12_5_4319_4320_0.jpg,4
2377,6506_12_5_4319_4320_1.jpg,4
2378,6506_12_5_4320_4321_0.jpg,4
2379,6506_12_5_4320_4321_1.jpg,4
2380,6506_12_5_4321_4322_0.jpg,4
2381,6506_12_5_4321_4322_1.jpg,4
2382,6506_12_5_4322_4323_0.jpg,4
2383,6506_12_5_4322_4323_1.jpg,4
2384,6506_12_5_4323_4324_0.jpg,4
2385,6506_12_5_4323_4324_1.jpg,4
2386,6506_12_5_4324_4324_0.jpg,0
2387,6506_12_5_4324_4324_1.jpg,0
2388,6506_12_5_4327_4328_0.jpg,1
2389,6506_12_5_4327_4328_1.jpg,1
2390,6506_12_5_4328_4329_0.jpg,1
2391,6506_12_5_4328_4329_1.jpg,1
2392,6506_12_5_4329_4330_0.jpg,1
2393,6506_12_5_4329_4330_1.jpg,1
2394,6506_12_5_4330_4331_0.jpg,1
2395,6506_12_5_4330_4331_1.jpg,1
2396,6506_12_5_4331_4332_0.jpg,1
2397,6506_12_5_4331_4332_1.jpg,1
2398,6506_12_5_4332_4333_0.jpg,1
2399,6506_12_5_4332_4333_1.jpg,1
2400,6506_12_5_4333_4334_0.jpg,1
2401,6506_12_5_4333_4334_1.jpg,1
2402,6506_12_5_4335_4336_0.jpg,1
2403,6506_12_5_4335_4336_1.jpg,1
2404,6506_12_5_4336_4337_0.jpg,1
2405,6506_12_5_4336_4337_1.jpg,1
2406,6506_12_5_4337_4338_0.jpg,1
2407,6506_12_5_4337_4338_1.jpg,1
2408,6506_12_5_4338_4339_0.jpg,1
2409,6506_12_5_4338_4339_1.jpg,1
2410,6506_12_5_4339_4340_0.jpg,1
2411,6506_12_5_4339_4340_1.jpg,1
2412,6506_12_5_4340_4341_0.jpg,1
2413,6506_12_5_4340_4341_1.jpg,1
2414,6506_12_5_4341_4342_0.jpg,1
2415,6506_12_5_4341_4342_1.jpg,1
2416,6506_12_5_4342_4343_0.jpg,1
2417,6506_12_5_4342_4343_1.jpg,1
2418,6506_12_5_4343_4344_0.jpg,1
2419,6506_12_5_4343_4344_1.jpg,1
2420,6506_12_5_4344_4345_0.jpg,1
2421,6506_12_5_4344_4345_1.jpg,1
2422,6506_12_5_4345_4346_0.jpg,1
2423,6506_12_5_4345_4346_1.jpg,1
2424,6506_12_5_4346_4347_0.jpg,1
2425,6506_12_5_4346_4347_1.jpg,1
2426,6506_12_5_4347_4348_0.jpg,1
2427,6506_12_5_4347_4348_1.jpg,1
2428,6506_12_5_4348_4349_0.jpg,1
2429,6506_12_5_4348_4349_1.jpg,1
2430,6506_12_5_4349_4350_0.jpg,1
2431,6506_12_5_4349_4350_1.jpg,1
2432,6506_12_5_4350_4351_0.jpg,1
2433,6506_12_5_4350_4351_1.jpg,1
2434,6506_12_5_4351_4352_0.jpg,1
2435,6506_12_5_4351_4352_1.jpg,1
2436,6506_12_5_4352_4353_0.jpg,1
2437,6506_12_5_4352_4353_1.jpg,1
2438,6506_12_5_4353_4354_0.jpg,1
2439,6506_12_5_4353_4354_1.jpg,1
2440,6506_12_5_4354_4355_0.jpg,1
2441,6506_12_5_4354_4355_1.jpg,1
2442,6506_12_5_4355_4356_0.jpg,1
2443,6506_12_5_4355_4356_1.jpg,1
2444,6506_12_5_4356_4357_0.jpg,1
2445,6506_12_5_4356_4357_1.jpg,1
2446,6506_12_5_4357_4358_0.jpg,1
2447,6506_12_5_4357_4358_1.jpg,1
2448,6506_12_5_4358_4359_0.jpg,1
2449,6506_12_5_4358_4359_1.jpg,1
2450,6506_12_5_4359_4360_0.jpg,1
2451,6506_12_5_4359_4360_1.jpg,1
2452,6506_12_5_4360_4361_0.jpg,1
2453,6506_12_5_4360_4361_1.jpg,1
2454,6506_12_5_4361_4362_0.jpg,1
2455,6506_12_5_4361_4362_1.jpg,1
