1851,524; 71,936
1851,525; 71,414
1851,526; 70,719
1851,528; 70,023
1851,530; 69,327
1851,531; 68,631
1851,533; 67,936
1851,534; 67,240
1851,536; 66,544
1851,538; 65,849
1851,539; 65,153
1851,541; 64,457
1851,601; 63,761
1851,661; 63,066
1851,663; 62,370
1851,664; 61,674
1851,666; 60,978
1851,667; 60,283
1851,669; 59,587
1851,670; 58,891
1851,983; 76,110
1851,997; 69,675
1851,999; 68,979
1852,118; 68,284
1852,119; 67,588
1852,134; 61,326
1852,179; 66,892
1852,240; 66,196
1852,241; 65,501
1852,243; 64,805
1852,244; 64,109
1852,304; 63,414
1852,365; 62,718
1852,366; 62,022
1852,369; 60,631
1852,543; 61,326
1852,715; 63,066
1852,834; 62,370
1852,948; 63,935
1853,031; 61,732
1853,185; 62,370
1853,249; 60,283
1853,250; 59,587
1853,306; 60,978
1853,310; 58,891
1853,312; 58,196
1853,434; 56,282
1853,470; 65,849
1853,530; 65,153
1853,532; 64,457
1853,597; 61,674
1853,652; 63,066
1853,654; 62,370
1853,833; 60,978
1853,893; 60,283
1853,895; 59,587
1853,896; 58,891
1853,898; 58,196
1853,899; 57,500
1853,901; 56,804
1853,902; 56,108
1853,904; 55,413
1853,906; 54,717
1853,907; 54,021
1853,909; 53,326
1853,910; 52,630
1853,912; 51,934
1853,914; 51,238
1853,915; 50,543
1853,917; 49,847
1854,007; 61,500
1854,192; 49,209
1854,369; 56,804
1854,371; 56,108
1854,373; 55,413
1854,374; 54,717
1854,376; 54,021
1854,377; 53,326
1854,379; 52,630
1854,381; 51,934
1854,382; 51,238
1854,384; 50,543
1854,385; 49,847
1854,534; 61,674
1854,594; 60,978
1854,596; 60,283
1854,597; 59,587
1854,599; 58,891
1854,650; 62,370
1854,822; 63,761
1854,941; 63,066
1855,177; 62,370
1855,178; 61,674
1855,180; 60,978
1855,182; 60,283
1855,183; 59,587
1855,185; 58,891
1855,186; 58,196
1855,188; 57,500
1855,189; 56,804
1855,191; 56,108
1855,193; 55,413
1855,194; 54,717
1855,196; 54,021
1855,197; 53,326
1855,199; 52,630
1855,318; 51,934
1855,351; 63,066
1855,588; 62,022
1855,755; 65,501
1855,757; 64,805
1855,759; 64,109
1855,938; 88,112
1855,940; 87,416
1855,941; 86,720
1855,943; 86,024
1855,945; 85,329
1855,946; 84,633
1855,948; 83,937
1855,949; 83,241
1855,951; 82,546
1855,952; 81,850
1855,954; 81,154
1855,957; 79,937
1856,166; 90,894
1856,168; 90,199
1856,169; 89,503
1856,387; 96,808
1856,389; 96,112
1856,390; 95,417
1856,392; 94,721
1856,393; 94,025
1856,395; 93,329
1856,396; 92,634
1856,398; 91,938
1856,501; 98,199
1856,503; 97,504
1856,854; 97,504
1856,911; 98,199
1856,968; 98,895
1857,321; 98,026
1857,505; 94,721
1857,557; 97,330
1857,558; 96,808
1857,560; 96,112
1857,562; 95,417
1857,565; 94,025
1857,802; 92,634
1857,862; 91,938
1857,922; 91,242
1857,924; 90,547
1857,926; 89,851
1858,273; 91,764
1858,274; 91,242
1858,275; 90,547
1858,512; 89,503
1858,572; 88,807
1858,632; 88,112
1858,634; 87,416
1858,636; 86,720
1858,878; 83,241
1858,971; 93,851
1858,972; 93,329
1858,974; 92,634
1858,975; 91,938
1858,977; 91,242
1859,199; 96,460
1859,201; 95,764
1859,315; 97,156
1859,319; 95,069
1859,665; 97,504
1859,667; 96,808
1859,781; 98,199
1859,896; 99,069
1860,133; 97,678
1860,135; 97,156
1860,136; 96,460
1860,138; 95,764
1860,139; 95,069
1860,376; 94,199
1860,379; 92,634
1860,381; 91,938
1860,382; 91,242
1860,384; 90,547
1860,386; 89,851
1860,387; 89,155
1860,389; 88,459
1860,390; 87,764
1860,392; 87,068
1860,393; 86,372
1860,395; 85,677
1860,397; 84,981
1860,398; 84,285
1860,947; 83,299
1860,982; 85,155
1860,983; 84,633
1860,985; 83,937
1861,222; 82,604
1861,224; 81,850
1861,574; 82,198
1861,932; 79,415
1861,934; 78,719
1861,935; 78,024
1861,986; 81,502
1861,988; 80,806
1861,989; 80,111
1862,032; 87,068
1862,033; 86,372
1862,035; 85,677
1862,037; 84,981
1862,038; 84,285
1862,040; 83,589
1862,041; 82,894
1862,043; 82,198
1862,265; 87,590
1862,475; 98,373
1862,494; 89,851
1862,496; 89,155
1862,497; 88,459
1863,078; 90,605
1863,194; 91,242
1863,428; 91,068
1863,430; 90,373
1863,673; 86,372
1863,675; 85,677
1863,686; 80,633
1863,730; 87,068
1863,786; 88,459
1863,787; 87,764
1863,843; 89,155
1863,898; 90,547
1863,900; 89,851
1864,014; 91,242
1864,128; 92,460
1864,129; 91,938
1864,346; 99,765
1864,474; 94,895
1864,709; 94,373
1864,711; 93,677
1864,713; 92,982
1864,714; 92,286
1864,716; 91,590
1864,717; 90,894
1864,719; 90,199
1864,721; 89,503
1864,939; 96,460
1864,941; 95,764
1864,942; 95,069
1865,061; 94,373
1865,062; 93,677
1865,064; 92,982
1865,066; 92,286
1865,067; 91,590
1865,069; 90,894
1865,070; 90,199
1865,072; 89,503
1865,074; 88,807
1865,075; 88,112
1865,077; 87,416
1865,078; 86,720
1865,084; 84,111
1865,197; 86,024
1865,199; 85,329
1865,550; 85,155
1865,782; 86,372
1865,836; 88,459
1865,896; 87,764
1865,901; 85,734
1866,015; 87,068
1866,017; 86,198
1866,032; 79,415
1866,137; 84,981
1866,138; 84,285
1866,140; 83,589
1866,141; 82,894
1866,143; 82,198
1866,144; 81,502
1866,146; 80,806
1866,148; 80,111
1866,252; 85,503
1866,540; 87,764
1866,588; 92,460
1866,589; 91,938
1866,591; 91,242
1866,594; 89,851
1866,596; 89,155
1866,597; 88,459
1866,952; 86,894
1866,953; 86,372
1866,955; 85,677
1866,957; 84,981
1866,958; 84,285
1866,960; 83,589
1866,961; 82,894
1866,963; 82,198
1866,964; 81,502
1866,966; 80,806
1866,968; 80,111
1866,969; 79,415
1866,971; 78,719
1867,441; 78,198
1867,442; 77,676
1867,443; 76,980
1867,448; 74,893
1867,450; 74,197
1867,451; 73,501
1867,811; 70,023
1867,812; 69,327
1867,814; 68,631
1867,815; 67,936
1867,817; 67,240
1867,818; 66,544
1867,820; 65,849
1867,822; 65,153
1867,868; 70,719
1867,882; 64,457
1867,907; 79,067
1867,909; 78,371
1867,912; 76,980
1867,913; 76,284
1867,915; 75,589
1867,917; 74,893
1867,918; 74,197
1867,920; 73,501
1867,921; 72,806
1867,923; 72,110
1867,924; 71,414
1867,969; 77,676
1868,023; 79,763
1868,137; 81,154
1868,138; 80,459
1868,365; 83,589
1868,367; 82,894
1868,369; 82,198
1868,481; 84,285
1868,953; 82,546
1868,955; 81,850
1868,957; 81,154
1868,958; 80,459
1868,960; 79,763
1868,961; 79,067
1868,963; 78,371
1868,965; 77,676
1869,025; 76,980
1869,063; 86,024
1869,064; 85,329
1869,066; 84,633
1869,067; 83,937
1869,069; 83,241
1869,295; 86,720
1869,542; 81,328
1869,633; 92,808
1869,634; 92,286
1869,636; 91,590
1869,637; 90,894
1869,639; 90,199
1869,640; 89,503
1869,642; 88,807
1869,644; 88,112
1869,764; 86,720
1869,767; 85,155
1869,840; 87,474
1869,995; 88,112
1870,052; 88,807
1870,226; 89,503
1870,703; 86,024
1870,935; 86,720
1871,238; 82,546
1871,288; 86,024
1871,290; 85,329
1871,291; 84,633
1871,293; 83,937
1871,295; 83,241
1871,345; 86,720
1871,401; 88,112
1871,402; 87,416
1871,623; 93,329
1871,625; 92,634
1871,626; 91,938
1871,628; 91,242
1871,629; 90,547
1871,631; 89,851
1871,633; 89,155
1871,856; 94,025
1871,963; 98,199
1871,965; 97,504
1871,967; 96,808
1871,968; 96,112
1871,970; 95,417
1871,971; 94,721
1872,090; 93,851
1872,092; 93,329
1872,093; 92,634
1872,095; 91,938
1872,096; 91,242
1872,098; 90,547
1872,100; 89,851
1872,101; 89,155
1872,103; 88,459
1872,104; 87,764
1872,106; 87,068
1872,108; 86,372
1872,109; 85,677
1872,111; 84,981
1872,112; 84,285
1872,114; 83,589
1872,233; 82,894
1872,351; 82,198
1872,353; 81,502
1872,589; 80,633
1872,590; 80,111
1872,826; 79,415
1872,828; 78,719
1872,837; 74,545
1872,839; 73,849
1872,840; 73,154
1872,849; 69,501
1872,953; 75,241
1873,068; 75,936
1873,184; 76,632
1873,300; 77,154
1873,303; 75,589
1873,305; 74,893
1873,307; 74,197
1873,308; 73,501
1873,310; 72,806
1873,311; 72,110
1873,313; 71,414
1873,550; 70,197
1873,785; 69,675
1873,963; 68,979
1874,252; 70,545
1874,370; 70,023
1874,606; 69,327
1874,708; 76,284
1874,709; 75,589
1874,711; 74,893
1874,712; 74,197
1874,714; 73,501
1874,715; 72,806
1874,717; 72,110
1874,719; 71,414
1874,720; 70,719
1874,722; 70,023
1874,817; 79,763
1874,818; 79,067
1874,820; 78,371
1874,822; 77,676
1874,823; 76,980
1874,966; 65,675
1875,436; 64,979
1875,437; 64,457
1875,439; 63,761
1875,440; 63,066
1875,442; 62,370
1875,444; 61,674
1875,445; 60,978
1875,447; 60,283
1875,448; 59,587
1875,450; 58,891
1875,452; 58,196
1875,633; 55,761
1875,693; 55,065
1875,695; 54,369
1875,696; 53,673
1875,698; 52,978
1875,699; 52,282
1875,701; 51,586
1875,702; 50,891
1875,704; 50,195
1875,706; 49,499
1875,707; 48,803
1875,709; 48,108
1875,710; 47,412
1875,712; 46,716
1875,714; 46,021
1875,715; 45,325
1875,721; 42,542
1875,723; 41,846
1875,834; 44,629
1875,953; 43,933
1876,076; 41,151
1876,078; 40,455
1876,079; 39,759
1876,190; 42,542
1876,192; 41,846
1876,393; 56,108
1876,419; 44,977
1876,527; 48,977
1876,528; 48,456
1876,530; 47,760
1876,531; 47,064
1876,533; 46,368
1876,534; 45,673
1876,862; 55,935
1876,947; 44,629
1877,104; 52,804
1877,116; 47,412
1877,118; 46,716
1877,119; 46,021
1877,121; 45,325
1877,173; 48,108
1877,230; 48,803
1877,331; 55,935
1877,586; 46,716
1877,590; 45,151
1877,702; 47,412
1877,804; 53,847
1877,809; 51,586
1877,811; 50,891
1877,813; 50,195
1877,814; 49,499
1877,816; 48,803
1877,817; 48,108
1877,974; 56,456
1877,976; 55,761
1878,023; 60,457
1878,025; 59,935
1878,026; 59,239
1878,028; 58,543
1878,029; 57,848
1878,031; 57,152
1878,233; 71,240
1878,239; 68,805
1878,357; 68,284
1878,359; 67,588
1878,419; 66,892
1878,479; 66,196
1878,481; 65,501
1878,482; 64,805
1878,484; 64,109
1878,485; 63,414
1878,487; 62,718
1878,488; 62,022
1878,741; 54,021
1878,743; 53,326
1878,756; 47,586
1878,798; 54,717
1878,845; 59,587
1878,847; 58,891
1878,849; 58,196
1878,850; 57,500
1878,852; 56,804
1878,853; 56,108
1878,855; 55,413
1878,874; 47,064
1878,902; 60,283
1878,953; 63,587
1878,955; 63,066
1878,956; 62,370
1878,958; 61,674
1878,959; 60,978
1879,177; 68,284
1879,179; 67,588
1879,180; 66,892
1879,240; 66,196
1879,277; 75,936
1879,278; 75,241
1879,280; 74,545
1879,282; 73,849
1879,283; 73,154
1879,285; 72,458
1879,301; 65,501
1879,302; 64,805
1879,334; 76,632
1879,421; 64,109
1879,422; 63,414
1879,424; 62,718
1879,426; 62,022
1879,427; 61,326
1879,429; 60,631
1879,430; 59,935
1879,432; 59,239
1879,434; 58,543
1879,435; 57,848
1879,437; 57,152
1879,557; 55,761
1879,677; 54,717
1879,678; 54,021
1879,680; 53,326
1879,681; 52,630
1879,921; 50,195
1879,923; 49,499
1879,924; 48,803
1879,926; 48,108
1879,927; 47,412
1880,165; 46,021
1880,166; 45,325
1880,168; 44,629
1880,170; 43,933
1880,230; 43,238
1880,435; 56,108
1880,627; 48,977
1880,628; 48,456
1880,629; 47,760
1880,631; 47,064
1880,633; 46,368
1880,634; 45,673
1880,636; 44,977
1880,637; 44,281
1880,639; 43,586
1880,834; 60,978
1880,835; 60,283
1880,837; 59,587
1880,838; 58,891
1880,840; 58,196
1880,842; 57,500
1880,843; 56,804
1880,846; 55,413
1880,848; 54,717
1880,850; 54,021
1880,851; 53,326
1880,853; 52,630
1880,854; 51,934
1880,903; 56,108
1881,123; 62,718
1881,174; 66,022
1881,175; 65,501
1881,176; 64,805
1881,178; 64,109
1881,180; 63,414
1881,183; 62,022
1881,529; 64,457
1881,532; 63,066
1881,589; 63,761
1881,758; 66,544
1881,760; 65,849
1881,990; 67,762
1881,991; 67,240
1882,328; 73,328
1882,330; 72,806
1882,331; 72,110
1882,333; 71,414
1882,334; 70,719
1882,336; 70,023
1882,338; 69,327
1882,339; 68,631
1882,686; 70,719
1882,687; 70,023
1882,689; 69,327
1882,691; 68,631
1882,860; 71,414
1883,093; 72,110
1883,134; 79,763
1883,135; 79,067
1883,137; 78,371
1883,138; 77,676
1883,140; 76,980
1883,142; 76,284
1883,143; 75,589
1883,145; 74,893
1883,146; 74,197
1883,148; 73,501
1883,150; 72,806
1883,249; 80,459
1883,360; 83,241
1883,362; 82,546
1883,363; 81,850
1883,365; 81,154
1883,417; 83,937
1883,465; 88,633
1883,466; 88,112
1883,468; 87,416
1883,469; 86,720
1883,471; 86,024
1883,473; 85,329
1883,474; 84,633
1883,834; 80,806
1883,948; 82,198
1883,950; 81,502
1884,058; 85,503
1884,059; 84,981
1884,061; 84,285
1884,062; 83,589
1884,064; 82,894
1884,154; 94,547
1884,156; 94,025
1884,157; 93,329
1884,159; 92,634
1884,160; 91,938
1884,220; 91,242
1884,347; 87,068
1884,466; 86,372
1884,526; 85,677
1884,636; 88,633
1884,763; 84,633
1884,764; 83,937
1884,766; 83,241
1884,767; 82,546
1884,769; 81,850
1884,771; 81,154
1884,772; 80,459
1884,774; 79,763
1884,775; 79,067
1884,777; 78,371
1885,014; 77,154
1885,015; 76,632
1885,017; 75,936
1885,254; 74,545
1885,256; 73,849
1885,257; 73,154
1885,259; 72,458
1885,260; 71,762
1885,262; 71,066
1885,264; 70,371
1885,265; 69,675
1885,267; 68,979
1885,268; 68,284
1885,270; 67,588
1885,272; 66,892
1885,273; 66,196
1885,275; 65,501
1885,630; 63,761
1885,732; 70,545
1885,733; 70,023
1885,735; 69,327
1885,736; 68,631
1885,738; 67,936
1885,739; 67,240
1885,741; 66,544
1885,742; 65,849
1885,744; 65,153
1885,746; 64,457
1885,961; 72,980
1885,963; 71,936
1886,140; 71,414
1886,200; 70,719
1886,202; 70,023
1886,203; 69,327
1886,205; 68,631
1886,206; 67,936
1886,208; 67,240
1886,209; 66,544
1886,211; 65,849
1886,213; 65,153
1886,214; 64,457
1886,216; 63,761
1886,217; 63,066
1886,219; 62,370
1886,221; 61,674
1886,408; 56,456
1886,459; 59,935
1886,460; 59,239
1886,462; 58,543
1886,464; 57,848
1886,468; 55,761
1886,470; 55,065
1886,471; 54,369
1886,473; 53,673
1886,524; 57,152
1886,710; 52,282
1886,748; 53,036
1886,942; 53,673
1887,052; 56,456
1887,116; 54,369
1887,173; 55,065
1887,286; 56,978
1887,395; 60,457
1887,396; 59,935
1887,624; 62,718
1887,625; 62,022
1887,627; 61,326
1887,754; 56,804
1887,842; 69,675
1887,949; 74,371
1887,950; 73,849
1887,952; 73,154
1887,953; 72,458
1887,955; 71,762
1887,956; 71,066
1887,958; 70,371
1888,106; 56,630
1888,417; 74,545
1888,419; 73,849
1888,541; 71,414
1888,601; 70,719
1888,722; 69,327
1888,723; 68,631
1888,779; 70,023
1888,783; 67,936
1888,785; 67,240
1888,787; 66,544
1888,788; 65,849
1888,809; 56,630
1889,029; 63,066
1889,030; 62,370
1889,032; 61,674
1889,034; 60,978
1889,276; 57,152
1889,387; 59,935
1889,389; 59,239
1889,390; 58,543
1889,392; 57,848
1889,395; 56,456
1889,397; 55,761
1889,398; 55,065
1889,400; 54,369
1889,402; 53,673
1889,403; 52,978
1889,490; 66,196
1889,492; 65,501
1889,493; 64,805
1889,495; 64,109
1889,497; 63,414
1889,498; 62,718
1889,500; 62,022
1889,501; 61,326
1889,503; 60,631
1889,606; 66,892
1889,629; 56,804
1889,721; 67,588
1889,837; 68,284
1889,932; 78,024
1889,933; 77,328
1889,935; 76,632
1889,937; 75,936
1889,938; 75,241
1889,940; 74,545
1889,941; 73,849
1889,943; 73,154
1889,945; 72,458
1889,946; 71,762
1889,948; 71,066
1889,949; 70,371
1889,951; 69,675
1889,952; 68,979
1889,989; 78,719
1890,148; 86,198
1890,266; 85,677
1890,267; 84,981
1890,269; 84,285
1890,271; 83,589
1890,272; 82,894
1890,274; 82,198
1890,275; 81,502
1890,277; 80,806
1890,279; 80,111
1890,280; 79,415
1890,399; 78,719
1890,400; 78,024
1890,402; 77,328
1890,404; 76,632
1890,405; 75,936
1890,407; 75,241
1890,408; 74,545
1890,410; 73,849
1890,411; 73,154
1890,413; 72,458
1890,415; 71,762
1890,416; 71,066
1890,418; 70,371
1890,419; 69,675
1890,657; 68,284
1890,658; 67,588
1890,662; 66,196
1890,663; 65,501
1890,668; 63,587
1890,669; 63,066
1890,683; 56,804
1890,719; 66,892
1890,905; 62,196
1890,906; 61,674
1890,908; 60,978
1890,909; 60,283
1890,911; 59,587
1890,912; 58,891
1890,914; 58,196
1890,916; 57,500
1890,920; 55,761
1890,921; 55,065
1890,923; 54,369
1890,924; 53,673
1890,926; 52,978
1890,928; 52,282
1890,929; 51,586
1890,977; 56,456
1891,165; 50,717
1891,167; 50,195
1891,503; 56,804
1891,511; 53,152
1891,635; 50,195
1891,690; 51,934
1891,747; 52,688
1891,751; 50,717
1892,099; 52,456
1892,103; 50,717
1892,155; 53,326
1892,314; 60,805
1892,322; 57,152
1892,441; 56,456
1892,442; 55,761
1892,444; 55,065
1892,446; 54,369
1892,557; 56,978
1892,642; 53,731
1892,795; 55,065
1892,797; 54,369
1893,026; 56,804
1893,134; 60,805
1893,135; 60,283
1893,137; 59,587
1893,138; 58,891
1893,140; 58,196
1893,141; 57,500
1893,249; 61,500
1893,378; 56,630
1893,498; 55,413
1893,499; 54,717
1893,501; 54,021
1893,502; 53,326
1893,504; 52,630
1893,505; 51,934
1893,743; 50,543
1893,744; 49,847
1893,746; 49,151
1893,748; 48,456
1893,751; 46,890
1893,845; 56,978
1894,159; 47,760
1894,216; 48,456
1894,273; 49,151
1894,315; 56,630
1894,329; 50,543
1894,330; 49,847
1894,441; 52,456
1894,443; 51,760
1894,444; 51,238
1894,859; 49,151
1894,914; 50,543
1894,916; 49,847
1895,017; 56,804
1895,145; 51,934
1895,147; 51,238
1895,202; 52,630
1895,258; 54,021
1895,259; 53,326
1895,373; 54,717
1895,547; 55,413
1895,604; 56,108
1895,608; 54,369
1895,610; 53,673
1895,612; 52,978
1895,615; 51,412
1895,720; 56,804
1895,826; 61,500
1895,828; 60,978
1895,829; 60,283
1895,831; 59,587
1895,832; 58,891
1895,834; 58,196
1895,836; 57,500
1896,043; 69,327
1896,045; 68,631
1896,046; 67,936
1896,048; 67,240
1896,049; 66,544
1896,051; 65,849
1896,052; 65,153
1896,054; 64,457
1896,155; 71,414
1896,157; 70,719
1896,158; 70,023
1896,305; 56,978
1896,510; 69,849
1896,511; 69,327
1896,726; 78,024
1896,735; 74,023
1896,736; 73,501
1896,738; 72,806
1896,739; 72,110
1896,741; 71,414
1896,743; 70,719
1896,783; 78,719
1896,840; 79,415
1897,184; 82,720
1897,185; 82,198
1897,187; 81,502
1897,188; 80,806
1897,190; 80,111
1897,191; 79,415
1897,193; 78,719
1897,393; 93,851
1897,405; 88,459
1897,407; 87,764
1897,408; 87,068
1897,410; 86,372
1897,411; 85,677
1897,413; 84,981
1897,415; 84,285
1897,456; 91,938
1897,457; 91,242
1897,462; 89,155
1897,511; 93,329
1897,513; 92,634
1897,517; 90,547
1897,519; 89,851
1897,849; 99,243
1897,851; 98,547
1897,852; 97,852
1897,854; 97,156
1897,855; 96,460
1897,857; 95,764
1897,859; 95,069
1897,860; 94,373
1897,862; 93,677
1897,863; 92,982
1897,865; 92,286
1897,867; 91,590
1897,868; 90,894
1897,870; 90,199
1898,140; 100,287
1898,299; 107,418
1898,421; 105,157
1898,423; 104,461
1898,425; 103,765
1898,426; 103,069
1898,428; 102,374
1898,429; 101,678
1898,431; 100,982
1898,550; 100,287
1898,551; 99,591
1898,553; 98,895
1898,554; 98,199
1898,855; 94,721
1898,910; 96,112
1898,912; 95,417
1898,967; 96,808
1899,004; 106,374
1899,012; 103,069
1899,013; 102,374
1899,015; 101,678
1899,017; 100,982
1899,018; 100,287
1899,020; 99,591
1899,021; 98,895
1899,023; 98,199
1899,024; 97,504
1899,123; 105,852
1899,124; 105,157
1899,126; 104,461
1899,127; 103,765
1899,470; 107,418
1899,479; 103,765
1899,536; 104,461
1899,591; 105,852
1899,593; 105,157
1899,721; 100,113
1900,117; 80,806
1900,118; 80,111
1900,120; 79,415
1900,121; 78,719
1900,123; 78,024
1900,229; 82,894
1900,231; 82,198
1900,232; 81,502
1900,242; 77,328
1900,345; 83,589
1900,429; 98,199
1900,430; 97,504
1900,432; 96,808
1900,433; 96,112
1900,435; 95,417
1900,436; 94,721
1900,438; 94,025
1900,440; 93,329
1900,441; 92,634
1900,443; 91,938
1900,444; 91,242
1900,446; 90,547
1900,448; 89,851
1900,449; 89,155
1900,451; 88,459
1900,452; 87,764
1900,454; 87,068
1900,455; 86,372
1900,457; 85,677
1900,459; 84,981
1900,460; 84,285
1900,486; 98,895
1901,001; 104,113
1901,002; 103,417
1901,004; 102,722
1901,006; 102,026
1901,007; 101,330
1901,009; 100,634
1901,010; 99,939
1901,012; 99,243
1901,013; 98,547
1901,132; 97,852
1901,134; 97,156
1901,495; 92,634
1901,497; 91,938
1901,727; 94,025
1901,728; 93,329
1901,843; 94,547
1901,847; 92,634
1901,849; 91,938
1901,850; 91,242
1901,852; 90,547
1901,853; 89,851
1901,855; 89,155
1901,856; 88,459
1901,858; 87,764
1901,860; 87,068
1901,861; 86,372
1901,863; 85,677
1901,864; 84,981
1902,227; 80,111
1902,228; 79,415
1902,230; 78,719
1902,232; 78,024
1902,233; 77,328
1902,235; 76,632
1902,236; 75,936
1902,238; 75,241
1902,239; 74,545
1902,241; 73,849
1902,243; 73,154
1902,244; 72,458
1902,246; 71,762
1902,247; 71,066
1902,325; 88,459
1902,327; 87,764
1902,328; 87,068
1902,330; 86,372
1902,331; 85,677
1902,333; 84,981
1902,334; 84,285
1902,336; 83,589
1902,338; 82,894
1902,339; 82,198
1902,341; 81,502
1902,342; 80,806
1902,647; 101,330
1902,649; 100,634
1902,650; 99,939
1902,652; 99,243
1902,653; 98,547
1902,655; 97,852
1902,657; 97,156
1902,658; 96,460
1902,660; 95,764
1902,661; 95,069
1902,663; 94,373
1902,665; 93,677
1902,704; 102,026
1902,725; 92,982
1902,757; 104,635
1902,761; 102,548
1902,785; 92,286
1902,786; 91,590
1902,788; 90,894
1902,790; 90,199
1902,791; 89,503
1902,793; 88,807
1902,796; 87,416
1902,797; 86,720
1902,853; 88,112
1902,916; 86,024
1903,266; 86,546
1903,268; 86,024
1903,386; 85,329
1903,388; 84,633
1903,496; 88,633
1903,735; 86,720
1903,736; 86,024
1903,934; 101,852
1903,944; 97,852
1903,945; 97,156
1903,947; 96,460
1903,948; 95,764
1903,950; 95,069
1903,951; 94,373
1903,953; 93,677
1903,955; 92,982
1903,956; 92,286
1903,958; 91,590
1903,959; 90,894
1903,961; 90,199
1903,963; 89,503
1903,964; 88,807
1903,966; 88,112
1903,967; 87,416
1903,994; 101,330
1904,001; 98,547
1904,054; 100,634
1904,056; 99,939
1904,058; 99,243
1904,411; 98,547
1904,412; 97,852
1904,414; 97,156
1904,465; 100,287
1904,522; 100,982
1904,539; 93,677
1904,540; 92,982
1904,542; 92,286
1904,596; 94,373
1904,652; 95,591
1904,653; 95,069
1904,891; 93,503
1904,892; 92,982
1904,893; 92,286
1904,895; 91,590
1904,897; 90,894
1904,898; 90,199
1904,900; 89,503
1904,901; 88,807
1904,903; 88,112
1904,904; 87,416
1904,906; 86,720
1904,908; 86,024
1904,909; 85,329
1904,911; 84,633
1904,912; 83,937
1904,914; 83,241
1905,156; 79,937
1905,157; 79,415
1905,159; 78,719
1905,160; 78,024
1905,162; 77,328
1905,163; 76,632
1905,165; 75,936
1905,190; 64,805
1905,247; 65,501
1905,284; 75,241
1905,285; 74,545
1905,287; 73,849
1905,288; 73,154
1905,290; 72,458
1905,291; 71,762
1905,293; 71,066
1905,295; 70,371
1905,296; 69,675
1905,298; 68,979
1905,299; 68,284
1905,301; 67,588
1905,303; 66,892
1905,304; 66,196
1905,743; 79,067
1905,745; 78,371
1905,747; 77,676
1905,800; 79,763
1905,807; 76,980
1905,856; 80,980
1905,867; 76,284
1905,868; 75,589
1905,870; 74,893
1905,872; 74,197
1905,873; 73,501
1905,875; 72,806
1905,876; 72,110
1906,295; 68,284
1906,352; 68,805
1906,355; 67,588
1906,357; 66,892
1906,358; 66,196
1906,360; 65,501
1906,362; 64,805
1906,363; 64,109
1906,365; 63,414
1906,366; 62,718
1906,368; 62,022
1906,721; 61,326
1906,833; 63,414
1906,835; 62,718
1906,836; 62,022
1907,119; 66,544
1907,179; 65,849
1907,181; 65,153
1907,377; 64,515
1907,515; 72,806
1907,516; 72,110
1907,521; 70,023
1907,523; 69,327
1907,524; 68,631
1907,526; 67,936
1907,527; 67,240
1907,529; 66,544
1907,531; 65,849
1907,532; 65,153
1907,537; 63,240
1907,637; 70,719
1907,746; 74,197
1907,747; 73,501
1907,803; 74,893
1907,860; 75,589
1907,917; 76,284
1907,974; 76,806
1907,984; 72,632
1908,334; 73,154
1908,337; 71,762
1908,339; 71,066
1908,340; 70,371
1908,435; 80,285
1908,446; 75,241
1908,448; 74,545
1908,450; 73,849
1908,453; 72,458
1908,503; 75,936
1908,556; 78,545
1908,557; 78,024
1908,559; 77,328
1908,560; 76,632
1908,915; 75,067
1908,916; 74,545
1908,918; 73,849
1908,920; 73,154
1908,921; 72,458
1908,923; 71,762
1908,924; 71,066
1908,926; 70,371
1908,928; 69,675
1908,988; 68,979
1909,106; 68,284
1909,177; 63,240
1909,379; 77,328
1909,380; 76,632
1909,382; 75,936
1909,383; 75,241
1909,385; 74,545
1909,387; 73,849
1909,388; 73,154
1909,390; 72,458
1909,391; 71,762
1909,393; 71,066
1909,395; 70,371
1909,396; 69,675
1909,494; 78,024
1909,604; 81,328
1909,608; 79,415
1909,610; 78,719
1909,723; 80,633
1909,724; 80,111
1910,077; 79,415
1910,078; 78,719
1910,080; 78,024
1910,082; 77,328
1910,083; 76,632
1910,085; 75,936
1910,086; 75,241
1910,088; 74,545
1910,089; 73,849
1910,091; 73,154
1910,156; 70,371
1910,210; 72,458
1910,211; 71,762
1910,213; 71,066
1910,549; 77,676
1910,551; 76,980
1910,553; 76,284
1910,554; 75,589
1910,556; 74,893
1910,557; 74,197
1910,559; 73,501
1910,665; 78,371
1910,777; 80,459
1910,779; 79,763
1910,780; 79,067
1910,834; 81,154
1910,888; 83,068
1910,890; 82,546
1910,891; 81,850
1910,999; 85,850
1911,248; 79,589
1911,249; 79,067
1911,251; 78,371
1911,252; 77,676
1911,254; 76,980
1911,255; 76,284
1911,257; 75,589
1911,376; 74,893
1911,377; 74,197
1911,379; 73,501
1911,380; 72,806
1911,382; 72,110
1911,384; 71,414
1911,385; 70,719
1911,387; 70,023
1911,388; 69,327
1911,390; 68,631
1911,391; 67,936
1911,393; 67,240
1911,395; 66,544
1911,720; 78,198
1911,721; 77,676
1912,067; 79,763
1912,069; 79,067
1912,188; 78,371
1912,189; 77,676
1912,191; 76,980
1912,429; 75,415
1912,430; 74,893
1912,551; 73,154
1912,670; 72,458
1912,671; 71,762
1912,673; 71,066
1912,674; 70,371
1912,910; 69,675
1913,007; 78,545
1913,008; 78,024
1913,010; 77,328
1913,264; 68,631
1913,380; 69,327
1913,492; 71,414
1913,494; 70,719
1913,495; 70,023
1913,606; 72,632
1913,608; 72,110
1913,790; 69,327
1913,836; 74,545
1913,838; 73,849
1913,844; 71,414
1913,845; 70,719
1913,847; 70,023
1913,950; 75,936
1913,952; 75,241
1914,066; 76,632
1914,304; 75,067
1914,305; 74,545
1914,550; 69,849
1914,769; 76,632
1914,770; 75,936
1914,772; 75,241
1914,774; 74,545
1914,964; 93,851
1914,965; 93,329
1914,967; 92,634
1914,968; 91,938
1914,970; 91,242
1914,971; 90,547
1914,973; 89,851
1914,975; 89,155
1914,976; 88,459
1914,978; 87,764
1914,979; 87,068
1914,981; 86,372
1914,982; 85,677
1914,984; 84,981
1914,986; 84,285
1914,987; 83,589
1914,989; 82,894
1914,990; 82,198
1914,992; 81,502
1914,994; 80,806
1914,995; 80,111
1914,997; 79,415
1914,998; 78,719
1915,000; 78,024
1915,001; 77,328
1915,178; 102,896
1915,183; 100,634
1915,186; 99,243
1915,187; 98,547
1915,189; 97,852
1915,191; 97,156
1915,240; 101,330
1915,243; 99,939
1915,413; 102,200
1915,532; 101,678
1915,622; 113,679
1915,876; 104,809
1915,878; 104,113
1915,879; 103,417
1915,980; 110,548
1915,981; 110,027
1916,513; 107,940
1916,606; 118,723
1916,821; 101,330
1916,823; 100,634
1916,824; 99,939
1916,826; 99,243
1916,827; 98,547
1916,829; 97,852
1916,831; 97,156
1916,832; 96,460
1916,834; 95,764
1917,072; 94,025
1917,074; 93,329
1917,075; 92,634
1917,077; 91,938
1917,078; 91,242
1917,080; 90,547
1917,081; 89,851
1917,083; 89,155
1917,085; 88,459
1917,086; 87,764
1917,088; 87,068
1917,089; 86,372
1917,338; 79,937
1917,464; 76,284
1917,521; 76,980
1917,578; 77,502
1917,584; 75,067
1917,808; 79,415
1917,810; 78,719
1918,035; 82,546
1918,039; 80,806
1918,041; 80,111
1918,254; 89,329
1918,266; 84,285
1918,326; 83,589
1918,581; 82,952
1918,622; 82,198
1918,623; 81,502
1918,625; 80,806
1918,626; 80,111
1918,794; 83,589
1918,910; 84,285
1918,967; 84,807
1919,022; 86,372
1919,057; 79,473
1919,094; 80,633
1919,095; 80,111
1919,098; 78,719
1919,100; 78,024
1919,414; 94,547
1919,415; 94,025
1919,416; 93,329
1919,418; 92,634
1919,420; 91,938
1919,421; 91,242
1919,423; 90,547
1919,424; 89,851
1919,426; 89,155
1919,427; 88,459
1919,640; 98,026
1919,641; 97,504
1919,643; 96,808
1919,644; 96,112
1919,646; 95,417
1919,849; 109,157
1919,850; 108,635
1919,852; 107,940
1919,853; 107,244
1919,855; 106,548
1919,928; 100,287
1919,974; 105,852
1919,975; 105,157
1919,977; 104,461
1919,978; 103,765
1919,980; 103,069
1919,982; 102,374
1919,983; 101,678
1919,985; 100,982
1920,189; 114,027
1920,308; 113,505
1920,309; 112,810
1920,320; 107,940
1920,322; 107,244
1920,323; 106,548
1920,325; 105,852
1920,444; 105,157
1920,445; 104,461
1920,447; 103,765
1920,448; 103,069
1920,450; 102,374
1920,452; 101,678
1920,453; 100,982
1920,455; 100,287
1920,574; 99,591
1920,812; 97,852
1920,813; 97,156
1920,815; 96,460
1920,817; 95,764
1920,818; 95,069
1921,055; 93,851
1921,056; 93,329
1921,058; 92,634
1921,060; 91,938
1921,061; 91,242
1921,063; 90,547
1921,064; 89,851
1921,066; 89,155
1921,067; 88,459
1921,069; 87,764
1921,071; 87,068
1921,072; 86,372
1921,074; 85,677
1921,075; 84,981
1921,077; 84,285
1921,079; 83,589
1921,080; 82,894
1921,082; 82,198
1921,083; 81,502
1921,085; 80,806
1921,087; 79,937
1921,335; 73,849
1921,337; 73,154
1921,392; 74,545
1921,446; 76,632
1921,447; 75,936
1921,449; 75,241
1921,503; 77,328
1921,540; 86,894
1921,541; 86,372
1921,542; 85,677
1921,544; 84,981
1921,545; 84,285
1921,547; 83,589
1921,549; 82,894
1921,550; 82,198
1921,552; 81,502
1921,553; 80,806
1921,555; 80,111
1921,557; 79,415
1921,558; 78,719
1921,560; 78,024
1921,717; 111,766
1921,719; 111,070
1921,720; 110,375
1921,722; 109,679
1921,724; 108,983
1921,725; 108,287
1921,727; 107,592
1921,728; 106,896
1921,730; 106,200
1921,731; 105,504
1921,733; 104,809
1921,735; 104,113
1921,736; 103,417
1921,738; 102,722
1921,739; 102,026
1921,741; 101,330
1921,743; 100,634
1921,744; 99,939
1921,746; 99,243
1921,747; 98,547
1921,749; 97,852
1921,750; 97,156
1921,752; 96,460
1921,754; 95,764
1921,755; 95,069
1921,757; 94,373
1921,758; 93,677
1921,760; 92,982
1922,058; 116,462
1922,059; 115,940
1922,061; 115,245
1922,062; 114,549
1922,064; 113,853
1922,066; 113,157
1922,190; 109,853
1922,301; 112,462
1922,303; 111,766
1922,305; 111,070
1922,567; 124,637
1922,651; 113,157
1922,653; 112,462
1922,654; 111,766
1922,656; 111,070
1922,658; 110,375
1922,776; 109,679
1922,778; 108,983
1922,779; 108,287
1922,781; 107,592
1922,783; 106,896
1922,784; 106,200
1922,786; 105,504
1922,787; 104,809
1922,789; 104,113
1922,791; 103,417
1922,792; 102,722
1922,794; 102,026
1922,795; 101,330
1923,251; 106,896
1923,253; 106,200
1923,344; 117,680
1923,345; 116,984
1923,347; 116,288
1923,349; 115,592
1923,367; 107,592
1923,565; 123,419
1923,566; 122,897
1923,568; 122,202
1923,569; 121,506
1923,571; 120,810
1923,572; 120,115
1923,794; 125,680
1924,149; 123,941
1924,151; 123,245
1924,153; 122,550
1924,154; 121,854
1924,216; 146,204
1924,218; 145,508
1924,219; 144,813
1924,265; 124,637
1924,282; 117,158
1924,338; 144,117
1924,339; 143,421
1924,340; 126,086
1924,341; 142,725
1924,343; 142,030
1924,344; 141,334
1924,346; 140,638
1924,347; 139,943
1924,349; 139,247
1924,351; 138,551
1924,352; 137,855
1924,354; 137,160
1924,355; 136,464
1924,357; 135,768
1924,358; 135,073
1924,360; 134,377
1924,362; 133,681
1924,363; 132,985
1924,365; 132,290
1924,366; 131,594
1924,368; 130,898
1924,370; 130,203
1924,371; 129,507
1924,373; 128,811
1924,374; 128,115
1924,376; 127,420
1924,377; 126,724
1924,381; 125,332
1924,514; 118,201
1924,618; 123,941
1924,620; 123,245
1924,621; 122,550
1924,623; 121,854
1924,624; 121,158
1924,626; 120,462
1924,628; 119,767
1924,629; 119,071
1924,675; 124,637
1924,933; 139,943
1924,947; 134,029
1924,948; 133,333
1924,950; 132,638
1924,951; 131,942
1924,953; 131,246
1924,954; 130,550
1924,956; 129,855
1924,958; 129,159
1924,959; 128,463
1924,961; 127,767
1924,962; 127,072
1925,039; 144,987
1925,040; 144,465
1925,042; 143,769
1925,161; 142,552
1925,543; 129,507
1925,630; 142,378
1925,730; 149,857
1925,732; 149,335
1925,733; 148,639
1925,735; 147,943
1925,736; 147,248
1925,738; 146,552
1925,740; 145,856
1925,741; 145,160
1925,743; 144,465
1925,744; 143,769
1925,746; 143,073
1925,808; 141,682
1925,865; 142,204
1925,868; 140,986
1925,869; 140,290
1925,871; 139,595
1925,873; 138,899
1925,874; 138,203
1925,876; 137,508
1925,877; 136,812
1925,879; 136,116
1925,880; 135,420
1925,882; 134,725
1925,884; 134,029
1925,885; 133,333
1925,887; 132,638
1926,127; 130,203
1926,128; 129,507
1926,242; 130,898
1926,250; 127,246
1926,299; 131,594
1926,353; 133,681
1926,355; 132,985
1926,356; 132,290
1926,757; 136,116
1926,813; 137,508
1926,814; 136,812
1926,818; 135,420
1926,819; 134,725
1926,928; 138,203
1926,985; 138,899
1927,035; 142,899
1927,043; 139,421
1927,345; 135,420
1927,463; 134,725
1927,524; 134,029
1927,525; 133,333
1927,527; 132,638
1927,743; 140,464
1927,866; 138,029
1927,867; 137,508
1927,869; 136,812
1927,870; 136,116
1927,872; 135,420
1927,932; 134,725
1927,992; 134,029
1927,994; 133,333
1927,995; 132,638
1927,997; 131,942
1927,999; 131,246
1928,000; 130,550
1928,002; 129,855
1928,238; 128,985
1928,239; 128,463
1928,241; 127,767
1928,242; 127,072
1928,244; 126,376
1928,601; 123,941
1928,602; 123,245
1928,604; 122,550
1928,606; 121,854
1928,607; 121,158
1928,609; 120,462
1928,610; 119,767
1928,612; 119,071
1928,613; 118,375
1928,615; 117,680
1928,658; 124,637
1928,713; 126,028
1928,715; 125,332
1928,929; 134,029
1928,931; 133,333
1928,932; 132,638
1928,934; 131,942
1928,936; 131,246
1928,937; 130,550
1928,939; 129,855
1928,940; 129,159
1928,942; 128,463
1928,944; 127,767
1929,267; 140,117
1929,268; 139,595
1929,270; 138,899
1929,271; 138,203
1929,273; 137,508
1929,274; 136,812
1929,298; 126,376
1929,300; 125,680
1929,335; 136,116
1929,395; 135,420
1929,405; 131,072
1929,406; 130,550
1929,412; 127,767
1929,414; 127,072
1929,466; 129,855
1929,526; 129,159
1929,528; 128,463
1929,938; 128,463
1929,993; 129,855
1929,995; 129,159
1930,117; 126,898
1930,210; 137,681
1930,211; 137,160
1930,212; 136,464
1930,214; 135,768
1930,215; 135,073
1930,217; 134,377
1930,219; 133,681
1930,220; 132,985
1930,222; 132,290
1930,223; 131,594
1930,225; 130,898
1930,422; 130,260
1930,462; 129,507
1930,577; 130,724
1930,921; 133,681
1930,923; 132,985
1930,925; 132,290
1930,978; 134,377
1931,036; 134,899
1931,160; 131,652
1931,162; 130,898
1931,164; 130,203
1931,165; 129,507
1931,268; 135,942
1931,394; 132,116
1931,512; 131,420
1931,515; 130,203
1931,517; 129,507
1931,518; 128,811
1931,520; 128,115
1931,521; 127,420
1931,523; 126,724
1931,572; 130,898
1931,980; 131,942
1931,981; 131,246
1931,983; 130,550
1931,984; 129,855
1931,986; 129,159
1931,988; 128,463
1931,989; 127,767
1931,991; 127,072
1932,084; 137,508
1932,086; 136,812
1932,087; 136,116
1932,089; 135,420
1932,091; 134,725
1932,092; 134,029
1932,094; 133,333
1932,095; 132,638
1932,443; 134,377
1932,444; 133,681
1932,446; 132,985
1932,498; 135,768
1932,555; 136,464
1932,612; 137,160
1932,909; 135,246
1933,262; 134,725
1933,263; 134,029
1933,364; 141,508
1933,365; 140,986
1933,366; 140,290
1933,368; 139,595
1933,370; 138,899
1933,371; 138,203
1933,373; 137,508
1933,374; 136,812
1933,376; 136,116
1933,377; 135,420
1933,594; 143,421
1933,712; 142,725
1933,772; 142,030
1933,833; 141,334
1933,834; 140,638
1933,836; 139,943
1933,837; 139,247
1933,839; 138,551
1933,840; 137,855
1933,842; 137,160
1933,844; 136,464
1933,845; 135,768
1933,847; 135,073
1933,848; 134,377
1933,850; 133,681
1933,910; 132,985
1933,970; 132,290
1933,972; 131,594
1933,973; 130,898
1933,975; 130,203
1934,094; 129,507
1934,095; 128,811
1934,108; 123,419
1934,298; 142,899
1934,422; 139,595
1934,424; 138,899
1934,425; 138,203
1934,427; 137,508
1934,429; 136,812
1934,430; 136,116
1934,549; 135,420
1934,556; 132,116
1934,558; 131,594
1934,559; 130,898
1934,561; 130,203
1934,915; 129,159
1934,916; 128,463
1934,918; 127,767
1934,972; 129,855
1935,025; 131,942
1935,029; 130,550
1935,085; 131,246
1935,131; 136,812
1935,133; 136,116
1935,135; 135,420
1935,136; 134,725
1935,138; 134,029
1935,139; 133,333
1935,141; 132,638
1935,247; 137,334
1935,609; 132,638
1935,670; 131,942
1935,730; 131,246
1935,731; 130,550
1935,733; 129,855
1935,735; 129,159
1935,736; 128,463
1935,738; 127,767
1935,739; 127,072
1935,741; 126,376
1935,742; 125,680
1935,744; 124,985
1935,746; 124,289
1935,747; 123,593
1935,760; 117,854
1935,983; 122,897
1935,985; 122,202
1935,986; 121,506
1935,988; 120,810
1935,989; 120,115
1935,991; 119,419
1936,350; 116,288
1936,351; 115,592
1936,353; 114,897
1936,354; 114,201
1936,356; 113,505
1936,357; 112,810
1936,359; 112,114
1936,361; 111,418
1936,462; 118,201
1936,463; 117,680
1936,465; 116,984
1936,681; 125,159
1936,682; 124,637
1936,684; 123,941
1936,685; 123,245
1936,687; 122,550
1936,688; 121,854
1936,690; 121,158
1936,691; 120,462
1936,693; 119,767
1936,695; 119,071
1936,863; 147,943
1936,865; 147,248
1936,866; 146,552
1936,868; 145,856
1936,870; 145,160
1936,871; 144,465
1936,873; 143,769
1936,874; 143,073
1936,876; 142,378
1936,877; 141,682
1936,879; 140,986
1936,881; 140,290
1936,882; 139,595
1936,884; 138,899
1936,885; 138,203
1936,887; 137,508
1936,889; 136,812
1936,890; 136,116
1936,892; 135,420
1936,893; 134,725
1936,895; 134,029
1936,896; 133,333
1936,898; 132,638
1936,900; 131,942
1936,901; 131,246
1936,903; 130,550
1936,904; 129,855
1936,906; 129,159
1936,979; 148,639
1937,093; 149,857
1937,094; 149,335
1937,689; 145,508
1937,690; 144,813
1937,796; 149,683
1937,798; 148,987
1937,800; 148,291
1937,801; 147,595
1937,803; 146,900
1937,804; 146,204
1938,040; 145,508
1938,042; 144,813
1938,043; 144,117
1938,045; 143,421
1938,046; 142,725
1938,048; 142,030
1938,050; 141,334
1938,051; 140,638
1938,111; 139,943
1938,174; 138,203
1938,293; 137,508
1938,294; 136,812
1938,296; 136,116
1938,297; 135,420
1938,299; 134,725
1938,301; 134,029
1938,302; 133,333
1938,304; 132,638
1938,305; 131,942
1938,307; 131,246
1938,308; 130,550
1938,310; 129,855
1938,370; 129,159
1938,373; 127,767
1938,375; 127,072
1938,430; 128,463
1938,785; 127,246
1939,015; 128,985
1939,361; 131,246
1939,363; 130,550
1939,364; 129,855
1939,600; 129,217
1939,602; 128,521
1939,603; 127,767
1939,605; 127,072
1939,606; 126,376
1939,608; 125,680
1939,610; 124,985
1939,611; 124,289
1939,832; 130,376
1939,833; 129,855
1939,941; 133,855
1939,952; 128,985
1939,954; 128,289
1940,191; 127,072
1940,192; 126,376
1940,194; 125,680
1940,195; 124,985
1940,197; 124,289
1940,257; 123,593
1940,436; 122,202
1940,438; 121,506
1940,446; 117,854
1940,473; 122,955
1940,667; 123,593
1940,724; 124,289
1940,758; 135,246
1940,759; 134,725
1940,760; 134,029
1940,762; 133,333
1940,764; 132,638
1940,765; 131,942
1940,767; 131,246
1940,768; 130,550
1940,770; 129,855
1940,772; 129,159
1940,773; 128,463
1940,775; 127,767
1940,776; 127,072
1940,778; 126,376
1940,779; 125,680
1940,781; 124,985
1941,259; 120,810
1941,261; 120,115
1941,262; 119,419
1941,264; 118,723
1941,265; 118,027
1941,267; 117,332
1941,269; 116,636
1941,316; 121,506
1941,357; 129,159
1941,359; 128,463
1941,360; 127,767
1941,362; 127,072
1941,364; 126,376
1941,365; 125,680
1941,367; 124,985
1941,368; 124,289
1941,370; 123,593
1941,371; 122,897
1941,373; 122,202
1941,414; 129,855
1941,472; 130,376
1941,825; 129,681
1941,826; 129,159
1941,827; 128,463
1941,829; 127,767
1941,831; 127,072
1941,832; 126,376
1941,834; 125,680
1941,894; 124,985
1941,911; 117,332
1941,954; 124,289
1941,956; 123,593
1941,957; 122,897
1941,959; 122,202
1941,960; 121,506
1941,962; 120,810
1941,964; 120,115
1941,965; 119,419
1941,967; 118,723
1941,969; 117,854
1942,304; 124,985
1942,305; 124,289
1942,307; 123,593
1942,367; 122,897
1942,763; 128,985
1942,765; 128,463
1942,766; 127,767
1942,768; 127,072
1942,769; 126,376
1942,771; 125,680
1942,772; 124,985
1942,774; 124,289
1942,776; 123,593
1943,109; 131,420
1943,232; 128,811
1943,234; 128,115
1943,235; 127,420
1943,237; 126,724
1943,239; 126,028
1943,240; 125,332
1943,242; 124,637
1943,243; 123,941
1943,245; 123,245
1943,247; 122,550
1943,248; 121,854
1943,250; 121,158
1943,251; 120,462
1943,253; 119,767
1943,313; 119,071
1943,373; 118,375
1943,725; 118,375
1943,726; 117,680
1943,728; 116,984
1943,729; 116,288
1943,731; 115,592
1943,733; 114,897
1943,734; 114,201
1943,736; 113,505
1943,855; 112,636
1943,973; 112,114
1943,975; 111,418
1943,976; 110,722
1944,036; 110,027
1944,392; 133,855
1944,412; 125,332
1944,413; 124,637
1944,415; 123,941
1944,416; 123,245
1944,418; 122,550
1944,420; 121,854
1944,421; 121,158
1944,423; 120,462
1944,424; 119,767
1944,426; 119,071
1944,427; 118,375
1944,429; 117,680
1944,431; 116,984
1944,432; 116,288
1944,434; 115,592
1944,435; 114,897
1944,437; 114,201
1944,439; 113,505
1944,761; 126,028
1944,880; 125,332
1944,891; 120,462
1944,940; 124,637
1945,000; 123,941
1945,002; 123,245
1945,004; 122,550
1945,005; 121,854
1945,007; 121,158
1945,468; 124,289
1945,470; 123,593
1945,471; 122,897
1945,473; 122,202
1945,475; 121,506
1945,476; 120,810
1945,576; 128,463
1945,577; 127,767
1945,579; 127,072
1945,581; 126,376
1945,582; 125,680
1945,584; 124,985
1945,916; 133,333
1945,918; 132,638
1945,919; 131,942
1945,921; 131,246
1945,923; 130,550
1945,924; 129,855
1945,926; 129,159
1946,032; 133,855
1946,044; 128,463
1946,046; 127,767
1946,048; 127,072
1946,049; 126,376
1946,051; 125,680
1946,052; 124,985
1946,054; 124,289
1946,056; 123,593
1946,057; 122,897
1946,059; 122,202
1946,060; 121,506
1946,062; 120,810
1946,063; 120,115
1946,065; 119,419
1946,067; 118,723
1946,304; 117,506
1946,305; 116,984
1946,306; 116,288
1946,308; 115,592
1946,310; 114,897
1946,311; 114,201
1946,313; 113,505
1946,314; 112,810
1946,316; 112,114
1946,673; 109,679
1946,674; 108,983
1946,676; 108,287
1946,678; 107,592
1946,766; 120,115
1946,768; 119,419
1946,769; 118,723
1946,771; 118,027
1946,773; 117,332
1946,774; 116,636
1946,776; 115,940
1946,777; 115,245
1946,779; 114,549
1946,781; 113,853
1946,784; 112,462
1946,785; 111,766
1946,787; 111,070
1946,788; 110,375
1946,841; 113,157
1946,868; 127,072
1946,869; 126,376
1946,871; 125,680
1946,872; 124,985
1946,874; 124,289
1946,876; 123,593
1946,877; 122,897
1946,879; 122,202
1946,880; 121,506
1946,882; 120,810
1947,219; 127,072
1947,221; 126,376
1947,222; 125,680
1947,224; 124,985
1947,225; 124,289
1947,227; 123,593
1947,229; 122,897
1947,230; 122,202
1947,232; 121,506
1947,233; 120,810
1947,235; 120,115
1947,236; 119,419
1947,335; 127,767
1947,439; 133,333
1947,441; 132,638
1947,442; 131,942
1947,444; 131,246
1947,445; 130,550
1947,447; 129,855
1947,449; 129,159
1947,450; 128,463
1947,768; 143,073
1947,779; 138,551
1947,780; 137,855
1947,782; 137,160
1947,783; 136,464
1947,785; 135,768
1947,787; 135,073
1947,905; 134,377
1947,907; 133,681
1948,144; 132,464
1948,145; 131,942
1948,147; 131,246
1948,148; 130,550
1948,150; 129,855
1948,387; 128,637
1948,388; 128,115
1948,527; 118,375
1948,636; 122,028
1948,637; 121,506
1948,639; 120,810
1948,993; 119,767
1948,994; 119,071
1948,996; 118,375
1949,108; 120,462
1949,154; 117,738
1949,219; 123,245
1949,221; 122,550
1949,222; 121,854
1949,224; 121,158
1949,343; 120,115
1949,345; 119,419
1949,698; 118,723
1949,809; 121,506
1949,810; 120,810
1949,812; 120,115
1949,814; 119,419
1950,279; 120,810
1950,478; 136,116
1950,482; 134,725
1950,483; 134,029
1950,485; 133,333
1950,486; 132,638
1950,488; 131,942
1950,489; 131,246
1950,491; 130,550
1950,493; 129,855
1950,494; 129,159
1950,496; 128,463
1950,497; 127,767
1950,499; 127,072
1950,501; 126,376
1950,502; 125,680
1950,504; 124,985
1950,505; 124,289
1950,507; 123,593
1950,539; 135,420
1950,594; 136,812
1950,706; 139,247
1950,707; 138,551
1950,709; 137,855
1950,811; 144,465
1950,812; 143,769
1950,814; 143,073
1950,816; 142,378
1950,821; 139,943
1950,827; 137,160
1951,181; 136,116
1951,183; 135,420
1951,184; 134,725
1951,186; 134,029
1951,188; 133,333
1951,189; 132,638
1951,429; 130,203
1951,431; 129,507
1951,432; 128,811
1951,434; 128,115
1951,526; 139,073
1951,527; 138,551
1951,646; 137,855
1951,647; 137,160
1951,649; 136,464
1951,651; 135,768
1951,652; 135,073
1951,654; 134,377
1951,655; 133,681
1951,787; 127,420
1951,788; 126,724
1951,790; 126,028
1951,791; 125,332
1951,793; 124,637
1951,795; 123,941
1951,901; 128,811
1951,913; 123,245
1951,958; 129,507
1951,961; 128,115
1952,011; 131,594
1952,013; 130,898
1952,015; 130,203
1952,127; 132,116
1952,369; 128,985
1952,370; 128,463
1952,372; 127,767
1952,373; 127,072
1952,375; 126,376
1952,376; 125,680
1952,495; 124,985
1952,497; 124,289
1952,498; 123,593
1952,617; 122,897
1952,619; 122,202
1952,829; 132,464
1953,018; 126,724
1953,020; 126,028
1953,071; 129,333
1953,072; 128,811
1953,074; 128,115
1953,075; 127,420
1953,314; 125,332
1953,316; 124,637
1953,317; 123,941
1953,558; 120,984
1953,562; 119,593
1953,677; 120,462
1953,875; 136,116
1953,991; 136,638
1953,999; 133,507
1954,058; 132,985
1954,118; 132,290
1954,179; 131,594
1954,239; 130,898
1954,240; 130,203
1954,242; 129,507
1954,453; 139,769
1954,596; 128,115
1954,686; 140,464
1954,862; 139,943
1954,923; 139,247
1954,924; 138,551
1954,926; 137,855
1954,927; 137,160
1954,929; 136,464
1954,930; 135,768
1954,932; 135,073
1954,934; 134,377
1954,994; 133,681
1955,054; 132,985
1955,056; 132,290
1955,057; 131,594
1955,059; 130,898
1955,060; 130,203
1955,062; 129,507
1955,063; 128,811
1955,065; 128,115
1955,125; 127,420
1955,405; 133,333
1955,406; 132,638
1955,408; 131,942
1955,409; 131,246
1955,411; 130,550
1955,413; 129,855
1955,531; 129,159
1955,655; 126,202
1955,728; 128,521
1956,120; 127,941
1956,121; 127,420
1956,122; 126,724
1956,124; 126,028
1956,126; 125,332
1956,127; 124,637
1956,129; 123,941
1956,130; 123,245
1956,132; 122,550
1956,134; 121,854
1956,135; 121,158
1956,137; 120,462
1956,138; 119,767
1956,140; 119,071
1956,259; 118,375
1956,377; 117,680
1956,379; 116,984
1956,606; 120,115
1956,720; 121,506
1956,722; 120,810
1956,953; 122,202
1957,008; 123,593
1957,052; 129,855
1957,054; 129,159
1957,056; 128,463
1957,057; 127,767
1957,059; 127,072
1957,060; 126,376
1957,062; 125,680
1957,064; 124,985
1957,065; 124,289
1957,068; 122,897
1957,071; 121,506
1957,073; 120,810
1957,108; 131,246
1957,168; 130,550
1957,509; 135,073
1957,511; 134,377
1957,512; 133,681
1957,514; 132,985
1957,515; 132,290
1957,517; 131,594
1957,519; 130,898
1957,529; 126,550
1957,565; 136,464
1957,625; 135,768
1957,978; 135,073
1957,979; 134,377
1957,981; 133,681
1957,982; 132,985
1957,984; 132,290
1957,986; 131,594
1957,987; 130,898
1957,989; 130,203
1957,990; 129,507
1958,136; 116,984
1958,138; 116,288
1958,237; 123,941
1958,239; 123,245
1958,241; 122,550
1958,242; 121,854
1958,244; 121,158
1958,714; 120,462
1958,888; 121,158
1958,935; 126,028
1958,937; 125,332
1958,939; 124,637
1958,940; 123,941
1958,942; 123,245
1958,943; 122,550
1958,945; 121,854
1958,952; 118,897
1959,159; 130,898
1959,219; 130,203
1959,279; 129,507
1959,339; 128,811
1959,399; 128,115
1959,401; 127,420
1959,402; 126,724
1959,404; 126,028
1959,406; 125,332
1959,761; 123,593
1959,763; 122,897
1959,989; 126,202
1959,990; 125,680
1960,057; 122,202
1960,112; 123,593
1960,114; 122,897
1960,117; 121,506
1960,119; 120,810
1960,120; 120,115
1960,122; 119,419
1960,123; 118,723
1960,136; 113,331
1960,184; 118,027
1960,244; 117,332
1960,245; 116,636
1960,247; 115,940
1960,249; 115,245
1960,337; 127,941
1960,567; 129,507
1960,569; 128,811
1960,591; 119,071
1960,793; 133,507
1960,794; 132,985
1960,854; 132,290
1960,914; 131,594
1960,916; 130,898
1961,023; 135,246
1961,135; 137,334
1961,137; 136,812
1961,261; 133,681
1961,262; 132,985
1961,264; 132,290
1961,267; 130,898
1961,324; 131,594
1961,494; 134,377
1961,551; 135,073
1961,787; 134,029
1961,801; 127,767
1961,847; 133,333
1961,849; 132,638
1961,850; 131,942
1961,852; 131,246
1961,854; 130,550
1961,855; 129,855
1961,857; 129,159
1961,858; 128,463
1962,198; 133,855
1962,200; 132,638
1962,202; 131,942
1962,203; 131,246
1962,221; 123,593
1962,244; 113,331
1962,257; 133,333
1962,264; 130,550
1962,324; 129,855
1962,325; 129,159
1962,327; 128,463
1962,329; 127,767
1962,330; 127,072
1962,332; 126,376
1962,333; 125,680
1962,335; 124,985
1962,336; 124,289
1962,675; 129,855
1962,677; 129,159
1962,678; 128,463
1962,680; 127,767
1962,682; 127,072
1962,683; 126,376
1962,685; 125,680
1962,686; 124,985
1962,805; 124,289
1962,807; 123,593
1962,808; 122,897
1962,868; 122,202
1963,156; 124,463
1963,216; 123,941
1963,335; 123,245
1963,386; 126,550
1963,387; 126,028
1963,388; 125,332
1963,395; 122,550
1963,396; 121,854
1963,515; 121,158
1963,616; 128,289
1963,617; 127,594
1963,853; 127,072
1963,972; 126,376
1963,973; 125,680
1963,975; 124,985
1963,976; 124,289
1963,978; 123,593
1963,980; 122,897
1963,981; 122,202
1964,195; 131,246
1964,196; 130,550
1964,198; 129,855
1964,382; 126,028
1964,439; 126,724
1964,496; 127,420
1964,547; 130,898
1964,549; 130,203
1964,550; 129,507
1964,552; 128,811
1964,553; 128,115
1964,564; 123,419
1964,658; 133,681
1964,659; 132,985
1964,661; 132,290
1964,663; 131,594
1965,134; 130,550
1965,138; 128,463
1965,140; 127,767
1965,141; 127,072
1965,194; 129,855
1965,195; 129,159
1965,248; 131,942
1965,249; 131,246
1965,305; 132,638
1965,476; 134,551
1965,477; 134,029
1965,479; 133,333
1965,685; 145,508
1965,687; 144,813
1965,688; 144,117
1965,690; 143,421
1965,692; 142,725
1965,693; 142,030
1965,695; 141,334
1965,696; 140,638
1965,698; 139,943
1965,742; 146,204
1965,758; 139,247
1965,793; 149,683
1965,794; 148,987
1965,796; 148,291
1965,798; 147,595
1965,799; 146,900
1966,151; 146,726
1966,154; 145,508
1966,155; 144,813
1966,157; 144,117
1966,159; 143,421
1966,160; 142,725
1966,162; 142,030
1966,163; 141,334
1966,165; 140,638
1966,166; 139,943
1966,285; 139,247
1966,404; 138,551
1966,406; 137,855
1966,407; 137,160
1966,409; 136,464
1966,410; 135,768
1966,412; 135,073
1966,413; 134,377
1966,415; 133,681
1966,423; 130,029
1966,542; 129,507
1966,543; 128,811
1966,545; 128,115
1966,546; 127,420
1966,548; 126,724
1966,550; 126,028
1966,551; 125,332
1966,652; 132,638
1966,770; 131,942
1966,889; 131,246
1966,891; 130,550
1967,128; 129,333
1967,239; 132,116
1967,366; 127,594
1967,367; 127,072
1967,722; 125,680
1967,779; 126,376
1967,826; 131,246
1967,828; 130,550
1967,829; 129,855
1967,831; 129,159
1967,833; 128,463
1967,834; 127,767
1967,836; 127,072
1968,268; 142,899
1968,283; 136,638
1968,284; 136,116
1968,355; 130,550
1968,402; 135,420
1968,404; 134,725
1968,406; 134,029
1968,407; 133,333
1968,409; 132,638
1968,410; 131,942
1968,412; 131,246
1968,879; 131,768
1968,880; 131,246
1968,941; 130,550
1969,001; 129,855
1969,002; 129,159
1969,004; 128,463
1969,006; 127,767
1969,007; 127,072
1969,075; 122,897
1969,126; 126,376
1969,127; 125,680
1969,129; 124,985
1969,131; 124,289
1969,132; 123,593
1969,476; 127,072
1969,477; 126,376
1969,479; 125,680
1969,586; 130,029
1969,587; 129,507
1969,610; 119,593
1969,611; 119,071
1969,613; 118,375
1970,032; 122,608
1970,069; 123,941
1970,070; 123,245
1970,073; 121,854
1970,173; 129,333
1970,184; 124,637
1970,257; 118,375
1970,270; 121,216
1970,300; 125,332
1970,311; 120,462
1970,312; 119,767
1970,314; 119,071
1970,412; 127,246
1970,414; 126,724
1970,415; 126,028
1970,419; 124,463
1970,420; 123,941
1970,644; 128,637
1970,666; 118,897
1970,757; 130,376
1970,876; 129,507
1971,112; 128,811
1971,113; 128,115
1971,357; 123,941
1971,414; 124,637
1971,468; 126,724
1971,469; 126,028
1971,471; 125,332
1971,583; 127,420
1971,693; 130,724
1971,694; 130,203
1971,696; 129,507
1971,697; 128,811
1971,699; 128,115
1971,798; 135,942
1971,936; 127,072
1971,937; 126,376
1971,939; 125,680
1971,940; 124,985
1971,942; 124,289
1971,944; 123,593
1971,945; 122,897
1971,947; 122,202
1971,948; 121,506
1971,950; 120,810
1971,951; 120,115
1971,953; 119,419
1972,013; 118,723
1972,048; 129,333
1972,168; 128,115
1972,403; 127,478
1972,405; 126,724
1972,407; 126,028
1972,408; 125,332
1972,410; 124,637
1972,411; 123,941
1972,471; 123,245
1972,518; 128,637
1972,534; 121,332
1972,636; 128,115
1972,755; 127,246
1972,756; 126,724
1972,994; 125,332
1973,054; 124,637
1973,409; 122,897
1973,465; 124,289
1973,466; 123,593
1973,470; 122,202
1973,471; 121,506
1973,473; 120,810
1973,747; 120,173
1973,929; 126,376
1973,930; 125,680
1973,932; 124,985
1973,933; 124,289
1973,935; 123,593
1973,937; 122,897
1973,938; 122,202
1973,940; 121,506
1973,941; 120,810
1974,388; 130,203
1974,390; 129,507
1974,392; 128,811
1974,393; 128,115
1974,395; 127,420
1974,396; 126,724
1974,398; 126,028
1974,400; 125,332
1974,401; 124,637
1974,403; 123,941
1974,404; 123,245
1974,406; 122,550
1974,407; 121,854
1974,409; 121,158
1974,469; 120,462
1974,529; 119,767
1974,531; 119,071
1974,591; 118,375
1974,651; 117,680
1974,660; 113,679
1974,865; 126,898
1974,870; 124,289
1974,983; 126,376
1974,984; 125,680
1974,986; 124,985
1975,048; 123,593
1975,108; 122,897
1975,110; 122,202
1975,351; 118,897
1975,352; 118,375
1975,354; 117,680
1975,356; 116,984
1975,357; 116,288
1975,359; 115,592
1975,360; 114,897
1975,362; 114,201
1975,364; 113,505
1975,424; 112,810
1975,563; 128,637
1975,565; 128,115
1975,566; 127,420
1975,568; 126,724
1975,569; 126,028
1975,583; 120,115
1976,032; 128,637
1976,033; 128,115
1976,093; 127,420
1976,454; 123,245
1976,506; 126,028
1976,508; 125,332
1976,510; 124,637
1976,511; 123,941
1976,514; 122,550
1976,516; 121,854
1976,518; 121,158
1976,519; 120,462
1976,521; 119,767
1976,522; 119,071
1976,525; 117,680
1976,527; 116,984
1976,529; 116,288
1976,530; 115,592
1976,582; 118,375
1976,771; 112,810
1976,772; 112,114
1976,774; 111,418
1976,776; 110,722
1976,777; 110,027
1976,779; 109,331
1976,780; 108,635
1976,782; 107,940
1976,784; 107,244
1976,785; 106,548
1976,787; 105,852
1976,788; 105,157
1976,790; 104,461
1976,791; 103,765
1977,149; 100,982
1977,151; 100,287
1977,152; 99,591
1977,154; 98,895
1977,206; 101,678
1977,229; 117,506
1977,230; 116,984
1977,231; 116,288
1977,233; 115,592
1977,235; 114,897
1977,236; 114,201
1977,238; 113,505
1977,239; 112,810
1977,241; 112,114
1977,243; 111,418
1977,244; 110,722
1977,246; 110,027
1977,247; 109,331
1977,249; 108,635
1977,250; 107,940
1977,252; 107,244
1977,254; 106,548
1977,255; 105,852
1977,257; 105,157
1977,258; 104,461
1977,260; 103,765
1977,262; 103,069
1977,263; 102,374
1977,454; 121,506
1977,455; 120,810
1977,457; 120,115
1977,459; 119,419
1977,460; 118,723
1977,679; 125,332
1977,681; 124,637
1977,683; 123,941
1977,684; 123,245
1977,686; 122,550
1977,736; 126,028
1977,789; 128,811
1977,790; 128,115
1977,792; 127,420
1977,793; 126,724
1978,124; 135,942
1978,142; 127,767
1978,144; 127,072
1978,146; 126,376
1978,199; 128,463
1978,251; 131,768
1978,252; 131,246
1978,253; 130,550
1978,255; 129,855
1978,256; 129,159
1978,609; 128,637
1978,610; 128,115
1978,612; 127,420
1978,613; 126,724
1978,615; 126,028
1978,618; 124,637
1978,620; 123,941
1978,621; 123,245
1978,623; 122,550
1978,625; 121,854
1978,626; 121,158
1978,628; 120,462
1978,629; 119,767
1978,631; 119,071
1978,675; 125,332
1979,156; 120,115
1979,205; 124,289
1979,206; 123,593
1979,208; 122,897
1979,209; 122,202
1979,211; 121,506
1979,213; 120,810
1979,320; 124,985
1979,683; 120,115
1979,798; 120,810
1980,028; 122,897
1980,029; 122,202
1980,031; 121,506
1980,252; 127,420
1980,253; 126,724
1980,255; 126,028
1980,257; 125,332
1980,258; 124,637
1980,363; 130,203
1980,364; 129,507
1980,366; 128,811
1980,367; 128,115
1980,777; 128,463
1980,837; 127,767
1981,189; 127,246
1981,191; 126,724
1981,192; 126,028
1981,194; 125,332
1981,195; 124,637
1981,197; 123,941
1981,198; 123,245
1981,200; 122,550
1981,503; 118,027
1981,557; 120,115
1981,559; 119,419
1981,560; 118,723
1981,641; 134,551
1981,654; 129,159
1981,655; 128,463
1981,657; 127,767
1981,658; 127,072
1981,660; 126,376
1981,661; 125,680
1981,663; 124,985
1981,665; 124,289
1981,666; 123,593
1981,668; 122,897
1981,669; 122,202
1981,671; 121,506
1981,673; 120,810
1981,711; 129,855
1981,761; 133,333
1981,763; 132,638
1981,764; 131,942
1981,766; 131,246
1981,768; 130,550
1982,122; 129,333
1982,123; 128,637
1982,359; 128,115
1982,360; 127,420
1982,362; 126,724
1982,369; 123,419
1982,481; 126,028
1982,482; 125,332
1982,484; 124,637
1982,823; 130,029
1982,884; 128,811
1982,944; 128,115
1982,946; 127,420
1983,006; 126,724
1983,066; 126,028
1983,068; 125,332
1983,070; 124,637
1983,071; 123,941
1983,311; 121,680
1983,404; 131,942
1983,406; 131,246
1983,407; 130,550
1983,409; 129,855
1983,535; 126,028
1983,542; 122,897
1983,592; 126,724
1983,647; 128,115
1983,649; 127,420
1983,871; 132,638
1983,873; 131,942
1983,874; 131,246
1983,876; 130,550
1983,878; 129,855
1983,879; 129,159
1983,939; 128,463
1984,000; 127,767
1984,001; 127,072
1984,003; 126,376
1984,004; 125,680
1984,006; 124,985
1984,007; 124,289
1984,126; 123,593
1984,186; 122,897
1984,468; 127,594
1984,474; 124,985
1984,590; 125,680
1984,823; 126,376
1984,937; 127,767
1984,938; 127,072
1984,994; 128,463
1985,051; 128,985
1985,419; 121,680
1985,465; 127,072
1985,522; 127,767
1985,748; 131,420
1985,749; 130,898
1985,751; 130,203
1985,753; 129,507
1985,754; 128,811
1985,814; 128,115
1985,875; 127,420
1985,876; 126,724
1985,936; 126,028
1985,996; 125,332
1985,998; 124,637
1986,345; 126,550
1986,351; 124,115
1986,546; 141,334
1986,547; 140,638
1986,549; 139,943
1986,550; 139,247
1986,552; 138,551
1986,554; 137,855
1986,555; 137,160
1986,557; 136,464
1986,558; 135,768
1986,660; 142,725
1986,661; 142,030
1986,774; 144,117
1986,775; 143,421
1987,015; 140,812
1987,017; 140,290
1987,018; 139,595
1987,020; 138,899
1987,021; 138,203
1987,023; 137,508
1987,083; 136,812
1987,143; 136,116
1987,145; 135,420
1987,146; 134,725
1987,148; 134,029
1987,150; 133,333
1987,151; 132,638
1987,153; 131,942
1987,154; 131,246
1987,156; 130,550
1987,158; 129,855
1987,159; 129,159
1987,161; 128,463
1987,162; 127,767
1987,289; 123,419
1987,480; 142,378
1987,592; 144,987
1987,593; 144,465
1987,594; 143,769
1987,596; 143,073
1987,952; 141,160
1987,953; 140,638
1987,955; 139,943
1988,073; 139,247
1988,192; 138,551
1988,429; 137,508
1988,430; 136,812
1988,432; 136,116
1988,433; 135,420
1988,435; 134,725
1988,437; 134,029
1988,497; 133,333
1988,800; 128,637
1988,801; 128,115
1988,862; 127,420
1988,899; 136,638
1989,021; 134,725
1989,022; 134,029
1989,082; 133,333
1989,143; 132,638
1989,144; 131,942
1989,146; 131,246
1989,147; 130,550
