1851,771; 0,298
1851,775; 0,293
1851,779; 0,287
1851,790; 0,272
1851,845; 0,276
1851,900; 0,281
1852,230; 0,315
1852,351; 0,309
1852,355; 0,304
1852,359; 0,298
1852,363; 0,292
1852,367; 0,287
1852,563; 0,259
1852,606; 0,281
1852,610; 0,276
1852,614; 0,270
1852,618; 0,265
1852,838; 0,287
1852,952; 0,292
1853,065; 0,298
1853,101; 0,248
1853,105; 0,242
1853,144; 0,270
1853,156; 0,254
1853,207; 0,265
1853,211; 0,259
1853,316; 0,276
1853,548; 0,281
1853,603; 0,287
1853,670; 0,276
1853,673; 0,270
1853,677; 0,265
1853,681; 0,259
1853,685; 0,254
1853,689; 0,248
1853,693; 0,242
1853,815; 0,237
1854,166; 0,240
1854,288; 0,234
1854,409; 0,229
1854,413; 0,223
1854,417; 0,217
1854,421; 0,212
1854,425; 0,206
1854,429; 0,201
1854,433; 0,195
1854,437; 0,190
1854,441; 0,184
1854,445; 0,179
1854,449; 0,173
1854,688; 0,167
1854,704; 0,145
1854,708; 0,140
1854,712; 0,134
1854,716; 0,129
1854,810; 0,162
1854,814; 0,156
1854,818; 0,151
1854,894; 0,209
1854,898; 0,204
1854,902; 0,198
1854,906; 0,192
1854,910; 0,187
1854,914; 0,181
1854,918; 0,176
1854,922; 0,170
1855,182; 0,217
1855,233; 0,229
1855,237; 0,223
1855,464; 0,234
1855,657; 0,239
1855,703; 0,230
1855,817; 0,234
1856,025; 0,273
1856,029; 0,267
1856,033; 0,262
1856,037; 0,256
1856,041; 0,251
1856,044; 0,247
1856,113; 0,315
1856,176; 0,309
1856,211; 0,342
1856,239; 0,303
1856,243; 0,298
1856,332; 0,337
1856,336; 0,331
1856,340; 0,326
1856,345; 0,320
1856,688; 0,334
1856,691; 0,328
1856,695; 0,406
1856,695; 0,323
1856,701; 0,315
1856,742; 0,340
1856,758; 0,401
1856,762; 0,395
1856,766; 0,390
1856,769; 0,384
1856,773; 0,378
1856,777; 0,373
1856,781; 0,367
1856,785; 0,362
1856,789; 0,356
1856,793; 0,351
1856,797; 0,345
1857,111; 0,401
1857,115; 0,395
1857,119; 0,390
1857,123; 0,384
1857,126; 0,378
1857,130; 0,373
1857,134; 0,367
1857,138; 0,362
1857,142; 0,356
1857,146; 0,351
1857,150; 0,345
1857,154; 0,340
1857,157; 0,335
1857,430; 0,448
1857,434; 0,442
1857,438; 0,437
1857,442; 0,431
1857,446; 0,426
1857,450; 0,420
1857,454; 0,414
1857,517; 0,409
1857,532; 0,470
1857,536; 0,464
1857,540; 0,459
1857,544; 0,453
1857,607; 0,364
1857,638; 0,403
1857,701; 0,398
1857,705; 0,392
1857,709; 0,387
1857,713; 0,381
1857,717; 0,376
1857,721; 0,370
1858,194; 0,367
1858,197; 0,362
1858,201; 0,356
1858,205; 0,351
1858,209; 0,345
1858,212; 0,341
1858,303; 0,378
1858,307; 0,373
1858,556; 0,353
1858,619; 0,348
1858,682; 0,342
1858,686; 0,337
1858,690; 0,331
1858,694; 0,326
1858,698; 0,320
1858,939; 0,312
1858,943; 0,306
1858,947; 0,301
1858,994; 0,317
1859,010; 0,295
1859,041; 0,334
1859,045; 0,328
1859,049; 0,323
1859,073; 0,289
1859,077; 0,284
1859,081; 0,278
1859,095; 0,423
1859,099; 0,417
1859,103; 0,412
1859,107; 0,406
1859,111; 0,401
1859,115; 0,395
1859,119; 0,389
1859,123; 0,384
1859,127; 0,378
1859,131; 0,373
1859,135; 0,367
1859,139; 0,362
1859,143; 0,356
1859,144; 0,273
1859,147; 0,351
1859,151; 0,345
1859,155; 0,339
1859,578; 0,406
1859,582; 0,401
1859,586; 0,395
1859,590; 0,389
1859,594; 0,384
1859,598; 0,378
1859,602; 0,373
1859,723; 0,367
1859,727; 0,362
1859,731; 0,356
1859,739; 0,345
1859,794; 0,351
1860,045; 0,412
1860,049; 0,406
1860,053; 0,401
1860,057; 0,395
1860,061; 0,389
1860,064; 0,384
1860,068; 0,378
1860,072; 0,373
1860,135; 0,367
1860,154; 0,423
1860,158; 0,417
1860,198; 0,362
1860,202; 0,356
1860,206; 0,351
1860,210; 0,345
1860,214; 0,339
1860,218; 0,334
1860,222; 0,328
1860,343; 0,323
1860,347; 0,317
1860,351; 0,312
1860,354; 0,307
1860,675; 0,353
1860,679; 0,348
1860,683; 0,342
1860,804; 0,337
1860,808; 0,331
1860,812; 0,326
1860,934; 0,320
1860,938; 0,314
1860,942; 0,309
1860,946; 0,303
1860,950; 0,298
1861,071; 0,292
1861,197; 0,281
1861,201; 0,276
1861,204; 0,271
1861,311; 0,287
1861,413; 0,309
1861,416; 0,303
1861,420; 0,298
1861,424; 0,292
1861,664; 0,287
1861,668; 0,281
1861,672; 0,276
1861,793; 0,270
1861,915; 0,264
1862,037; 0,259
1862,258; 0,278
1862,262; 0,273
1862,266; 0,267
1862,393; 0,255
1862,448; 0,259
1862,562; 0,264
1862,617; 0,270
1862,844; 0,281
1862,847; 0,277
1862,950; 0,298
1862,954; 0,292
1862,958; 0,287
1863,264; 0,353
1863,268; 0,348
1863,272; 0,342
1863,276; 0,337
1863,279; 0,331
1863,283; 0,325
1863,287; 0,320
1863,291; 0,314
1863,295; 0,309
1863,417; 0,303
1863,421; 0,298
1863,425; 0,292
1863,429; 0,287
1863,433; 0,281
1863,776; 0,295
1863,780; 0,289
1863,784; 0,284
1863,788; 0,278
1863,792; 0,273
1863,796; 0,267
1863,800; 0,262
1863,831; 0,300
1863,878; 0,317
1863,882; 0,312
1863,886; 0,306
1864,239; 0,306
1864,242; 0,302
1864,470; 0,312
1864,584; 0,317
1864,776; 0,322
1864,937; 0,317
1864,940; 0,313
1865,158; 0,336
1865,162; 0,331
1865,165; 0,327
1865,256; 0,364
1865,260; 0,359
1865,264; 0,353
1865,268; 0,348
1865,272; 0,342
1865,629; 0,336
1865,633; 0,331
1865,637; 0,325
1865,641; 0,320
1865,645; 0,314
1865,648; 0,310
1865,888; 0,303
1865,892; 0,298
1865,896; 0,292
1865,900; 0,286
1865,904; 0,281
1866,147; 0,270
1866,151; 0,264
1866,155; 0,259
1866,159; 0,253
1866,281; 0,248
1866,285; 0,242
1866,289; 0,236
1866,293; 0,231
1866,297; 0,225
1866,301; 0,220
1866,364; 0,214
1866,616; 0,273
1866,620; 0,267
1866,624; 0,261
1866,628; 0,256
1866,632; 0,250
1866,636; 0,245
1866,640; 0,239
1866,796; 0,350
1866,800; 0,345
1866,804; 0,339
1866,808; 0,334
1866,812; 0,328
1866,816; 0,323
1866,820; 0,317
1866,941; 0,311
1866,945; 0,306
1866,949; 0,300
1866,953; 0,295
1866,957; 0,289
1866,961; 0,284
1867,083; 0,278
1867,430; 0,286
1867,434; 0,281
1867,442; 0,270
1867,446; 0,264
1867,485; 0,292
1867,497; 0,275
1867,540; 0,298
1867,567; 0,259
1867,571; 0,253
1867,575; 0,248
1867,578; 0,243
1867,819; 0,236
1867,823; 0,231
1867,827; 0,225
1867,831; 0,220
1867,835; 0,214
1867,839; 0,209
1867,843; 0,203
1867,846; 0,198
1867,850; 0,192
1867,854; 0,186
1867,858; 0,181
1867,862; 0,175
1867,866; 0,170
1867,988; 0,164
1867,992; 0,159
1868,114; 0,153
1868,118; 0,148
1868,122; 0,142
1868,124; 0,138
1868,242; 0,303
1868,246; 0,297
1868,250; 0,292
1868,254; 0,286
1868,258; 0,281
1868,262; 0,275
1868,270; 0,264
1868,274; 0,259
1868,278; 0,253
1868,282; 0,248
1868,285; 0,242
1868,289; 0,236
1868,293; 0,231
1868,297; 0,225
1868,301; 0,220
1868,305; 0,214
1868,309; 0,209
1868,313; 0,203
1868,317; 0,198
1868,321; 0,192
1868,324; 0,270
1868,325; 0,186
1868,329; 0,181
1868,333; 0,175
1868,337; 0,170
1868,341; 0,164
1868,348; 0,320
1868,352; 0,314
1868,356; 0,309
1868,638; 0,325
1868,693; 0,331
1868,748; 0,336
1868,791; 0,359
1868,795; 0,353
1868,798; 0,347
1868,802; 0,342
1869,277; 0,336
1869,281; 0,331
1869,285; 0,325
1869,289; 0,320
1869,324; 0,353
1869,379; 0,359
1869,387; 0,347
1869,391; 0,342
1869,426; 0,293
1869,528; 0,314
1869,532; 0,309
1869,536; 0,303
1869,540; 0,297
1869,642; 0,320
1869,697; 0,325
1869,959; 0,370
1869,963; 0,364
1869,967; 0,359
1869,971; 0,353
1869,975; 0,347
1869,979; 0,342
1869,983; 0,336
1869,987; 0,331
1870,440; 0,356
1870,444; 0,350
1870,448; 0,345
1870,452; 0,339
1870,456; 0,334
1870,460; 0,328
1870,464; 0,322
1870,495; 0,361
1870,585; 0,317
1870,707; 0,311
1870,711; 0,306
1870,774; 0,300
1870,815; 0,325
1870,819; 0,320
1870,837; 0,295
1871,225; 0,328
1871,276; 0,339
1871,280; 0,333
1871,331; 0,345
1871,499; 0,356
1871,503; 0,350
1871,742; 0,345
1871,746; 0,339
1871,750; 0,333
1871,813; 0,328
1871,994; 0,322
1872,115; 0,317
1872,119; 0,311
1872,123; 0,306
1872,127; 0,300
1872,131; 0,295
1872,135; 0,289
1872,139; 0,283
1872,143; 0,278
1872,289; 0,239
1872,390; 0,261
1872,394; 0,256
1872,406; 0,322
1872,445; 0,267
1872,468; 0,317
1872,472; 0,311
1872,476; 0,306
1872,480; 0,300
1872,484; 0,295
1872,488; 0,289
1872,492; 0,283
1872,496; 0,278
1872,500; 0,272
1872,530; 0,231
1872,534; 0,225
1872,538; 0,220
1872,777; 0,214
1872,781; 0,208
1872,844; 0,203
1872,907; 0,197
1872,969; 0,192
1873,032; 0,186
1873,036; 0,181
1873,040; 0,175
1873,043; 0,171
1873,296; 0,311
1873,300; 0,306
1873,304; 0,300
1873,308; 0,295
1873,312; 0,289
1873,316; 0,283
1873,320; 0,278
1873,324; 0,272
1873,398; 0,333
1873,402; 0,328
1873,406; 0,322
1873,410; 0,317
1873,445; 0,267
1873,626; 0,261
1873,657; 0,300
1873,661; 0,295
1873,665; 0,289
1873,669; 0,283
1873,732; 0,278
1873,795; 0,272
1873,857; 0,267
1873,919; 0,263
1874,275; 0,258
1874,279; 0,253
1874,342; 0,247
1874,405; 0,242
1874,409; 0,236
1874,499; 0,275
1874,503; 0,270
1874,507; 0,264
1874,554; 0,281
1874,608; 0,286
1874,746; 0,258
1874,856; 0,270
1874,860; 0,264
1874,868; 0,253
1874,989; 0,247
1874,992; 0,243
1875,160; 0,256
1875,340; 0,250
1875,580; 0,244
1875,584; 0,239
1875,587; 0,233
1875,591; 0,228
1875,595; 0,222
1875,599; 0,217
1875,662; 0,211
1876,078; 0,206
1876,082; 0,200
1876,086; 0,195
1876,090; 0,189
1876,094; 0,183
1876,098; 0,178
1876,220; 0,172
1876,684; 0,181
1876,688; 0,175
1876,739; 0,186
1876,786; 0,203
1876,790; 0,197
1876,793; 0,193
1876,841; 0,208
1877,014; 0,214
1877,371; 0,208
1877,374; 0,204
1877,730; 0,200
1877,733; 0,194
1877,740; 0,185
1877,855; 0,189
1878,202; 0,197
1878,206; 0,192
1878,210; 0,186
1878,430; 0,208
1878,434; 0,203
1878,485; 0,214
1878,520; 0,247
1878,524; 0,242
1878,531; 0,231
1878,535; 0,225
1878,539; 0,219
1878,645; 0,236
1879,071; 0,217
1879,114; 0,239
1879,118; 0,233
1879,122; 0,228
1879,126; 0,222
1879,404; 0,244
1879,459; 0,250
1879,573; 0,255
1879,820; 0,239
1879,824; 0,233
1879,828; 0,228
1879,832; 0,222
1879,836; 0,217
1879,840; 0,211
1879,903; 0,205
1880,083; 0,200
1880,094; 0,185
1880,146; 0,194
1880,209; 0,189
1880,556; 0,197
1880,572; 0,175
1880,619; 0,192
1880,627; 0,180
1880,681; 0,186
1881,030; 0,192
1881,081; 0,203
1881,085; 0,197
1881,216; 0,261
1881,220; 0,255
1881,224; 0,250
1881,228; 0,244
1881,240; 0,228
1881,244; 0,222
1881,248; 0,217
1881,295; 0,233
1881,350; 0,239
1881,679; 0,272
1881,742; 0,267
1881,805; 0,261
1881,809; 0,255
1882,048; 0,250
1882,052; 0,244
1882,056; 0,239
1882,162; 0,255
1882,177; 0,235
1882,185; 0,305
1882,248; 0,300
1882,252; 0,294
1882,256; 0,289
1882,259; 0,283
1882,263; 0,278
1882,267; 0,272
1882,271; 0,266
1882,275; 0,261
1882,636; 0,250
1882,640; 0,244
1882,742; 0,266
1882,746; 0,261
1882,750; 0,255
1883,099; 0,261
1883,103; 0,255
1883,107; 0,250
1883,111; 0,244
1883,114; 0,240
1883,321; 0,280
1883,325; 0,275
1883,329; 0,269
1883,375; 0,286
1883,426; 0,297
1883,430; 0,291
1883,528; 0,319
1883,532; 0,314
1883,536; 0,308
1883,658; 0,303
1883,779; 0,297
1883,783; 0,291
1883,787; 0,286
1883,791; 0,280
1883,795; 0,275
1883,799; 0,269
1884,041; 0,261
1884,044; 0,255
1884,166; 0,250
1884,288; 0,244
1884,527; 0,239
1884,637; 0,250
1884,648; 0,234
1884,700; 0,244
1884,703; 0,322
1884,707; 0,316
1884,711; 0,311
1884,715; 0,305
1884,719; 0,300
1884,723; 0,294
1884,727; 0,289
1884,731; 0,283
1884,735; 0,278
1884,739; 0,272
1884,743; 0,266
1884,758; 0,327
1884,761; 0,240
1885,170; 0,327
1885,174; 0,322
1885,178; 0,316
1885,182; 0,311
1885,186; 0,305
1885,190; 0,300
1885,194; 0,294
1885,197; 0,289
1885,201; 0,283
1885,205; 0,277
1885,209; 0,272
1885,331; 0,266
1885,335; 0,261
1885,682; 0,269
1885,686; 0,264
1885,749; 0,258
1885,812; 0,252
1885,816; 0,247
1885,820; 0,241
1885,824; 0,236
1886,161; 0,258
1886,270; 0,269
1886,274; 0,264
1886,384; 0,275
1886,631; 0,258
1886,635; 0,252
1886,639; 0,247
1886,643; 0,241
1886,647; 0,236
1886,651; 0,230
1886,655; 0,225
1886,659; 0,219
1886,663; 0,214
1886,916; 0,189
1886,920; 0,183
1887,026; 0,200
1887,030; 0,194
1887,081; 0,205
1887,312; 0,211
1887,351; 0,239
1887,367; 0,216
1887,414; 0,233
1887,422; 0,222
1887,477; 0,227
1887,834; 0,222
1888,193; 0,214
1888,201; 0,202
1888,248; 0,219
1888,287; 0,247
1888,291; 0,241
1888,295; 0,236
1888,299; 0,230
1888,303; 0,225
1888,315; 0,208
1888,630; 0,261
1888,634; 0,255
1888,744; 0,266
1888,756; 0,250
1888,799; 0,272
1888,853; 0,277
1888,876; 0,245
1888,990; 0,251
1889,208; 0,275
1889,212; 0,269
1889,220; 0,258
1889,275; 0,263
1889,685; 0,266
1889,689; 0,261
1889,752; 0,255
1889,815; 0,250
1889,819; 0,244
1889,940; 0,238
1889,943; 0,234
1890,160; 0,261
1890,163; 0,256
1890,375; 0,288
1890,379; 0,283
1890,383; 0,277
1890,387; 0,272
1890,390; 0,268
1890,485; 0,300
1890,489; 0,294
1890,678; 0,305
1890,701; 0,327
1890,705; 0,322
1890,709; 0,316
1890,713; 0,311
1890,838; 0,300
1890,842; 0,294
1890,846; 0,288
1890,850; 0,283
1890,854; 0,277
1890,917; 0,272
1891,217; 0,263
1891,272; 0,269
1891,280; 0,258
1891,343; 0,252
1891,347; 0,247
1891,409; 0,241
1891,707; 0,236
1891,711; 0,230
1891,817; 0,247
1891,821; 0,241
1891,922; 0,265
1892,162; 0,258
1892,213; 0,269
1892,252; 0,297
1892,256; 0,291
1892,260; 0,286
1892,264; 0,280
1892,268; 0,274
1892,286; 0,249
1892,517; 0,255
1892,520; 0,251
1892,572; 0,261
1892,737; 0,277
1892,858; 0,272
1892,863; 0,266
1893,043; 0,261
1893,214; 0,269
1893,471; 0,238
1893,474; 0,234
1893,526; 0,244
1893,576; 0,255
1893,580; 0,249
1893,808; 0,261
1893,922; 0,266
1893,930; 0,255
1893,933; 0,249
1894,094; 0,272
1894,394; 0,263
1894,398; 0,258
1894,402; 0,252
1894,406; 0,247
1894,418; 0,230
1894,422; 0,224
1894,469; 0,241
1894,532; 0,236
1894,849; 0,285
1894,853; 0,280
1894,877; 0,247
1894,881; 0,241
1894,963; 0,291
1894,975; 0,274
1894,979; 0,269
1894,983; 0,263
1894,987; 0,258
1894,991; 0,252
1895,346; 0,249
1895,350; 0,244
1895,400; 0,255
1895,455; 0,260
1895,806; 0,263
1895,810; 0,258
1895,991; 0,252
1896,054; 0,247
1896,352; 0,241
1896,532; 0,235
1896,536; 0,230
1896,540; 0,224
1896,544; 0,219
1896,548; 0,213
1896,552; 0,208
1896,556; 0,202
1896,560; 0,197
1896,799; 0,191
1896,806; 0,181
1896,862; 0,185
1897,027; 0,202
1897,031; 0,197
1897,034; 0,192
1897,141; 0,208
1897,234; 0,241
1897,238; 0,235
1897,242; 0,230
1897,246; 0,224
1897,250; 0,219
1897,254; 0,213
1897,436; 0,288
1897,440; 0,283
1897,444; 0,277
1897,448; 0,272
1897,452; 0,266
1897,456; 0,260
1897,460; 0,255
1897,463; 0,251
1897,747; 0,346
1897,751; 0,341
1897,755; 0,335
1897,759; 0,330
1897,763; 0,324
1897,767; 0,319
1897,771; 0,313
1897,775; 0,308
1897,779; 0,302
1897,802; 0,352
1897,857; 0,358
1897,901; 0,296
1898,022; 0,291
1898,116; 0,324
1898,120; 0,319
1898,124; 0,313
1898,128; 0,308
1898,132; 0,302
1898,135; 0,298
1898,171; 0,330
1898,218; 0,346
1898,222; 0,341
1898,226; 0,335
1898,273; 0,352
1898,328; 0,358
1898,642; 0,330
1898,940; 0,324
1899,054; 0,330
1899,062; 0,319
1899,066; 0,313
1899,070; 0,308
1899,074; 0,302
1899,077; 0,298
1899,389; 0,355
1899,393; 0,349
1899,397; 0,344
1899,401; 0,338
1899,471; 0,405
1899,475; 0,399
1899,479; 0,394
1899,483; 0,388
1899,487; 0,383
1899,491; 0,377
1899,495; 0,371
1899,499; 0,366
1899,562; 0,360
1899,742; 0,355
1899,746; 0,349
1899,750; 0,344
1899,754; 0,338
1899,758; 0,333
1899,770; 0,316
1899,773; 0,312
1899,825; 0,321
1899,880; 0,327
1900,239; 0,319
1900,243; 0,313
1900,246; 0,308
1900,250; 0,302
1900,254; 0,296
1900,258; 0,291
1900,500; 0,283
1900,504; 0,277
1900,526; 0,245
1900,566; 0,271
1900,582; 0,249
1900,629; 0,266
1900,633; 0,260
1900,637; 0,255
1900,939; 0,327
1900,943; 0,321
1900,947; 0,316
1900,951; 0,310
1900,955; 0,305
1900,958; 0,299
1900,962; 0,294
1900,966; 0,288
1900,970; 0,283
1900,974; 0,277
1900,978; 0,271
1900,981; 0,267
1900,994; 0,332
1901,276; 0,349
1901,280; 0,344
1901,284; 0,338
1901,405; 0,332
1901,409; 0,327
1901,413; 0,321
1901,417; 0,316
1901,420; 0,312
1901,704; 0,354
1901,727; 0,377
1901,731; 0,371
1901,735; 0,366
1901,739; 0,360
1901,747; 0,349
1901,832; 0,394
1901,836; 0,388
1901,840; 0,382
1901,868; 0,344
1901,872; 0,338
1901,876; 0,332
1901,880; 0,327
1901,884; 0,321
1901,888; 0,316
1902,012; 0,307
1902,133; 0,302
1902,137; 0,296
1902,141; 0,291
1902,145; 0,285
1902,387; 0,277
1902,390; 0,271
1902,394; 0,266
1902,398; 0,260
1902,402; 0,255
1902,406; 0,249
1902,681; 0,194
1902,685; 0,188
1902,689; 0,182
1902,692; 0,178
1902,736; 0,199
1902,767; 0,238
1902,771; 0,232
1902,775; 0,227
1902,779; 0,221
1902,783; 0,216
1902,787; 0,210
1902,791; 0,205
1902,822; 0,244
1902,837; 0,305
1902,841; 0,299
1902,845; 0,294
1902,849; 0,288
1902,853; 0,282
1902,857; 0,277
1902,861; 0,271
1902,865; 0,266
1902,869; 0,260
1902,873; 0,255
1902,877; 0,249
1903,023; 0,374
1903,027; 0,369
1903,031; 0,363
1903,035; 0,357
1903,098; 0,352
1903,161; 0,346
1903,165; 0,341
1903,169; 0,335
1903,173; 0,330
1903,177; 0,324
1903,417; 0,317
1903,473; 0,321
1903,516; 0,344
1903,637; 0,338
1903,641; 0,332
1903,645; 0,327
1903,990; 0,338
1903,994; 0,332
1903,998; 0,327
1904,002; 0,321
1904,022; 0,294
1904,065; 0,316
1904,128; 0,310
1904,132; 0,305
1904,136; 0,299
1904,457; 0,343
1904,461; 0,338
1904,465; 0,332
1904,469; 0,327
1904,473; 0,321
1904,745; 0,435
1904,749; 0,430
1904,753; 0,424
1904,757; 0,418
1904,761; 0,413
1904,765; 0,407
1904,769; 0,402
1904,772; 0,396
1904,776; 0,391
1904,780; 0,385
1904,784; 0,380
1904,788; 0,374
1904,792; 0,368
1904,796; 0,363
1904,800; 0,357
1904,839; 0,468
1904,843; 0,463
1904,847; 0,457
1904,850; 0,452
1904,854; 0,446
1904,858; 0,441
1905,042; 0,349
1905,046; 0,343
1905,049; 0,338
1905,053; 0,332
1905,057; 0,327
1905,096; 0,355
1905,528; 0,327
1905,532; 0,321
1905,536; 0,316
1905,540; 0,310
1905,544; 0,305
1905,583; 0,332
1905,666; 0,299
1905,670; 0,293
1905,674; 0,288
1905,678; 0,282
1905,681; 0,278
1905,927; 0,263
1905,982; 0,268
1906,037; 0,274
1906,501; 0,282
1906,505; 0,277
1906,509; 0,271
1906,513; 0,266
1906,576; 0,260
1906,603; 0,305
1906,607; 0,299
1906,611; 0,293
1906,615; 0,288
1906,639; 0,255
1906,643; 0,249
1906,647; 0,243
1907,006; 0,235
1907,010; 0,230
1907,014; 0,224
1907,100; 0,268
1907,104; 0,263
1907,108; 0,257
1907,112; 0,252
1907,115; 0,246
1907,198; 0,240
1907,359; 0,235
1907,362; 0,231
1907,582; 0,252
1907,586; 0,246
1907,625; 0,274
1907,637; 0,257
1907,688; 0,268
1907,692; 0,263
1908,169; 0,255
1908,173; 0,249
1908,177; 0,243
1908,181; 0,238
1908,184; 0,234
1908,282; 0,260
1908,508; 0,274
1908,512; 0,268
1908,818; 0,279
1908,853; 0,285
1908,978; 0,275
1909,324; 0,285
1909,378; 0,291
1909,386; 0,279
1909,429; 0,302
1909,433; 0,296
1909,449; 0,274
1909,536; 0,235
1909,571; 0,268
1909,575; 0,263
1909,579; 0,257
1909,583; 0,252
1909,587; 0,246
1909,591; 0,241
1910,096; 0,274
1910,100; 0,268
1910,139; 0,296
1910,151; 0,279
1910,163; 0,263
1910,167; 0,257
1910,171; 0,252
1910,175; 0,246
1910,261; 0,291
1910,265; 0,285
1910,622; 0,279
1910,626; 0,274
1910,689; 0,268
1910,752; 0,263
1910,756; 0,257
1910,760; 0,252
1911,056; 0,249
1911,059; 0,327
1911,060; 0,243
1911,063; 0,321
1911,067; 0,315
1911,071; 0,310
1911,075; 0,304
1911,079; 0,299
1911,095; 0,277
1911,099; 0,271
1911,103; 0,266
1911,107; 0,260
1911,111; 0,254
1911,122; 0,239
1911,142; 0,293
1911,204; 0,288
1911,208; 0,282
1911,559; 0,285
1911,563; 0,279
1911,566; 0,275
1911,673; 0,290
1911,834; 0,313
1911,866; 0,296
1911,897; 0,307
1911,901; 0,302
1912,026; 0,290
1912,089; 0,285
1912,152; 0,279
1912,156; 0,274
1912,159; 0,270
1912,619; 0,285
1912,623; 0,279
1912,627; 0,274
1912,673; 0,290
1912,720; 0,307
1912,724; 0,302
1912,728; 0,296
1912,751; 0,264
1912,807; 0,268
1912,980; 0,274
1913,171; 0,335
1913,175; 0,329
1913,179; 0,324
1913,183; 0,318
1913,187; 0,313
1913,191; 0,307
1913,195; 0,302
1913,199; 0,296
1913,203; 0,290
1913,207; 0,285
1913,210; 0,281
1913,226; 0,340
1913,458; 0,346
1913,638; 0,340
1913,642; 0,335
1913,646; 0,329
1913,650; 0,324
1913,654; 0,318
1913,662; 0,307
1913,776; 0,313
1914,131; 0,310
1914,236; 0,326
1914,240; 0,321
1914,244; 0,315
1914,251; 0,306
1914,691; 0,349
1914,695; 0,343
1914,699; 0,338
1914,703; 0,332
1914,707; 0,326
1914,711; 0,321
1914,715; 0,315
1914,778; 0,310
1914,841; 0,304
1914,845; 0,299
1914,849; 0,293
1914,853; 0,288
1914,856; 0,282
1914,860; 0,276
1915,161; 0,268
1915,223; 0,263
1915,286; 0,257
1915,348; 0,253
1915,611; 0,214
1915,667; 0,218
1915,706; 0,246
1915,710; 0,240
1915,714; 0,235
1915,718; 0,229
1915,722; 0,224
1915,761; 0,251
1916,108; 0,260
1916,288; 0,254
1916,351; 0,249
1916,612; 0,296
1916,616; 0,290
1916,620; 0,285
1916,624; 0,279
1916,628; 0,274
1916,632; 0,268
1916,694; 0,263
1916,757; 0,257
1917,100; 0,271
1917,104; 0,265
1917,194; 0,304
1917,198; 0,299
1917,202; 0,293
1917,206; 0,288
1917,210; 0,282
1917,214; 0,276
1917,249; 0,310
1917,296; 0,326
1917,300; 0,321
1917,304; 0,315
1917,717; 0,396
1917,721; 0,390
1917,725; 0,385
1917,729; 0,379
1917,733; 0,374
1917,737; 0,368
1917,741; 0,362
1917,745; 0,357
1917,749; 0,351
1917,753; 0,346
1917,757; 0,340
1917,761; 0,335
1917,765; 0,329
1917,769; 0,324
1917,773; 0,318
1917,777; 0,312
1917,839; 0,307
1917,902; 0,301
1918,126; 0,318
1918,129; 0,314
1918,471; 0,329
1918,475; 0,324
1918,698; 0,340
1918,702; 0,335
1918,714; 0,318
1918,718; 0,312
1918,722; 0,307
1918,726; 0,301
1918,789; 0,296
1918,852; 0,290
1918,883; 0,329
1918,945; 0,324
1919,185; 0,318
1919,189; 0,312
1919,193; 0,307
1919,314; 0,301
1919,318; 0,296
1919,322; 0,290
1919,326; 0,285
1919,330; 0,279
1919,334; 0,274
1919,338; 0,268
1919,342; 0,262
1919,528; 0,332
1919,591; 0,326
1919,642; 0,337
1919,654; 0,321
1919,779; 0,310
1919,782; 0,305
1919,834; 0,315
1919,991; 0,343
1919,995; 0,337
1919,999; 0,332
1920,003; 0,326
1920,007; 0,321
1920,167; 0,426
1920,171; 0,421
1920,174; 0,415
1920,178; 0,410
1920,182; 0,404
1920,206; 0,371
1920,210; 0,365
1920,214; 0,360
1920,218; 0,354
1920,221; 0,350
1920,245; 0,398
1920,261; 0,376
1920,308; 0,393
1920,312; 0,387
1920,316; 0,382
1920,777; 0,396
1920,781; 0,390
1920,785; 0,385
1920,789; 0,379
1920,793; 0,373
1920,805; 0,357
1920,809; 0,351
1920,812; 0,346
1920,914; 0,368
1920,969; 0,401
1920,996; 0,418
1920,997; 0,362
1921,000; 0,412
1921,004; 0,407
1921,082; 0,462
1921,086; 0,457
1921,090; 0,451
1921,094; 0,446
1921,098; 0,440
1921,102; 0,435
1921,106; 0,429
1921,110; 0,423
1921,111; 0,340
1921,130; 0,396
1921,134; 0,390
1921,138; 0,385
1921,142; 0,379
1921,146; 0,373
1921,149; 0,369
1921,158; 0,357
1921,162; 0,351
1921,166; 0,346
1921,173; 0,335
1921,532; 0,326
1921,654; 0,321
1921,658; 0,315
1921,662; 0,310
1921,666; 0,304
1921,670; 0,298
1921,674; 0,293
1921,678; 0,287
1921,682; 0,282
1921,686; 0,276
1921,690; 0,271
1921,694; 0,265
1921,698; 0,260
1921,702; 0,254
1921,706; 0,248
1921,710; 0,243
1921,714; 0,237
1921,718; 0,232
1921,722; 0,226
1921,725; 0,221
1921,729; 0,215
1921,733; 0,210
1921,737; 0,204
1921,741; 0,199
1921,745; 0,193
1921,749; 0,187
1921,753; 0,182
1921,757; 0,176
1921,761; 0,171
1921,765; 0,165
1921,769; 0,160
1921,772; 0,155
1922,038; 0,112
1922,041; 0,108
1922,136; 0,140
1922,140; 0,135
1922,144; 0,129
1922,148; 0,124
1922,152; 0,118
1922,359; 0,157
1922,363; 0,151
1922,367; 0,146
1922,422; 0,235
1922,426; 0,229
1922,430; 0,223
1922,434; 0,218
1922,437; 0,212
1922,441; 0,207
1922,445; 0,201
1922,449; 0,196
1922,453; 0,190
1922,457; 0,185
1922,461; 0,179
1922,465; 0,174
1922,469; 0,168
1922,473; 0,162
1922,601; 0,312
1922,605; 0,307
1922,609; 0,301
1922,613; 0,296
1922,617; 0,290
1922,621; 0,285
1922,625; 0,279
1922,629; 0,273
1922,633; 0,268
1922,637; 0,262
1922,641; 0,257
1922,645; 0,251
1922,649; 0,246
1922,652; 0,242
1922,672; 0,379
1922,675; 0,373
1922,679; 0,368
1922,683; 0,362
1922,687; 0,357
1922,691; 0,351
1922,695; 0,346
1922,699; 0,340
1922,703; 0,335
1922,707; 0,329
1922,711; 0,323
1922,715; 0,318
1923,138; 0,385
1923,142; 0,379
1923,146; 0,373
1923,150; 0,368
1923,154; 0,362
1923,158; 0,357
1923,162; 0,351
1923,166; 0,346
1923,170; 0,340
1923,174; 0,335
1923,296; 0,329
1923,318; 0,297
1923,358; 0,323
1923,421; 0,318
1923,425; 0,312
1923,429; 0,307
1923,433; 0,301
1923,866; 0,354
1923,870; 0,348
1923,874; 0,343
1923,878; 0,337
1923,882; 0,332
1923,886; 0,326
1923,890; 0,321
1923,894; 0,315
1923,898; 0,310
1923,901; 0,305
1924,178; 0,412
1924,182; 0,407
1924,185; 0,401
1924,189; 0,396
1924,193; 0,390
1924,197; 0,384
1924,201; 0,379
1924,205; 0,373
1924,209; 0,368
1924,213; 0,362
1924,232; 0,336
1924,276; 0,357
1924,288; 0,340
1924,339; 0,351
1924,343; 0,346
1924,760; 0,421
1924,764; 0,415
1924,768; 0,409
1924,772; 0,404
1924,776; 0,398
1924,780; 0,393
1924,784; 0,387
1924,788; 0,382
1924,792; 0,376
1924,796; 0,371
1924,800; 0,365
1924,804; 0,359
1924,808; 0,354
1924,815; 0,426
1924,846; 0,465
1924,850; 0,459
1924,854; 0,454
1924,858; 0,448
1924,862; 0,443
1924,866; 0,437
1924,870; 0,432
1924,929; 0,348
1924,933; 0,343
1924,937; 0,337
1924,941; 0,332
1924,945; 0,326
1924,952; 0,316
1925,067; 0,321
1925,362; 0,401
1925,366; 0,396
1925,370; 0,390
1925,374; 0,384
1925,378; 0,379
1925,382; 0,373
1925,386; 0,368
1925,390; 0,362
1925,394; 0,357
1925,398; 0,351
1925,402; 0,346
1925,406; 0,340
1925,410; 0,334
1925,414; 0,329
1925,417; 0,407
1925,418; 0,323
1925,472; 0,412
1925,684; 0,446
1925,688; 0,440
1925,692; 0,434
1925,695; 0,429
1925,699; 0,423
1925,703; 0,418
1925,825; 0,412
1925,888; 0,407
1925,896; 0,396
1925,951; 0,401
1926,251; 0,393
1926,255; 0,387
1926,302; 0,404
1926,306; 0,398
1926,318; 0,382
1926,322; 0,376
1926,326; 0,371
1926,388; 0,365
1926,451; 0,359
1926,454; 0,355
1926,876; 0,423
1926,880; 0,418
1926,884; 0,412
1926,888; 0,407
1926,892; 0,401
1926,896; 0,395
1926,900; 0,390
1926,904; 0,384
1926,908; 0,379
1926,912; 0,373
1926,916; 0,368
1926,920; 0,362
1927,223; 0,432
1927,227; 0,426
1927,231; 0,420
1927,235; 0,415
1927,239; 0,409
1927,243; 0,404
1927,247; 0,398
1927,251; 0,393
1927,255; 0,387
1927,259; 0,382
1927,263; 0,376
1927,326; 0,370
1927,624; 0,365
1927,628; 0,359
1927,632; 0,354
1927,636; 0,348
1927,640; 0,343
1927,644; 0,337
1927,648; 0,332
1927,706; 0,415
1927,710; 0,409
1927,714; 0,404
1927,718; 0,398
1927,769; 0,326
1927,773; 0,320
1927,777; 0,315
1927,781; 0,393
1927,781; 0,309
1927,785; 0,304
1927,788; 0,300
1927,843; 0,387
1927,847; 0,382
1927,851; 0,376
1927,855; 0,370
1927,977; 0,365
1927,981; 0,359
1927,985; 0,354
1927,989; 0,348
1928,175; 0,418
1928,296; 0,412
1928,300; 0,407
1928,304; 0,401
1928,308; 0,395
1928,312; 0,390
1928,316; 0,384
1928,438; 0,379
1928,442; 0,373
1928,446; 0,368
1928,450; 0,362
1928,454; 0,357
1928,661; 0,395
1928,783; 0,390
1928,787; 0,384
1928,909; 0,379
1929,226; 0,429
1929,230; 0,423
1929,234; 0,418
1929,238; 0,412
1929,242; 0,407
1929,246; 0,401
1929,250; 0,395
1929,254; 0,390
1929,258; 0,384
1929,266; 0,373
1929,269; 0,368
1929,273; 0,362
1929,277; 0,357
1929,281; 0,434
1929,300; 0,490
1929,304; 0,484
1929,308; 0,479
1929,312; 0,473
1929,316; 0,468
1929,320; 0,462
1929,324; 0,456
1929,328; 0,451
1929,332; 0,445
1929,336; 0,440
1929,379; 0,379
1929,736; 0,373
1929,787; 0,384
1929,791; 0,379
1929,814; 0,429
1929,818; 0,423
1929,822; 0,418
1929,830; 0,406
1929,834; 0,401
1929,838; 0,395
1929,842; 0,390
1929,857; 0,369
1929,869; 0,434
1929,885; 0,412
1929,920; 0,445
1929,924; 0,440
1930,263; 0,459
1930,267; 0,454
1930,271; 0,448
1930,275; 0,443
1930,279; 0,437
1930,283; 0,431
1930,287; 0,426
1930,291; 0,420
1930,295; 0,415
1930,298; 0,411
1930,600; 0,481
1930,604; 0,476
1930,608; 0,470
1930,655; 0,487
1930,671; 0,465
1930,706; 0,498
1930,710; 0,493
1930,734; 0,459
1930,738; 0,454
1930,742; 0,448
1930,746; 0,443
1930,750; 0,437
1930,754; 0,431
1930,816; 0,426
1930,997; 0,420
1931,001; 0,415
1931,005; 0,409
1931,009; 0,404
1931,029; 0,376
1931,131; 0,398
1931,134; 0,393
1931,138; 0,387
1931,142; 0,381
1931,546; 0,393
1931,609; 0,387
1931,613; 0,381
1931,617; 0,376
1931,621; 0,370
1931,625; 0,365
1931,629; 0,359
1931,633; 0,354
1931,637; 0,348
1931,760; 0,341
1931,933; 0,345
1931,964; 0,384
1931,968; 0,379
1931,972; 0,373
1931,976; 0,368
1931,980; 0,362
1931,984; 0,356
1931,988; 0,351
1932,078; 0,390
1932,401; 0,431
1932,405; 0,426
1932,409; 0,420
1932,413; 0,415
1932,417; 0,409
1932,421; 0,404
1932,425; 0,398
1932,429; 0,393
1932,433; 0,387
1932,437; 0,381
1932,441; 0,376
1932,445; 0,370
1932,448; 0,366
1932,629; 0,442
1932,632; 0,438
1932,683; 0,448
1932,797; 0,454
1932,840; 0,476
1932,844; 0,470
1932,848; 0,465
1932,852; 0,459
1932,895; 0,481
1933,272; 0,448
1933,335; 0,442
1933,339; 0,437
1933,343; 0,431
1933,347; 0,426
1933,351; 0,420
1933,374; 0,387
1933,377; 0,383
1933,429; 0,392
1933,472; 0,415
1933,476; 0,409
1933,480; 0,404
1933,484; 0,398
1933,825; 0,415
1933,829; 0,409
1933,833; 0,404
1933,837; 0,398
1933,841; 0,392
1933,845; 0,387
1933,848; 0,383
1933,907; 0,465
1933,911; 0,459
1933,915; 0,454
1933,919; 0,448
1933,923; 0,442
1933,927; 0,437
1933,931; 0,431
1933,935; 0,426
1933,939; 0,420
1934,021; 0,470
1934,285; 0,430
1934,400; 0,434
1934,619; 0,456
1934,623; 0,451
1934,627; 0,445
1934,631; 0,440
1934,681; 0,534
1934,685; 0,528
1934,689; 0,523
1934,693; 0,517
1934,815; 0,512
1934,819; 0,506
1934,823; 0,501
1934,827; 0,495
1934,831; 0,490
1934,835; 0,484
1934,839; 0,479
1934,843; 0,473
1934,847; 0,467
1934,851; 0,462
1934,872; 0,431
1935,002; 0,415
1935,006; 0,409
1935,010; 0,404
1935,014; 0,398
1935,018; 0,392
1935,022; 0,387
1935,026; 0,381
1935,030; 0,376
1935,034; 0,370
1935,037; 0,366
1935,057; 0,420
1935,092; 0,454
1935,096; 0,448
1935,100; 0,442
1935,104; 0,436
1935,112; 0,426
1935,147; 0,459
1935,186; 0,487
1935,190; 0,481
1935,194; 0,476
1935,198; 0,470
1935,202; 0,465
1935,288; 0,509
1935,292; 0,503
1935,296; 0,498
1935,300; 0,492
1935,343; 0,431
1935,447; 0,451
1935,451; 0,445
1935,455; 0,440
1935,469; 0,420
1935,473; 0,415
1935,477; 0,409
1935,481; 0,404
1935,524; 0,426
1935,937; 0,423
1935,941; 0,417
1935,945; 0,412
1935,949; 0,406
1935,973; 0,373
1935,977; 0,367
1935,981; 0,362
1935,985; 0,356
1935,989; 0,351
1935,993; 0,345
1935,996; 0,341
1936,012; 0,401
1936,075; 0,395
1936,079; 0,390
1936,083; 0,384
1936,087; 0,379
1936,422; 0,403
1936,426; 0,398
1936,430; 0,392
1936,434; 0,387
1936,793; 0,378
1936,797; 0,373
1936,801; 0,367
1936,805; 0,362
1936,809; 0,356
1936,895; 0,401
1936,899; 0,395
1936,903; 0,390
1936,907; 0,384
1936,930; 0,351
1936,934; 0,345
1936,937; 0,341
1937,122; 0,412
1937,236; 0,417
1937,436; 0,467
1937,440; 0,462
1937,444; 0,456
1937,447; 0,451
1937,451; 0,445
1937,455; 0,440
1937,459; 0,434
1937,463; 0,428
1937,467; 0,423
1937,525; 0,506
1937,529; 0,501
1937,533; 0,495
1937,537; 0,490
1937,541; 0,484
1937,545; 0,478
1937,549; 0,473
1937,589; 0,417
1937,593; 0,412
1937,597; 0,406
1937,601; 0,401
1937,664; 0,395
1937,726; 0,390
1937,730; 0,384
1937,734; 0,378
1937,856; 0,373
1938,171; 0,426
1938,175; 0,420
1938,179; 0,415
1938,183; 0,409
1938,187; 0,403
1938,191; 0,398
1938,245; 0,487
1938,249; 0,481
1938,253; 0,476
1938,257; 0,470
1938,261; 0,465
1938,265; 0,459
1938,269; 0,453
1938,273; 0,448
1938,277; 0,442
1938,281; 0,437
1938,285; 0,431
1938,313; 0,392
1938,355; 0,498
1938,359; 0,492
1938,435; 0,387
1938,497; 0,381
1938,560; 0,376
1938,563; 0,371
1938,658; 0,403
1938,662; 0,398
1938,784; 0,392
1938,877; 0,426
1938,881; 0,420
1938,885; 0,415
1938,889; 0,409
1938,932; 0,431
1938,975; 0,453
1938,979; 0,448
1938,983; 0,442
1938,987; 0,437
1939,070; 0,403
1939,133; 0,398
1939,195; 0,392
1939,478; 0,409
1939,482; 0,403
1939,485; 0,399
1939,683; 0,451
1939,687; 0,445
1939,691; 0,439
1939,703; 0,423
1939,706; 0,419
1939,738; 0,456
1939,754; 0,434
1939,758; 0,428
1939,789; 0,467
1939,793; 0,462
1939,816; 0,595
1939,820; 0,589
1939,824; 0,584
1939,827; 0,578
1939,831; 0,573
1939,835; 0,567
1939,839; 0,562
1939,843; 0,556
1939,847; 0,551
1939,851; 0,545
1939,855; 0,539
1939,859; 0,534
1939,863; 0,528
1939,867; 0,523
1939,871; 0,517
1939,875; 0,512
1939,879; 0,506
1939,883; 0,501
1939,887; 0,495
1939,950; 0,489
1940,013; 0,484
1940,017; 0,478
1940,021; 0,473
1940,154; 0,451
1940,158; 0,445
1940,162; 0,439
1940,166; 0,434
1940,169; 0,430
1940,209; 0,456
1940,260; 0,467
1940,264; 0,462
1940,350; 0,506
1940,354; 0,501
1940,358; 0,495
1940,362; 0,489
1940,366; 0,484
1940,370; 0,478
1940,374; 0,473
1940,750; 0,439
1940,754; 0,434
1940,758; 0,428
1940,762; 0,423
1940,766; 0,417
1940,770; 0,412
1940,774; 0,406
1940,778; 0,401
1940,782; 0,395
1940,786; 0,389
1940,790; 0,384
1940,793; 0,545
1940,794; 0,378
1940,797; 0,539
1940,798; 0,373
1940,801; 0,534
1940,802; 0,367
1940,805; 0,528
1940,809; 0,523
1940,865; 0,362
1940,928; 0,356
1940,930; 0,517
1940,932; 0,351
1940,934; 0,512
1940,935; 0,346
1940,938; 0,506
1940,942; 0,501
1940,943; 0,445
1940,946; 0,495
1940,950; 0,489
1940,954; 0,484
1940,958; 0,478
1940,962; 0,473
1940,966; 0,467
1940,970; 0,462
1940,974; 0,456
1940,978; 0,451
1941,339; 0,439
1941,343; 0,434
1941,347; 0,428
1941,351; 0,423
1941,414; 0,417
1941,476; 0,412
1941,539; 0,406
1941,602; 0,401
1941,618; 0,378
1941,621; 0,374
1941,724; 0,395
1941,728; 0,389
1941,732; 0,384
1942,045; 0,439
1942,049; 0,434
1942,170; 0,428
1942,174; 0,423
1942,178; 0,417
1942,182; 0,412
1942,186; 0,406
1942,190; 0,401
1942,312; 0,395
1942,316; 0,389
1942,438; 0,384
1942,559; 0,378
1942,567; 0,367
1942,642; 0,372
1942,791; 0,384
1942,794; 0,380
1942,802; 0,369
1942,924; 0,362
1942,928; 0,356
1942,932; 0,351
1942,936; 0,345
1943,058; 0,339
1943,179; 0,334
1943,183; 0,328
1943,187; 0,323
1943,191; 0,317
1943,195; 0,312
1943,232; 0,425
1943,236; 0,420
1943,240; 0,414
1943,243; 0,409
1943,247; 0,403
1943,251; 0,398
1943,255; 0,392
1943,258; 0,306
1943,259; 0,387
1943,263; 0,381
1943,267; 0,375
1943,271; 0,370
1943,275; 0,364
1943,279; 0,359
1943,283; 0,353
1943,287; 0,348
1943,291; 0,342
1943,314; 0,475
1943,318; 0,470
1943,321; 0,464
1943,325; 0,459
1943,329; 0,453
1943,333; 0,448
1943,337; 0,442
1943,341; 0,437
1943,345; 0,431
1943,376; 0,553
1943,380; 0,548
1943,384; 0,542
1943,388; 0,537
1943,392; 0,531
1943,396; 0,525
1943,400; 0,520
1943,403; 0,514
1943,407; 0,509
1943,411; 0,503
1943,533; 0,498
1943,537; 0,492
1943,541; 0,487
1943,545; 0,481
1943,667; 0,475
1943,671; 0,470
1943,675; 0,464
1943,678; 0,459
1943,682; 0,453
1943,686; 0,448
1943,690; 0,442
1943,694; 0,437
1943,698; 0,431
1943,761; 0,425
1943,824; 0,420
1943,828; 0,414
1943,832; 0,409
1943,836; 0,403
1943,840; 0,398
1943,971; 0,378
1943,975; 0,373
1943,979; 0,367
1943,983; 0,362
1943,987; 0,356
1943,991; 0,350
1943,994; 0,346
1944,026; 0,384
1944,081; 0,389
1944,167; 0,434
1944,171; 0,428
1944,175; 0,423
1944,179; 0,417
1944,183; 0,412
1944,187; 0,406
1944,191; 0,400
1944,313; 0,394
1944,446; 0,373
1944,450; 0,367
1944,454; 0,362
1944,458; 0,356
1944,462; 0,350
1944,466; 0,345
1944,470; 0,339
1944,474; 0,334
1944,478; 0,328
1944,482; 0,323
1944,486; 0,317
1944,489; 0,313
1944,552; 0,389
1944,556; 0,384
1944,560; 0,378
1944,638; 0,434
1944,642; 0,428
1944,646; 0,423
1944,650; 0,417
1944,654; 0,412
1944,658; 0,406
1944,662; 0,400
1944,665; 0,396
1944,915; 0,375
1945,011; 0,570
1945,015; 0,564
1945,019; 0,559
1945,023; 0,553
1945,027; 0,548
1945,031; 0,542
1945,035; 0,536
1945,039; 0,531
1945,043; 0,525
1945,047; 0,520
1945,051; 0,514
1945,055; 0,509
1945,059; 0,503
1945,063; 0,498
1945,067; 0,492
1945,071; 0,486
1945,075; 0,481
1945,079; 0,475
1945,083; 0,470
1945,087; 0,464
1945,091; 0,459
1945,095; 0,453
1945,099; 0,448
1945,103; 0,442
1945,107; 0,437
1945,134; 0,398
1945,138; 0,392
1945,169; 0,431
1945,232; 0,425
1945,236; 0,420
1945,240; 0,414
1945,244; 0,409
1945,248; 0,403
1945,581; 0,431
1945,585; 0,425
1945,589; 0,420
1945,593; 0,414
1945,597; 0,409
1945,601; 0,403
1945,991; 0,434
1946,054; 0,428
1946,058; 0,423
1946,062; 0,417
1946,066; 0,411
1946,090; 0,378
1946,094; 0,373
1946,097; 0,368
1946,129; 0,406
1946,191; 0,400
1946,195; 0,395
1946,199; 0,389
1946,203; 0,384
1946,542; 0,403
1946,546; 0,398
1946,775; 0,573
1946,778; 0,567
1946,782; 0,561
1946,786; 0,556
1946,790; 0,550
1946,794; 0,545
1946,798; 0,539
1946,802; 0,534
1946,806; 0,528
1946,810; 0,523
1946,814; 0,517
1946,818; 0,511
1946,822; 0,506
1946,826; 0,500
1946,829; 0,661
1946,830; 0,495
1946,833; 0,656
1946,834; 0,489
1946,837; 0,650
1946,838; 0,484
1946,841; 0,645
1946,842; 0,478
1946,845; 0,639
1946,846; 0,473
1946,849; 0,634
1946,850; 0,467
1946,853; 0,628
1946,854; 0,461
1946,856; 0,622
1946,858; 0,456
1946,860; 0,617
1946,862; 0,450
1946,864; 0,611
1946,866; 0,445
1946,868; 0,606
1946,870; 0,439
1946,872; 0,600
1946,874; 0,434
1946,876; 0,595
1946,878; 0,428
1946,880; 0,589
1946,882; 0,423
1946,884; 0,584
1946,886; 0,417
1946,888; 0,578
1946,890; 0,411
1946,952; 0,406
1947,015; 0,400
1947,019; 0,395
1947,023; 0,389
1947,027; 0,384
1947,031; 0,378
1947,043; 0,361
1947,153; 0,373
1947,157; 0,367
1947,502; 0,378
1947,615; 0,384
1947,642; 0,511
1947,646; 0,506
1947,650; 0,500
1947,654; 0,495
1947,658; 0,489
1947,662; 0,484
1947,713; 0,411
1947,717; 0,406
1947,721; 0,400
1947,725; 0,478
1947,725; 0,395
1947,729; 0,389
1947,768; 0,417
1947,787; 0,473
1947,791; 0,467
1947,795; 0,461
1947,799; 0,456
1947,803; 0,450
1947,807; 0,445
1947,811; 0,439
1947,815; 0,434
1947,819; 0,428
1947,823; 0,423
1948,109; 0,517
1948,113; 0,511
1948,117; 0,506
1948,121; 0,500
1948,125; 0,495
1948,128; 0,489
1948,132; 0,484
1948,195; 0,478
1948,258; 0,473
1948,262; 0,467
1948,266; 0,461
1948,270; 0,456
1948,274; 0,450
1948,278; 0,445
1948,282; 0,439
1948,286; 0,434
1948,290; 0,428
1948,294; 0,423
1948,415; 0,417
1948,537; 0,411
1948,541; 0,406
1948,544; 0,402
1948,621; 0,459
1948,625; 0,453
1948,629; 0,448
1948,633; 0,442
1948,637; 0,436
1948,641; 0,431
1948,645; 0,425
1948,649; 0,420
1948,803; 0,697
1948,807; 0,692
1948,811; 0,686
1948,815; 0,681
1948,819; 0,675
1948,823; 0,670
1948,827; 0,664
1948,831; 0,659
1948,835; 0,653
1948,839; 0,647
1948,843; 0,642
1948,847; 0,636
1948,851; 0,631
1948,855; 0,625
1948,858; 0,703
1948,859; 0,620
1948,863; 0,614
1948,867; 0,609
1948,871; 0,603
1948,875; 0,597
1948,879; 0,592
1948,881; 0,753
1948,883; 0,586
1948,885; 0,747
1948,887; 0,581
1948,889; 0,742
1948,891; 0,575
1948,893; 0,736
1948,895; 0,570
1948,897; 0,731
1948,899; 0,564
1948,901; 0,725
1948,903; 0,559
1948,905; 0,720
1948,907; 0,553
1948,909; 0,714
1948,911; 0,547
1948,913; 0,708
1948,915; 0,542
1948,919; 0,536
1948,922; 0,531
1948,926; 0,525
1948,930; 0,520
1948,934; 0,514
1948,938; 0,509
1948,942; 0,503
1948,946; 0,497
1948,950; 0,492
1948,954; 0,486
1948,958; 0,481
1948,962; 0,475
1948,966; 0,470
1948,970; 0,464
1949,118; 0,422
1949,121; 0,417
1949,125; 0,411
1949,129; 0,406
1949,133; 0,400
1949,137; 0,395
1949,141; 0,389
1949,145; 0,384
1949,149; 0,378
1949,153; 0,373
1949,156; 0,368
1949,211; 0,456
1949,215; 0,450
1949,219; 0,445
1949,223; 0,439
1949,227; 0,434
1949,231; 0,428
1949,266; 0,461
1949,301; 0,495
1949,305; 0,489
1949,309; 0,484
1949,313; 0,478
1949,317; 0,472
1949,321; 0,467
1949,590; 0,420
1949,688; 0,447
1949,692; 0,442
1949,696; 0,436
1949,700; 0,431
1949,704; 0,425
1949,802; 0,453
1950,095; 0,372
1950,099; 0,367
1950,103; 0,361
1950,161; 0,445
1950,165; 0,439
1950,169; 0,434
1950,173; 0,428
1950,177; 0,422
1950,181; 0,417
1950,185; 0,411
1950,189; 0,406
1950,192; 0,400
1950,196; 0,395
1950,200; 0,389
1950,204; 0,384
1950,208; 0,378
1950,263; 0,467
1950,267; 0,461
1950,270; 0,456
1950,274; 0,450
1950,372; 0,478
1950,376; 0,472
1950,407; 0,595
1950,411; 0,589
1950,415; 0,583
1950,419; 0,578
1950,423; 0,572
1950,427; 0,567
1950,430; 0,561
1950,434; 0,556
1950,438; 0,550
1950,442; 0,545
1950,446; 0,539
1950,450; 0,534
1950,454; 0,528
1950,458; 0,522
1950,462; 0,517
1950,466; 0,511
1950,470; 0,506
1950,474; 0,500
1950,478; 0,495
1950,482; 0,489
1950,486; 0,484
1950,733; 0,467
1950,737; 0,461
1950,741; 0,456
1950,745; 0,450
1950,749; 0,445
1950,753; 0,439
1950,757; 0,434
1950,761; 0,428
1950,765; 0,422
1950,769; 0,417
1950,797; 0,378
1950,801; 0,372
1950,805; 0,367
1950,808; 0,363
1950,832; 0,411
1950,895; 0,406
1950,899; 0,400
1950,903; 0,395
1950,906; 0,389
1950,910; 0,384
1951,234; 0,425
1951,297; 0,420
1951,359; 0,414
1951,363; 0,409
1951,695; 0,439
1951,699; 0,434
1951,722; 0,400
1951,797; 0,405
1951,820; 0,428
1951,824; 0,422
1951,828; 0,417
1951,832; 0,411
1951,957; 0,402
1951,962; 0,395
1951,966; 0,389
1951,969; 0,385
1952,211; 0,375
1952,215; 0,370
1952,219; 0,364
1952,247; 0,325
1952,251; 0,320
1952,254; 0,314
1952,258; 0,309
1952,301; 0,331
1952,321; 0,303
1952,340; 0,359
1952,344; 0,353
1952,348; 0,347
1952,352; 0,342
1952,356; 0,336
1952,384; 0,297
1952,388; 0,292
1952,392; 0,286
1952,396; 0,281
1952,400; 0,275
1952,799; 0,375
1952,803; 0,370
1952,807; 0,364
1953,140; 0,392
1953,144; 0,386
1953,148; 0,381
1953,151; 0,377
1953,195; 0,397
1953,474; 0,420
1953,478; 0,414
1953,482; 0,408
1953,486; 0,402
1953,701; 0,431
1953,705; 0,425
1953,725; 0,397
1953,729; 0,392
1953,733; 0,386
1953,783; 0,481
1953,787; 0,475
1953,791; 0,470
1953,795; 0,464
1953,796; 0,381
1953,799; 0,458
1953,803; 0,453
1953,858; 0,375
1953,862; 0,370
1953,866; 0,447
1953,866; 0,364
1953,870; 0,358
1953,874; 0,353
1953,878; 0,347
1953,894; 0,436
1953,928; 0,442
1953,944; 0,420
1953,948; 0,414
1953,952; 0,408
1954,015; 0,403
1954,054; 0,431
1954,058; 0,425
1954,078; 0,397
1954,082; 0,392
1954,085; 0,388
1954,246; 0,492
1954,250; 0,486
1954,254; 0,481
1954,258; 0,475
1954,262; 0,470
1954,266; 0,464
1954,270; 0,458
1954,332; 0,453
1954,395; 0,447
1954,517; 0,442
1954,638; 0,436
1954,642; 0,431
1954,646; 0,425
1954,650; 0,420
1954,654; 0,414
1954,658; 0,408
1954,662; 0,403
1954,666; 0,397
1954,670; 0,392
1954,674; 0,386
1954,678; 0,381
1954,682; 0,375
1954,686; 0,370
1954,690; 0,364
1954,694; 0,358
1954,698; 0,353
1954,702; 0,347
1954,706; 0,342
1954,710; 0,336
1954,714; 0,331
1954,718; 0,325
1954,722; 0,320
1954,783; 0,481
1954,846; 0,475
1954,850; 0,470
1954,854; 0,464
1954,858; 0,458
1954,862; 0,453
1954,866; 0,447
1954,988; 0,442
1955,109; 0,436
1955,113; 0,431
1955,117; 0,425
1955,121; 0,420
1955,125; 0,414
1955,129; 0,408
1955,133; 0,403
1955,137; 0,397
1955,141; 0,392
1955,145; 0,386
1955,149; 0,381
1955,153; 0,375
1955,157; 0,370
1955,161; 0,364
1955,165; 0,358
1955,169; 0,353
1955,173; 0,347
1955,177; 0,342
1955,181; 0,336
1955,185; 0,331
1955,195; 0,481
1955,199; 0,475
1955,202; 0,553
1955,203; 0,469
1955,207; 0,464
1955,211; 0,458
1955,215; 0,453
1955,219; 0,447
1955,222; 0,443
1955,265; 0,547
1955,269; 0,542
1955,273; 0,536
1955,277; 0,531
1955,281; 0,525
1955,285; 0,519
1955,289; 0,514
1955,293; 0,508
1955,297; 0,503
1955,301; 0,497
1955,305; 0,492
1955,306; 0,325
1955,309; 0,486
1955,309; 0,321
1955,596; 0,414
1955,600; 0,408
1955,604; 0,403
1955,608; 0,397
1955,658; 0,492
1955,662; 0,486
1955,666; 0,481
1955,670; 0,475
1955,674; 0,469
1955,678; 0,464
1955,682; 0,458
1955,686; 0,453
1955,690; 0,447
1955,694; 0,442
1955,698; 0,436
1955,702; 0,431
1955,706; 0,425
1955,709; 0,419
1955,729; 0,392
1955,851; 0,386
1955,855; 0,381
1955,859; 0,375
1955,863; 0,370
1955,891; 0,331
1955,895; 0,325
1955,985; 0,364
1955,988; 0,358
1955,992; 0,353
1955,996; 0,347
1956,000; 0,342
1956,004; 0,336
1956,141; 0,392
1956,176; 0,425
1956,180; 0,419
1956,184; 0,414
1956,188; 0,408
1956,310; 0,403
1956,314; 0,397
1956,759; 0,433
1956,763; 0,428
1956,767; 0,422
1956,771; 0,417
1956,775; 0,411
1956,779; 0,406
1956,782; 0,400
1956,786; 0,394
1956,814; 0,439
1956,857; 0,461
1956,860; 0,456
1956,864; 0,450
1956,868; 0,444
1956,918; 0,375
1956,973; 0,381
1957,028; 0,386
1957,083; 0,392
1957,134; 0,403
1957,138; 0,397
1957,303; 0,494
1957,307; 0,489
1957,311; 0,483
1957,315; 0,478
1957,319; 0,472
1957,323; 0,467
1957,327; 0,461
1957,331; 0,456
1957,335; 0,450
1957,339; 0,444
1957,402; 0,439
1957,465; 0,433
1957,469; 0,428
1957,473; 0,422
1957,535; 0,417
1957,598; 0,411
1957,602; 0,406
1957,606; 0,400
1957,728; 0,394
1957,732; 0,389
1957,736; 0,383
1958,209; 0,381
1958,212; 0,375
1958,216; 0,369
1958,220; 0,364
1958,224; 0,358
1958,228; 0,353
1958,232; 0,347
1958,361; 0,414
1958,424; 0,408
1958,428; 0,403
1958,432; 0,397
1958,436; 0,392
1958,440; 0,386
1958,679; 0,381
1958,683; 0,375
1958,777; 0,408
1958,781; 0,403
1958,785; 0,397
1958,789; 0,392
1958,793; 0,386
1958,864; 0,369
1958,926; 0,364
1958,930; 0,358
1958,934; 0,353
1958,938; 0,347
1958,942; 0,342
1958,946; 0,336
1958,950; 0,331
1958,954; 0,325
1958,957; 0,321
1959,087; 0,413
1959,098; 0,453
1959,102; 0,447
1959,106; 0,442
1959,110; 0,436
1959,114; 0,430
1959,118; 0,425
1959,122; 0,419
1959,153; 0,458
1959,196; 0,480
1959,200; 0,475
1959,204; 0,469
1959,208; 0,464
1959,248; 0,408
1959,252; 0,403
1959,256; 0,397
1959,260; 0,392
1959,263; 0,387
1959,587; 0,428
1959,591; 0,422
1959,595; 0,417
1959,642; 0,433
1959,697; 0,439
1959,836; 0,408
1959,950; 0,414
1959,958; 0,403
1959,962; 0,397
1959,966; 0,392
1959,970; 0,386
1959,974; 0,380
1959,977; 0,376
1960,173; 0,430
1960,177; 0,425
1960,221; 0,419
1960,421; 0,414
1960,425; 0,408
1960,429; 0,403
1960,433; 0,397
1960,554; 0,392
1960,558; 0,386
1960,562; 0,380
1960,566; 0,375
1960,570; 0,369
1960,633; 0,364
1960,696; 0,358
1960,700; 0,353
1960,821; 0,347
1960,856; 0,464
1960,860; 0,458
1960,864; 0,453
1960,868; 0,447
1960,871; 0,442
1960,875; 0,436
1960,879; 0,430
1960,883; 0,425
1960,887; 0,419
1960,891; 0,414
1960,895; 0,408
1960,907; 0,475
1960,969; 0,469
1961,281; 0,528
1961,282; 0,361
1961,285; 0,522
1961,286; 0,355
1961,289; 0,516
1961,290; 0,350
1961,293; 0,511
1961,294; 0,344
1961,297; 0,505
1961,298; 0,339
1961,301; 0,500
1961,305; 0,494
1961,308; 0,489
1961,312; 0,483
1961,316; 0,478
1961,320; 0,472
1961,324; 0,467
1961,328; 0,461
1961,332; 0,455
1961,336; 0,450
1961,340; 0,444
1961,344; 0,439
1961,348; 0,433
1961,352; 0,428
1961,356; 0,422
1961,360; 0,417
1961,364; 0,411
1961,367; 0,572
1961,368; 0,405
1961,371; 0,566
1961,372; 0,400
1961,375; 0,561
1961,376; 0,394
1961,379; 0,555
1961,380; 0,389
1961,383; 0,550
1961,384; 0,383
1961,386; 0,544
1961,388; 0,378
1961,390; 0,539
1961,392; 0,372
1961,394; 0,533
1961,396; 0,367
1961,419; 0,335
1961,712; 0,583
1961,716; 0,578
1961,720; 0,572
1961,724; 0,566
1961,728; 0,561
1961,732; 0,555
1961,736; 0,550
1961,740; 0,544
1961,744; 0,539
1961,747; 0,533
1961,751; 0,528
1961,755; 0,522
1961,759; 0,516
1961,763; 0,511
1961,767; 0,505
1961,771; 0,500
1961,775; 0,494
1961,779; 0,489
1961,783; 0,483
1961,787; 0,478
1961,791; 0,472
1961,795; 0,466
1961,799; 0,461
1961,921; 0,455
1961,925; 0,450
1961,929; 0,444
1961,933; 0,439
1961,937; 0,433
1961,941; 0,428
1961,944; 0,422
1961,948; 0,417
1961,952; 0,411
1961,956; 0,405
1961,960; 0,400
1961,964; 0,394
1961,968; 0,389
1961,971; 0,385
1962,288; 0,436
1962,292; 0,430
1962,296; 0,425
1962,299; 0,419
1962,303; 0,414
1962,307; 0,408
1962,311; 0,403
1962,315; 0,397
1962,437; 0,392
1962,441; 0,386
1962,445; 0,380
1962,449; 0,375
1962,453; 0,369
1962,457; 0,364
1962,461; 0,358
1962,464; 0,354
1962,766; 0,425
1962,770; 0,419
1962,774; 0,414
1962,778; 0,408
1962,782; 0,403
1962,786; 0,397
1962,790; 0,391
1962,794; 0,386
1962,916; 0,380
1963,096; 0,375
1963,159; 0,369
1963,163; 0,364
1963,285; 0,358
1963,289; 0,353
1963,466; 0,433
1963,470; 0,428
1963,474; 0,422
1963,501; 0,385
1963,537; 0,416
1963,557; 0,389
1963,600; 0,411
1963,604; 0,405
1963,608; 0,400
1963,612; 0,394
1963,965; 0,394
1963,969; 0,389
1964,208; 0,383
1964,330; 0,378
1964,334; 0,372
1964,382; 0,469
1964,438; 0,391
1964,442; 0,386
1964,504; 0,464
1964,508; 0,458
1964,512; 0,453
1964,516; 0,447
1964,520; 0,441
1964,523; 0,436
1964,527; 0,430
1964,531; 0,425
1964,535; 0,419
1964,539; 0,414
1964,543; 0,408
1964,547; 0,403
1964,551; 0,397
1964,900; 0,403
1964,904; 0,397
1964,908; 0,391
1964,912; 0,386
1964,955; 0,408
1965,006; 0,419
1965,010; 0,414
1965,034; 0,380
1965,156; 0,375
1965,277; 0,369
1965,359; 0,419
1965,363; 0,414
1965,367; 0,408
1965,371; 0,403
1965,375; 0,397
1965,379; 0,391
1965,399; 0,364
1965,402; 0,359
1965,442; 0,386
1965,505; 0,380
1965,626; 0,375
1965,748; 0,369
1965,852; 0,389
1965,856; 0,383
1965,860; 0,378
1965,928; 0,364
1965,991; 0,358
1966,113; 0,353
1966,129; 0,330
1966,132; 0,326
1966,176; 0,347
1966,184; 0,336
1966,238; 0,341
1966,562; 0,383
1966,566; 0,377
1966,570; 0,372
1966,574; 0,366
1966,578; 0,361
1966,582; 0,355
1966,586; 0,350
1966,589; 0,344
1966,593; 0,339
1966,596; 0,334
1966,769; 0,422
1966,773; 0,416
1966,777; 0,411
1966,781; 0,405
1966,903; 0,400
1966,907; 0,394
1966,911; 0,389
1967,150; 0,383
1967,154; 0,377
1967,158; 0,372
1967,162; 0,366
1967,284; 0,361
1967,354; 0,427
1967,358; 0,422
1967,362; 0,416
1967,366; 0,411
1967,370; 0,405
1967,374; 0,400
1967,378; 0,394
1967,381; 0,389
1967,405; 0,355
1967,409; 0,350
1967,412; 0,346
1967,503; 0,383
1967,507; 0,377
1967,511; 0,372
1967,515; 0,366
1967,518; 0,362
1967,834; 0,414
1968,066; 0,419
1968,074; 0,408
1968,078; 0,402
1968,082; 0,397
1968,086; 0,391
1968,090; 0,386
1968,094; 0,380
1968,097; 0,375
1968,101; 0,369
1968,187; 0,414
1968,223; 0,364
1968,227; 0,358
1968,466; 0,352
1968,474; 0,341
1968,478; 0,336
1968,482; 0,330
1968,485; 0,326
1968,529; 0,347
1968,676; 0,389
1968,680; 0,383
1968,684; 0,377
1968,688; 0,372
1968,692; 0,366
1968,696; 0,361
1968,700; 0,355
1968,782; 0,405
1968,786; 0,400
1968,790; 0,394
1968,974; 0,410
1968,985; 0,450
1968,989; 0,444
1968,993; 0,438
1968,997; 0,433
1969,001; 0,427
1969,005; 0,422
1969,009; 0,416
1969,075; 0,488
1969,079; 0,483
1969,083; 0,477
1969,087; 0,472
1969,091; 0,466
1969,095; 0,461
1969,099; 0,455
1969,130; 0,494
1969,135; 0,405
1969,139; 0,400
1969,143; 0,394
1969,147; 0,389
1969,151; 0,383
1969,405; 0,522
1969,408; 0,516
1969,412; 0,511
1969,416; 0,505
1969,420; 0,500
1969,459; 0,527
1969,483; 0,577
1969,486; 0,572
1969,490; 0,566
1969,494; 0,561
1969,498; 0,555
1969,502; 0,550
1969,506; 0,544
1969,510; 0,538
1969,514; 0,533
1969,542; 0,494
1969,546; 0,488
1969,550; 0,483
1969,554; 0,477
1969,558; 0,472
1969,562; 0,466
1969,566; 0,461
1969,570; 0,455
1969,574; 0,450
1969,578; 0,444
1969,582; 0,438
1969,586; 0,433
1969,590; 0,427
1969,594; 0,422
1969,598; 0,416
1969,602; 0,411
1969,605; 0,405
1969,609; 0,400
1969,613; 0,394
1969,617; 0,388
1969,680; 0,383
1969,743; 0,377
1969,747; 0,372
1969,751; 0,366
1969,755; 0,361
1969,759; 0,355
1969,822; 0,350
1969,883; 0,345
1970,159; 0,372
1970,214; 0,377
1970,583; 0,355
1970,587; 0,350
1970,591; 0,344
1970,594; 0,340
1970,637; 0,361
1970,661; 0,411
1970,665; 0,405
1970,669; 0,400
1970,673; 0,394
1970,677; 0,388
1970,680; 0,383
1970,684; 0,377
1970,688; 0,372
1970,692; 0,366
1970,860; 0,461
1970,864; 0,455
1970,868; 0,450
1970,872; 0,444
1970,876; 0,438
1970,880; 0,433
1970,884; 0,427
1970,888; 0,422
1970,892; 0,416
1971,133; 0,408
1971,137; 0,402
1971,141; 0,397
1971,145; 0,391
1971,149; 0,386
1971,153; 0,380
1971,157; 0,375
1971,161; 0,369
1971,165; 0,363
1971,169; 0,358
1971,173; 0,352
1971,326; 0,413
1971,471; 0,430
1971,474; 0,425
1971,478; 0,419
1971,486; 0,408
1971,490; 0,402
1971,553; 0,397
1971,616; 0,391
1971,620; 0,386
1971,624; 0,380
1971,628; 0,375
1971,631; 0,370
1971,949; 0,419
1971,953; 0,413
1971,957; 0,408
1971,961; 0,402
1971,965; 0,397
1971,969; 0,391
1971,973; 0,386
1971,977; 0,380
1971,981; 0,375
1971,985; 0,369
1972,004; 0,425
1972,043; 0,452
1972,047; 0,447
1972,051; 0,441
1972,055; 0,436
1972,059; 0,430
1972,098; 0,458
1972,129; 0,497
1972,133; 0,491
1972,137; 0,486
1972,141; 0,480
1972,145; 0,474
1972,149; 0,469
1972,153; 0,463
1972,532; 0,427
1972,536; 0,422
1972,540; 0,416
1972,543; 0,411
1972,547; 0,405
1972,551; 0,399
1972,555; 0,394
1972,559; 0,388
1972,759; 0,438
1972,763; 0,433
1972,799; 0,383
1972,803; 0,377
1972,805; 0,538
1972,807; 0,372
1972,809; 0,533
1972,813; 0,527
1972,817; 0,522
1972,821; 0,516
1972,825; 0,511
1972,829; 0,505
1972,833; 0,499
1972,837; 0,494
1972,841; 0,488
1972,845; 0,483
1972,849; 0,477
1972,853; 0,472
1972,857; 0,466
1972,861; 0,461
1972,865; 0,455
1972,869; 0,449
1972,873; 0,444
1972,885; 0,427
1972,889; 0,422
1972,893; 0,416
1972,897; 0,411
1972,900; 0,405
1972,904; 0,399
1972,908; 0,394
1972,912; 0,388
1972,928; 0,366
1972,932; 0,361
1973,113; 0,355
1973,176; 0,349
1973,179; 0,344
1973,183; 0,338
1973,507; 0,380
1973,511; 0,374
1973,515; 0,369
1973,519; 0,363
1973,523; 0,358
1973,644; 0,352
1973,648; 0,347
1973,652; 0,341
1973,820; 0,436
1973,824; 0,430
1973,828; 0,424
1973,832; 0,419
1973,836; 0,413
1973,840; 0,408
1973,844; 0,402
1973,848; 0,397
1973,852; 0,391
1973,856; 0,386
1973,860; 0,380
1973,864; 0,374
1973,926; 0,452
1973,930; 0,447
1973,934; 0,441
1973,981; 0,458
1974,020; 0,486
1974,024; 0,480
1974,028; 0,474
1974,032; 0,469
1974,036; 0,463
1974,401; 0,447
1974,405; 0,441
1974,409; 0,436
1974,412; 0,430
1974,416; 0,424
1974,420; 0,419
1974,424; 0,413
1974,428; 0,408
1974,432; 0,402
1974,435; 0,563
1974,436; 0,397
1974,439; 0,558
1974,440; 0,391
1974,443; 0,552
1974,444; 0,386
1974,447; 0,547
1974,448; 0,380
1974,451; 0,541
1974,452; 0,374
1974,455; 0,535
1974,456; 0,369
1974,459; 0,530
1974,460; 0,363
1974,463; 0,524
1974,467; 0,519
1974,471; 0,513
1974,475; 0,508
1974,479; 0,502
1974,483; 0,497
1974,487; 0,491
1974,490; 0,486
1974,494; 0,480
1974,498; 0,474
1974,502; 0,469
1974,506; 0,463
1974,510; 0,458
1974,514; 0,452
1974,582; 0,358
1974,703; 0,352
1974,707; 0,347
1974,711; 0,341
1974,715; 0,336
1974,719; 0,330
1974,723; 0,324
1974,727; 0,319
1974,731; 0,313
1974,735; 0,308
1974,738; 0,304
1974,891; 0,419
1974,895; 0,413
1974,899; 0,408
1974,903; 0,402
1974,907; 0,397
1974,911; 0,391
1974,915; 0,386
1974,919; 0,380
1974,923; 0,374
1974,927; 0,369
1974,931; 0,363
1974,946; 0,424
1974,965; 0,480
1974,969; 0,474
1974,973; 0,469
1974,977; 0,463
1974,981; 0,458
1974,985; 0,452
1974,989; 0,447
1974,993; 0,441
1974,997; 0,436
1975,001; 0,430
1975,052; 0,358
1975,174; 0,352
1975,178; 0,347
1975,182; 0,341
1975,186; 0,336
1975,190; 0,330
1975,194; 0,324
1975,270; 0,383
1975,274; 0,377
1975,278; 0,372
1975,282; 0,366
1975,345; 0,361
1975,643; 0,355
1975,647; 0,349
1975,650; 0,345
1975,815; 0,361
1975,870; 0,366
1976,102; 0,372
1976,329; 0,383
1976,333; 0,377
1976,341; 0,366
1976,533; 0,427
1976,537; 0,422
1976,541; 0,416
1976,545; 0,410
1976,549; 0,405
1976,553; 0,399
1976,556; 0,394
1976,560; 0,388
1976,572; 0,372
1976,580; 0,360
1976,584; 0,355
1976,588; 0,433
1976,588; 0,349
1976,592; 0,344
1976,682; 0,383
1976,685; 0,379
1976,694; 0,366
1976,714; 0,338
1976,721; 0,329
1976,835; 0,333
1977,075; 0,491
1977,079; 0,485
1977,083; 0,480
1977,087; 0,474
1977,091; 0,469
1977,095; 0,463
1977,099; 0,458
1977,103; 0,452
1977,107; 0,447
1977,111; 0,441
1977,115; 0,435
1977,119; 0,430
1977,123; 0,424
1977,127; 0,419
1977,131; 0,413
1977,135; 0,408
1977,139; 0,402
1977,143; 0,397
1977,147; 0,391
1977,151; 0,385
1977,155; 0,380
1977,159; 0,374
1977,163; 0,369
1977,167; 0,363
1977,171; 0,358
1977,175; 0,352
1977,179; 0,347
1977,183; 0,341
1977,187; 0,335
1977,308; 0,330
1977,430; 0,324
1977,434; 0,319
1977,673; 0,313
1977,689; 0,291
1977,693; 0,285
1977,744; 0,297
1977,795; 0,308
1977,799; 0,302
1978,083; 0,316
1978,098; 0,377
1978,102; 0,372
1978,106; 0,366
1978,110; 0,360
1978,114; 0,355
1978,118; 0,349
1978,122; 0,344
1978,126; 0,338
1978,130; 0,333
1978,134; 0,327
1978,138; 0,322
1978,146; 0,310
1978,148; 0,471
1978,150; 0,305
1978,152; 0,466
1978,153; 0,383
1978,154; 0,299
1978,156; 0,460
1978,158; 0,294
1978,160; 0,455
1978,161; 0,290
1978,164; 0,449
1978,168; 0,444
1978,172; 0,438
1978,176; 0,433
1978,180; 0,427
1978,184; 0,422
1978,188; 0,416
1978,192; 0,410
1978,196; 0,405
1978,200; 0,399
1978,204; 0,394
1978,208; 0,388
1978,687; 0,377
1978,691; 0,372
1978,695; 0,366
1978,698; 0,360
1978,702; 0,355
1978,706; 0,349
1978,710; 0,344
1978,757; 0,444
1978,761; 0,438
1978,765; 0,433
1978,827; 0,427
1978,832; 0,338
1978,836; 0,333
1978,840; 0,327
1978,879; 0,382
1978,890; 0,421
1978,894; 0,416
1978,898; 0,410
1978,902; 0,405
1978,906; 0,399
1978,910; 0,394
1978,914; 0,388
1979,040; 0,377
1979,044; 0,372
1979,371; 0,408
1979,375; 0,402
1979,379; 0,396
1979,383; 0,391
1979,387; 0,385
1979,481; 0,419
1979,602; 0,413
1979,626; 0,380
1979,630; 0,374
1979,634; 0,369
1979,638; 0,363
1979,642; 0,358
1979,646; 0,352
1979,650; 0,347
1979,724; 0,408
1979,728; 0,402
1979,732; 0,396
1979,736; 0,391
1979,740; 0,385
1980,099; 0,377
1980,103; 0,371
1980,107; 0,366
1980,111; 0,360
1980,232; 0,355
1980,239; 0,345
1980,295; 0,349
1980,452; 0,377
1980,456; 0,371
1980,460; 0,366
1980,464; 0,360
1980,467; 0,356
1980,714; 0,421
1980,777; 0,416
1980,781; 0,410
1980,785; 0,405
1980,789; 0,399
1980,793; 0,394
1980,797; 0,388
1980,801; 0,383
1981,040; 0,377
1981,044; 0,371
1981,048; 0,366
1981,052; 0,360
1981,056; 0,355
1981,060; 0,349
1981,064; 0,344
1981,127; 0,338
1981,190; 0,333
1981,194; 0,327
1981,198; 0,321
1981,201; 0,316
1981,205; 0,310
1981,272; 0,383
1981,361; 0,421
1981,365; 0,416
1981,369; 0,410
1981,373; 0,405
1981,377; 0,399
1981,381; 0,394
1981,385; 0,388
1981,577; 0,449
1981,581; 0,444
1981,585; 0,438
1981,648; 0,433
1981,672; 0,426
1981,832; 0,421
1981,836; 0,416
1981,840; 0,410
1981,844; 0,405
1981,848; 0,399
1981,852; 0,394
1981,856; 0,388
1981,978; 0,383
1982,102; 0,373
1982,158; 0,377
1982,690; 0,374
1982,694; 0,369
1982,698; 0,363
1982,702; 0,358
1982,706; 0,352
1982,745; 0,380
1982,791; 0,396
1982,795; 0,391
1982,799; 0,385
1982,827; 0,346
1982,859; 0,302
1982,863; 0,296
1982,867; 0,291
1982,914; 0,308
1982,949; 0,341
1982,953; 0,335
1982,957; 0,330
1982,961; 0,324
1982,965; 0,319
1982,969; 0,313
1983,197; 0,488
1983,201; 0,482
1983,205; 0,477
1983,264; 0,394
1983,267; 0,471
1983,268; 0,388
1983,272; 0,382
1983,276; 0,377
1983,280; 0,371
1983,284; 0,366
1983,292; 0,355
1983,296; 0,349
1983,300; 0,344
1983,304; 0,338
1983,308; 0,332
1983,312; 0,327
1983,316; 0,321
1983,320; 0,316
1983,324; 0,310
1983,328; 0,305
1983,330; 0,466
1983,332; 0,299
1983,334; 0,460
1983,336; 0,294
1983,338; 0,455
1983,340; 0,288
1983,342; 0,449
1983,346; 0,444
1983,350; 0,438
1983,354; 0,432
1983,358; 0,427
1983,362; 0,421
1983,366; 0,416
1983,370; 0,410
1983,374; 0,405
1983,378; 0,399
1983,406; 0,360
1983,778; 0,416
1983,841; 0,410
1983,845; 0,405
1983,849; 0,399
1983,853; 0,394
1983,857; 0,388
1983,860; 0,382
1983,864; 0,377
1983,868; 0,371
1983,872; 0,366
1983,876; 0,360
1984,243; 0,341
1984,305; 0,419
1984,309; 0,413
1984,310; 0,357
1984,313; 0,407
1984,317; 0,402
1984,321; 0,396
1984,325; 0,391
1984,329; 0,385
1984,333; 0,380
1984,337; 0,374
1984,341; 0,369
1984,345; 0,363
1984,353; 0,352
1984,357; 0,346
1984,360; 0,424
1984,395; 0,457
1984,399; 0,452
1984,403; 0,446
1984,407; 0,441
1984,411; 0,435
1984,415; 0,430
1984,450; 0,463
1984,505; 0,469
1984,621; 0,635
1984,625; 0,630
1984,629; 0,624
1984,633; 0,618
1984,637; 0,613
1984,641; 0,607
1984,645; 0,602
1984,649; 0,596
1984,653; 0,591
1984,657; 0,585
1984,661; 0,580
1984,665; 0,574
1984,669; 0,568
1984,673; 0,563
1984,676; 0,641
1984,677; 0,557
1984,681; 0,552
1984,685; 0,546
1984,689; 0,541
1984,693; 0,535
1984,697; 0,530
1984,698; 0,474
1984,701; 0,524
1984,705; 0,518
1984,709; 0,513
1984,713; 0,507
1984,717; 0,502
1984,721; 0,496
1984,725; 0,491
1984,729; 0,485
1984,731; 0,646
1984,732; 0,480
1984,858; 0,468
1984,862; 0,463
1984,866; 0,457
1984,870; 0,452
1984,874; 0,446
1984,878; 0,441
1984,882; 0,435
1985,004; 0,430
1985,008; 0,424
1985,011; 0,419
1985,015; 0,413
1985,019; 0,407
1985,023; 0,402
1985,027; 0,396
1985,149; 0,391
1985,153; 0,385
1985,157; 0,380
1985,420; 0,341
1985,424; 0,335
1985,428; 0,330
1985,432; 0,324
1985,436; 0,319
1985,440; 0,313
1985,443; 0,309
1985,526; 0,357
1985,530; 0,352
1985,534; 0,346
1985,640; 0,363
1985,749; 0,374
1985,753; 0,369
1985,839; 0,413
1985,843; 0,407
1985,847; 0,402
1985,851; 0,396
1985,914; 0,391
1985,977; 0,385
1985,981; 0,379
1986,220; 0,374
1986,224; 0,368
1986,228; 0,363
1986,232; 0,357
1986,236; 0,352
1986,333; 0,381
1986,557; 0,396
1986,561; 0,391
1986,564; 0,387
1986,663; 0,413
1986,667; 0,407
1986,671; 0,402
1986,710; 0,430
1986,718; 0,418
1986,773; 0,424
1987,101; 0,624
1987,105; 0,618
1987,109; 0,613
1987,113; 0,607
1987,116; 0,602
1987,120; 0,596
1987,124; 0,591
1987,128; 0,585
1987,132; 0,579
1987,136; 0,574
1987,140; 0,568
1987,144; 0,563
1987,146; 0,396
1987,148; 0,557
1987,150; 0,391
1987,152; 0,552
1987,154; 0,385
1987,156; 0,546
1987,157; 0,380
1987,160; 0,541
1987,164; 0,535
1987,168; 0,530
1987,172; 0,524
1987,176; 0,518
1987,180; 0,513
1987,184; 0,507
1987,188; 0,502
1987,192; 0,496
1987,196; 0,491
1987,200; 0,485
1987,204; 0,480
1987,208; 0,474
1987,212; 0,468
1987,216; 0,463
1987,220; 0,457
1987,224; 0,452
1987,228; 0,446
1987,232; 0,441
1987,235; 0,435
1987,239; 0,430
1987,243; 0,424
1987,247; 0,418
1987,251; 0,413
1987,255; 0,407
1987,279; 0,374
1987,377; 0,402
1987,400; 0,370
1987,499; 0,396
1987,503; 0,391
1987,507; 0,385
1987,511; 0,380
1987,513; 0,375
1987,706; 0,435
1987,710; 0,430
1987,714; 0,424
1987,718; 0,418
1987,722; 0,413
1987,726; 0,407
1987,730; 0,402
1987,761; 0,441
1987,792; 0,480
1987,796; 0,474
1987,800; 0,468
1987,804; 0,463
1987,808; 0,457
1987,812; 0,452
1987,816; 0,446
1987,847; 0,485
1988,189; 0,418
1988,193; 0,413
1988,197; 0,407
1988,201; 0,402
1988,205; 0,396
1988,209; 0,391
1988,213; 0,385
1988,217; 0,380
1988,221; 0,374
1988,225; 0,368
1988,228; 0,363
1988,232; 0,357
1988,236; 0,352
1988,240; 0,346
1988,244; 0,341
1988,248; 0,335
1988,252; 0,330
1988,256; 0,324
1988,291; 0,441
1988,295; 0,435
1988,299; 0,430
1988,303; 0,424
1988,381; 0,479
1988,502; 0,474
1988,506; 0,468
1988,510; 0,463
1988,514; 0,457
1988,518; 0,452
1988,522; 0,446
1988,761; 0,441
1988,765; 0,435
1988,863; 0,463
1988,867; 0,457
1988,871; 0,452
1988,887; 0,429
1988,895; 0,418
1988,899; 0,413
1988,902; 0,409
1988,993; 0,446
1989,009; 0,424
1989,232; 0,441
1989,236; 0,435
1989,318; 0,485
1989,322; 0,479
1989,326; 0,474
1989,330; 0,468
1989,358; 0,429
1989,393; 0,463
1989,456; 0,457
1989,459; 0,452
1989,463; 0,446
1989,479; 0,424
1989,705; 0,438
1989,709; 0,432
1989,721; 0,416
1989,725; 0,410
1989,728; 0,406
1989,760; 0,443
1989,913; 0,421
1989,948; 0,427
1990,074; 0,416
1990,078; 0,410
1990,082; 0,404
