6406_3_2_3931_3932.jpg,0
6406_3_2_3932_3933.jpg,0
6406_3_2_3933_3934.jpg,0
6406_3_2_3935_3936.jpg,0
6406_3_2_3936_3937.jpg,0
6406_3_2_3937_3938.jpg,0
6406_3_2_3938_3939.jpg,0
6406_3_2_3939_3940.jpg,0
6406_3_2_3940_3941.jpg,0
6406_3_2_3941_3942.jpg,0
6406_3_2_3942_3943.jpg,0
6406_3_2_3944_3945.jpg,0
6406_3_2_3945_3946.jpg,0
6406_3_2_3946_3947.jpg,0
6406_3_2_3947_3948.jpg,0
6406_3_2_3948_3949.jpg,0
6406_3_2_3950_3951.jpg,0
6406_3_2_3951_3952.jpg,0
6406_3_2_3952_3953.jpg,0
6406_3_2_3953_3954.jpg,0
6406_3_2_3954_3955.jpg,0
6406_3_2_3955_3956.jpg,0
6406_3_2_3956_3957.jpg,0
6406_3_2_3959_3960.jpg,0
6406_3_2_3960_3961.jpg,0
6406_3_2_3961_3962.jpg,0
6406_3_2_3962_3963.jpg,0
6406_3_2_3963_3964.jpg,0
6406_3_2_3965_3966.jpg,0
6406_3_2_3966_3967.jpg,0
6406_3_2_3967_3968.jpg,0
6406_3_2_3968_3969.jpg,0
6406_3_2_3969_3970.jpg,0
6406_3_2_3970_3971.jpg,0
6406_3_2_3971_3972.jpg,0
6406_3_2_3972_3973.jpg,0
6406_3_2_3973_3974.jpg,0
6406_3_2_3974_3975.jpg,0
6406_3_2_3975_3976.jpg,0
6406_3_2_3976_3977.jpg,0
6406_3_2_3977_3978.jpg,0
6406_3_2_3978_3979.jpg,0
6406_3_2_3979_3980.jpg,0
6406_3_2_3980_3981.jpg,0
6406_3_2_3981_3982.jpg,0
6406_3_2_3983_3984.jpg,0
6406_3_2_3985_3986.jpg,0
6406_3_2_3986_3987.jpg,0
6406_3_2_3991_3992.jpg,0
6406_3_2_3993_3994.jpg,0
6406_3_2_3994_3995.jpg,0
6406_3_2_3995_3996.jpg,0
6406_3_2_3996_3997.jpg,0
6406_3_2_3997_3998.jpg,0
6406_3_2_4000_4001.jpg,0
6406_3_2_4001_4002.jpg,0
6406_3_2_4002_4003.jpg,0
6406_3_2_4003_4004.jpg,0
6406_3_2_4004_4005.jpg,0
6406_3_2_4005_4006.jpg,0
6406_3_2_4006_4007.jpg,0
6406_3_2_4008_4009.jpg,0
6406_3_2_4010_4011.jpg,0
6406_3_2_4011_4012.jpg,0
6406_3_2_4078_4079.jpg,0
6406_3_2_4083_4084.jpg,0
6406_3_2_4093_4094.jpg,0
6406_3_2_4098_4099.jpg,0
6406_3_2_4099_4099.jpg,0
6406_3_2_4317_4318.jpg,0
6406_3_2_4318_4319.jpg,0
6406_3_2_4319_4320.jpg,0
6406_3_2_4324_4325.jpg,0
6406_3_2_4326_4327.jpg,0
6406_3_2_4327_4328.jpg,0
6406_3_2_4328_4329.jpg,0
6406_3_2_4329_4330.jpg,0
6406_3_2_4336_4337.jpg,0
6406_3_2_3943_3944.jpg,1
6406_3_2_3957_3958.jpg,1
6406_3_2_3984_3985.jpg,1
6406_3_2_3988_3989.jpg,1
6406_3_2_3992_3993.jpg,1
6406_3_2_3998_3999.jpg,1
6406_3_2_3999_4000.jpg,1
6406_3_2_4001_4001.jpg,1
6406_3_2_4007_4008.jpg,1
6406_3_2_4009_4010.jpg,1
6406_3_2_4013_4014.jpg,1
6406_3_2_4014_4015.jpg,1
6406_3_2_4015_4016.jpg,1
6406_3_2_4016_4017.jpg,1
6406_3_2_4017_4018.jpg,1
6406_3_2_4018_4019.jpg,1
6406_3_2_4019_4020.jpg,1
6406_3_2_4020_4021.jpg,1
6406_3_2_4021_4022.jpg,1
6406_3_2_4022_4023.jpg,1
6406_3_2_4023_4024.jpg,1
6406_3_2_4024_4025.jpg,1
6406_3_2_4025_4026.jpg,1
6406_3_2_4027_4028.jpg,1
6406_3_2_4035_4036.jpg,1
6406_3_2_4039_4040.jpg,1
6406_3_2_4040_4041.jpg,1
6406_3_2_4041_4042.jpg,1
6406_3_2_4067_4068.jpg,1
6406_3_2_4073_4074.jpg,1
6406_3_2_4076_4077.jpg,1
6406_3_2_4077_4078.jpg,1
6406_3_2_4080_4081.jpg,1
6406_3_2_4084_4085.jpg,1
6406_3_2_4085_4086.jpg,1
6406_3_2_4086_4087.jpg,1
6406_3_2_4091_4092.jpg,1
6406_3_2_4092_4093.jpg,1
6406_3_2_4095_4096.jpg,1
6406_3_2_4097_4098.jpg,1
6406_3_2_4100_4101.jpg,1
6406_3_2_4136_4137.jpg,1
6406_3_2_4137_4138.jpg,1
6406_3_2_4138_4139.jpg,1
6406_3_2_4139_4140.jpg,1
6406_3_2_4140_4141.jpg,1
6406_3_2_4141_4142.jpg,1
6406_3_2_4142_4143.jpg,1
6406_3_2_4143_4144.jpg,1
6406_3_2_4144_4145.jpg,1
6406_3_2_4145_4146.jpg,1
6406_3_2_4146_4147.jpg,1
6406_3_2_4147_4148.jpg,1
6406_3_2_4284_4285.jpg,1
6406_3_2_4285_4286.jpg,1
6406_3_2_4286_4287.jpg,1
6406_3_2_4287_4288.jpg,1
6406_3_2_4288_4289.jpg,1
6406_3_2_4289_4290.jpg,1
6406_3_2_4290_4291.jpg,1
6406_3_2_4291_4292.jpg,1
6406_3_2_4292_4293.jpg,1
6406_3_2_4293_4294.jpg,1
6406_3_2_4294_4295.jpg,1
6406_3_2_4299_4300.jpg,1
6406_3_2_4300_4301.jpg,1
6406_3_2_4301_4302.jpg,1
6406_3_2_4302_4303.jpg,1
6406_3_2_4303_4304.jpg,1
6406_3_2_4304_4305.jpg,1
6406_3_2_4305_4306.jpg,1
6406_3_2_4306_4307.jpg,1
6406_3_2_4307_4308.jpg,1
6406_3_2_4308_4308.jpg,1
6406_3_2_4308_4309.jpg,1
6406_3_2_4309_4310.jpg,1
6406_3_2_4310_4311.jpg,1
6406_3_2_4311_4312.jpg,1
6406_3_2_4312_4313.jpg,1
6406_3_2_4313_4314.jpg,1
6406_3_2_4314_4315.jpg,1
6406_3_2_4315_4316.jpg,1
6406_3_2_4320_4321.jpg,1
6406_3_2_4321_4322.jpg,1
6406_3_2_4322_4323.jpg,1
6406_3_2_4323_4324.jpg,1
6406_3_2_4331_4332.jpg,1
6406_3_2_4332_4333.jpg,1
6406_3_2_4333_4334.jpg,1
6406_3_2_4334_4335.jpg,1
6406_3_2_4335_4336.jpg,1
6406_3_2_4337_4338.jpg,1
6406_3_2_4338_4339.jpg,1
6406_3_2_4339_4340.jpg,1
6406_3_2_4340_4341.jpg,1
6406_3_2_4345_4346.jpg,1
6406_3_2_4346_4347.jpg,1
6406_3_2_4347_4348.jpg,1
6406_3_2_4348_4349.jpg,1
6406_3_2_4349_4350.jpg,1
6406_3_2_4350_4351.jpg,1
6406_3_2_4351_4352.jpg,1
6406_3_2_4352_4353.jpg,1
6406_3_2_4353_4354.jpg,1
6406_3_2_4354_4355.jpg,1
6406_3_2_4355_4356.jpg,1
6406_3_2_4356_4357.jpg,1
6406_3_2_4357_4358.jpg,1
6406_3_2_4358_4359.jpg,1
6406_3_2_4359_4360.jpg,1
6406_3_2_4364_4365.jpg,1
6406_3_2_4365_4366.jpg,1
6406_3_2_4366_4367.jpg,1
6406_3_2_4367_4368.jpg,1
6406_3_2_4369_4370.jpg,1
6406_3_2_4370_4371.jpg,1
6406_3_2_4371_4372.jpg,1
6406_3_2_4372_4373.jpg,1
6406_3_2_4373_4374.jpg,1
6406_3_2_4374_4375.jpg,1
6406_3_2_4375_4375.jpg,1
6406_3_2_3949_3950.jpg,2
6406_3_2_3964_3965.jpg,2
6406_3_2_4045_4046.jpg,3
6406_3_2_4046_4047.jpg,3
6406_3_2_4047_4048.jpg,3
6406_3_2_4048_4049.jpg,3
6406_3_2_4049_4050.jpg,3
6406_3_2_4050_4051.jpg,3
6406_3_2_4051_4052.jpg,3
6406_3_2_4052_4053.jpg,3
6406_3_2_4053_4054.jpg,3
6406_3_2_4054_4055.jpg,3
6406_3_2_4055_4056.jpg,3
6406_3_2_4056_4057.jpg,3
6406_3_2_4079_4080.jpg,3
6406_3_2_4282_4283.jpg,3
6406_3_2_4360_4361.jpg,3
6406_3_2_4363_4364.jpg,3
6406_3_2_4029_4030.jpg,4
6406_3_2_4030_4031.jpg,4
6406_3_2_4031_4032.jpg,4
6406_3_2_4032_4033.jpg,4
6406_3_2_4033_4034.jpg,4
6406_3_2_4034_4035.jpg,4
6406_3_2_4036_4037.jpg,4
6406_3_2_4037_4038.jpg,4
6406_3_2_4038_4039.jpg,4
6406_3_2_4042_4043.jpg,4
6406_3_2_4043_4044.jpg,4
6406_3_2_4068_4069.jpg,4
6406_3_2_4069_4070.jpg,4
6406_3_2_4070_4071.jpg,4
6406_3_2_4071_4072.jpg,4
6406_3_2_4074_4075.jpg,4
6406_3_2_4087_4088.jpg,4
6406_3_2_4088_4089.jpg,4
6406_3_2_4089_4090.jpg,4
6406_3_2_4090_4091.jpg,4
6406_3_2_4096_4097.jpg,4
6406_3_2_4102_4103.jpg,4
6406_3_2_4103_4104.jpg,4
6406_3_2_4104_4105.jpg,4
6406_3_2_4105_4106.jpg,4
6406_3_2_4106_4107.jpg,4
6406_3_2_4107_4108.jpg,4
6406_3_2_4108_4109.jpg,4
6406_3_2_4109_4110.jpg,4
6406_3_2_4110_4111.jpg,4
6406_3_2_4111_4112.jpg,4
6406_3_2_4112_4113.jpg,4
6406_3_2_4113_4114.jpg,4
6406_3_2_4114_4115.jpg,4
6406_3_2_4115_4116.jpg,4
6406_3_2_4116_4117.jpg,4
6406_3_2_4117_4118.jpg,4
6406_3_2_4118_4119.jpg,4
6406_3_2_4119_4120.jpg,4
6406_3_2_4121_4122.jpg,4
6406_3_2_4122_4123.jpg,4
6406_3_2_4123_4124.jpg,4
6406_3_2_4124_4125.jpg,4
6406_3_2_4125_4126.jpg,4
6406_3_2_4126_4127.jpg,4
6406_3_2_4127_4128.jpg,4
6406_3_2_4128_4129.jpg,4
6406_3_2_4129_4130.jpg,4
6406_3_2_4130_4131.jpg,4
6406_3_2_4132_4133.jpg,4
6406_3_2_4133_4134.jpg,4
6406_3_2_4134_4135.jpg,4
6406_3_2_4148_4148.jpg,4
6406_3_2_3958_3959.jpg,5
6406_3_2_3987_3988.jpg,5
6406_3_2_3989_3990.jpg,5
6406_3_2_3990_3991.jpg,5
6406_3_2_4012_4013.jpg,5
6406_3_2_4026_4027.jpg,5
6406_3_2_4028_4029.jpg,5
6406_3_2_4044_4045.jpg,5
6406_3_2_4072_4073.jpg,5
6406_3_2_4075_4076.jpg,5
6406_3_2_4081_4082.jpg,5
6406_3_2_4082_4083.jpg,5
6406_3_2_4094_4095.jpg,5
6406_3_2_4101_4102.jpg,5
6406_3_2_4131_4132.jpg,5
6406_3_2_4135_4136.jpg,5
6406_3_2_4283_4284.jpg,5
6406_3_2_4295_4296.jpg,5
6406_3_2_4298_4299.jpg,5
6406_3_2_4316_4317.jpg,5
6406_3_2_4325_4326.jpg,5
6406_3_2_4330_4331.jpg,5
6406_3_2_4368_4369.jpg,5