6507_7_4_24 797_24820.jpg,0
6507_7_4_25202_25216.jpg,1
6507_7_4_26083_26106.jpg,0
6507_7_4_27185_27208.jpg,0
6507_7_4_27188_27211.jpg ,1
6507_7_4_27191_27205.jpg,1
6507_7_4_27194_27217.jpg,1
6507_7_4_27200_27223.jpg,1
6507_7_4_27206_27229.jpg,1
6507_7_4_27221_27244.jpg,1
6507_7_4_27227_27250.jpg,1
6507_7_4_27233_27256.jpg,1
6507_7_4_27239_27262.jpg,1
6507_7_4_27242_27265.jpg,1
6507_7_4_27245_27259.jpg,1
6507_7_4_27248_27271.jpg,1
6507_7_4_27254_27277.jpg,1
6507_7_4_27260_27283.jpg,1
6507_7_4_27275_27298.jpg,1
6507_7_4_27281_27304.jpg,1
6507_7_4_27287_27310.jpg,1
6507_7_4_27293_27316.jpg,1
6507_7_4_27296_27319.jpg,1
6507_7_4_27299_27313.jpg,1
6507_7_4_27302_27326.jpg,1
6507_7_4_27308_27332.jpg,1
6507_7_4_27314_27337.jpg,1
6507_7_4_27556_27579.jpg,1
6507_7_4_24430_24453.jpg,0
6507_7_4_24436_24459.jpg,0
6507_7_4_24623_24646.jpg,0
6507_7_4_24629_24652.jpg,0
6507_7_4_24635_24658.jpg,0
6507_7_4_24641_24664.jpg,0
6507_7_4_24647_24661.jpg,0
6507_7_4_24650_24673.jpg,0
6507_7_4_24656_24679.jpg,0
6507_7_4_24698_24721.jpg,0
6507_7_4_24752_24775.jpg,0
6507_7_4_24758_24781.jpg,0
6507_7_4_24764_24787.jpg,0
6507_7_4_24770_24793.jpg,0
6507_7_4_24785_24808.jpg,0
6507_7_4_24803_24826.jpg,0
6507_7_4_24806_24829.jpg,0
6507_7_4_24809_24823.jpg,0
6507_7_4_24812_24835.jpg,0
6507_7_4_24818_24841.jpg,0
6507_7_4_24824_24847.jpg,0
6507_7_4_24839_24862.jpg,0
6507_7_4_24845_24868.jpg,0
6507_7_4_24878_24901.jpg,0
6507_7_4_24893_24916.jpg,0
6507_7_4_24899_94906.jpg,0
6507_7_4_24903_24926.jpg,0
6507_7_4_24909_24932.jpg,0
6507_7_4_24915_24938.jpg,0
6507_7_4_24921_24944.jpg,0
6507_7_4_24924_24947.jpg,0
6507_7_4_24927_24941.jpg,0
6507_7_4_24930_24953.jpg,0
6507_7_4_24936_24959.jpg,0
6507_7_4_24942_24965.jpg,0
6507_7_4_24957_24980.jpg,0
6507_7_4_24963_24986.jpg,0
6507_7_4_24969_24992.jpg,0
6507_7_4_24975_24998.jpg,0
6507_7_4_24978_25001.jpg,0
6507_7_4_24981_24995.jpg,0
6507_7_4_24984_25007.jpg,0
6507_7_4_24990_25013.jpg,0
6507_7_4_24996_25019.jpg,0
6507_7_4_25011_25034.jpg,0
6507_7_4_25017_25040.jpg,0
6507_7_4_25023_25046.jpg,0
6507_7_4_25029_25052.jpg,0
6507_7_4_25035_25049.jpg,0
6507_7_4_25038_25061.jpg,0
6507_7_4_25325_25348.jpg,0
6507_7_4_25594_25617.jpg,0
6507_7_4_26020_26043.jpg,0
6507_7_4_26026_26049.jpg,0
6507_7_4_26029_26052.jpg,0
6507_7_4_26032_26046.jpg,0
6507_7_4_26035_26058.jpg,0
6507_7_4_26041_26064.jpg,0
6507_7_4_26086_26100.jpg,0
6507_7_4_26170_26193.jpg,0
6507_7_4_26355_26378.jpg,0
6507_7_4_26361_26375.jpg,0
6507_7_4_26403_26426.jpg,0
6507_7_4_26409_26432.jpg,0
6507_7_4_26415_26429.jpg,0
6507_7_4_26472_26495.jpg,0
6507_7_4_26478_26501.jpg,0
6507_7_4_26484_26507.jpg,0
6507_7_4_26499_26522.jpg,0
6507_7_4_26505_26528.jpg,0
6507_7_4_26511_26534.jpg,0
6507_7_4_26517_26540.jpg,0
6507_7_4_26641_26655.jpg,0
6507_7_4_26785_26808.jpg,0
6507_7_4_26833_26856.jpg,0
6507_7_4_26847_26845.jpg,0
6507_7_4_26931_26954.jpg,0
6507_7_4_27066_27089.jpg,0
6507_7_4_27072_27095.jpg,0
6507_7_4_27075_27098.jpg,0
6507_7_4_27078_27092.jpg,0
6507_7_4_27087_27110.jpg,0
6507_7_4_27329_27352.jpg,0
6507_7_4_27341_27364.jpg,0
6507_7_4_27383_27406.jpg,0
6507_7_4_27496_27519.jpg,0
6507_7_4_27502_27525.jpg,0
6507_7_4_27508_27531.jpg,0
6507_7_4_27514_27537.jpg,0
6507_7_4_27517_27536.jpg,0
6507_7_4_27520_27544.jpg,0
6507_7_4_27523_27546.jpg,0
6507_7_4_27529_27552.jpg,0
6507_7_4_27535_27558.jpg,0
6507_7_4_27550_27573.jpg,0
6507_7_4_24662_24685.jpg,1
6507_7_4_24677_24700.jpg,1
6507_7_4_24683_24706.jpg,1
6507_7_4_24689_24712.jpg,1
6507_7_4_24695_24718.jpg,1
6507_7_4_24701_24715.jpg,1
6507_7_4_24704_24727.jpg,1
6507_7_4_24710_24733.jpg,1
6507_7_4_24716_24739.jpg,1
6507_7_4_24731_24754.jpg,1
6507_7_4_24737_24760.jpg,1
6507_7_4_24743_24766.jpg,1
6507_7_4_24749_24772.jpg,1
6507_7_4_24791_24814.jpg,1
6507_7_4_24851_24874.jpg,1
6507_7_4_24857_24876.jpg,1
6507_7_4_24860_24883.jpg,1
6507_7_4_24863_24877.jpg,1
6507_7_4_24866_24839.jpg,1
6507_7_4_24872_24895.jpg,1
6507_7_4_25032_25055.jpg,1
6507_7_4_25044_25067.jpg,1
6507_7_4_25050_75073.jpg,1
6507_7_4_25065_25088.jpg,1
6507_7_4_25070_25094.jpg,1
6507_7_4_25076_25100.jpg,1
6507_7_4_25083_25106.jpg,1
6507_7_4_25085_25109.jpg,1
6507_7_4_25088_25103.jpg,1
6507_7_4_25091_29115.jpg,1
6507_7_4_25098_25121.jpg,1
6507_7_4_25104_25127.jpg,1
6507_7_4_25120_25142.jpg,1
6507_7_4_25126_25148.jpg,1
6507_7_4_25127_25154.jpg,1
6507_7_4_25137_25160.jpg,1
6507_7_4_25140_25163.jpg,1
6507_7_4_25143_25157.jpg,1
6507_7_4_25146_25169.jpg,1
6507_7_4_25152_25175.jpg,1
6507_7_4_25158_25181.jpg,1
6507_7_4_25173_25196.jpg,1
6507_7_4_25178_25201.jpg,1
6507_7_4_25184_25207.jpg,1
6507_7_4_25190_25213.jpg,1
6507_7_4_25196_25219.jpg,1
6507_7_4_25199_25222.jpg,1
6507_7_4_25211_25234.jpg,1
6507_7_4_25217_25240.jpg,1
6507_7_4_25232_25255.jpg,1
6507_7_4_25238_25261.jpg,1
6507_7_4_25244_25267.jpg,1
6507_7_4_25250_25273.jpg,1
6507_7_4_25253_25276.jpg,1
6507_7_4_25256_25270.jpg,1
6507_7_4_25259_25282.jpg,1
6507_7_4_25265_25288.jpg,1
6507_7_4_25271_25294.jpg,1
6507_7_4_25286_25309.jpg,1
6507_7_4_25292_25315.jpg,1
6507_7_4_25298_25321.jpg,1
6507_7_4_25304_25327.jpg,1
6507_7_4_25307_25326.jpg,1
6507_7_4_25310_25324.jpg,1
6507_7_4_25313_25336.jpg,1
6507_7_4_25319_25342.jpg,1
6507_7_4_25352_25375.jpg,1
6507_7_4_25361_25384.jpg,1
6507_7_4_25367_25390.jpg,1
6507_7_4_25373_25396.jpg,1
6507_7_4_25394_25417.jpg,1
6507_7_4_25400_25423.jpg,1
6507_7_4_25421_25444.jpg,1
6507_7_4_25427_25450.jpg,1
6507_7_4_25459_25482.jpg,1
6507_7_4_25465_25488.jpg,1
6507_7_4_25471_25494.jpg,1
6507_7_4_25474_25497.jpg,1
6507_7_4_25477_25491.jpg,1
6507_7_4_25480_29503.jpg,1
6507_7_4_25486_25509.jpg,1
6507_7_4_25492_25515.jpg,1
6507_7_4_25507_25530.jpg,1
6507_7_4_25513_25536.jpg,1
6507_7_4_25519_25542.jpg,1
6507_7_4_25525_25548.jpg,1
6507_7_4_25528_25551.jpg,1
6507_7_4_25531_25545.jpg,1
6507_7_4_25534_25557.jpg,1
6507_7_4_25540_25563.jpg,1
6507_7_4_25561_25583.jpg,1
6507_7_4_25567_25590.jpg,1
6507_7_4_25573_25596.jpg,1
6507_7_4_25579_25702.jpg,1
6507_7_4_25582_25605.jpg,1
6507_7_4_25588_25611.jpg,1
6507_7_4_25600_25623.jpg,1
6507_7_4_25616_25638.jpg,1
6507_7_4_25621_25644.jpg,1
6507_7_4_25627_25650.jpg,1
6507_7_4_25634_25656.jpg,1
6507_7_4_25636_25659.jpg,1
6507_7_4_25639_25653.jpg,1
6507_7_4_25642_25665.jpg,1
6507_7_4_25646_25569.jpg,1
6507_7_4_25648_25671.jpg,1
6507_7_4_25654_25677.jpg,1
6507_7_4_25672_25691.jpg,1
6507_7_4_25675_25698.jpg,1
6507_7_4_25681_25704.jpg,1
6507_7_4_25687_25710.jpg,1
6507_7_4_25690_25713.jpg,1
6507_7_4_25693_25707.jpg,1
6507_7_4_25696_25719.jpg,1
6507_7_4_25702_25725.jpg,1
6507_7_4_25708_25730.jpg,1
6507_7_4_25723_25735.jpg,1
6507_7_4_25788_25805.jpg,1
6507_7_4_25788_25811.jpg,1
6507_7_4_25794_25817.jpg,1
6507_7_4_25800_25823.jpg,1
6507_7_4_25803_25826.jpg,1
6507_7_4_25806_25820.jpg,1
6507_7_4_25809_25832.jpg,1
6507_7_4_25815_25838.jpg,1
6507_7_4_25821_25843.jpg,1
6507_7_4_25837_25859.jpg,1
6507_7_4_25842_25865.jpg,1
6507_7_4_25848_25871.jpg,1
6507_7_4_25854_25877.jpg,1
6507_7_4_25857_25880.jpg,1
6507_7_4_25863_25886.jpg,1
6507_7_4_25869_25892.jpg,1
6507_7_4_25875_25897.jpg,1
6507_7_4_25891_25903.jpg,1
6507_7_4_25896_25919.jpg,1
6507_7_4_25902_25925.jpg,1
6507_7_4_25904_25931.jpg,1
6507_7_4_25911_25934.jpg,1
6507_7_4_25914_25928.jpg,1
6507_7_4_25917_25940.jpg,1
6507_7_4_25923_25946.jpg,1
6507_7_4_25929_25951.jpg,1
6507_7_4_25944_25967.jpg,1
6507_7_4_25950_25973.jpg,1
6507_7_4_25956_25979.jpg,1
6507_7_4_25962_25985.jpg,1
6507_7_4_25965_25988.jpg,1
6507_7_4_25968_25982.jpg,1
6507_7_4_25971_25994.jpg,1
6507_7_4_25977_26000.jpg,1
6507_7_4_25983_26005.jpg,1
6507_7_4_25998_26021.jpg,1
6507_7_4_26008_26031.jpg,1
6507_7_4_26014_26037.jpg,1
6507_7_4_26089_26112.jpg,1
6507_7_4_26095_26118.jpg,1
6507_7_4_26191_26214.jpg,1
6507_7_4_26194_26208.jpg,1
6507_7_4_26197_26220.jpg,1
6507_7_4_26203_26226.jpg,1
6507_7_4_26209_26231.jpg,1
6507_7_4_26236_26259.jpg,1
6507_7_4_26242_26265.jpg,1
6507_7_4_26248_26262.jpg,1
6507_7_4_26251_26274.jpg,1
6507_7_4_26257_26280.jpg,1
6507_7_4_26263_25286.jpg,1
6507_7_4_26278_26301.jpg,1
6507_7_4_26284_26299.jpg,1
6507_7_4_26304_26327.jpg,1
6507_7_4_26310_26333.jpg,1
6507_7_4_26316_26339.jpg,1
6507_7_4_26322_26344.jpg,1
6507_7_4_26337_26359.jpg,1
6507_7_4_26343_26366.jpg,1
6507_7_4_26370_26393.jpg,1
6507_7_4_26391_26414.jpg,1
6507_7_4_26418_26441.jpg,1
6507_7_4_26424_26447.jpg,1
6507_7_4_26430_26453.jpg,1
6507_7_4_26451_26474.jpg,1
6507_7_4_26457_26480.jpg,1
6507_7_4_26463_26486.jpg,1
6507_7_4_26466_26489.jpg,1
6507_7_4_26469_26483.jpg,1
6507_7_4_26520_26543.jpg,1
6507_7_4_26523_26537.jpg,1
6507_7_4_26526_26549.jpg,1
6507_7_4_26532_26555.jpg,1
6507_7_4_26538_26561.jpg,1
6507_7_4_26553_26576.jpg,1
6507_7_4_26563_26586.jpg,1
6507_7_4_26567_26565.jpg,1
6507_7_4_26569_26592.jpg,1
6507_7_4_26575_26598.jpg,1
6507_7_4_26581_26604.jpg,1
6507_7_4_26584_26009.jpg,1
6507_7_4_26587_26601.jpg,1
6507_7_4_26590_26613.jpg,1
6507_7_4_26596_26619.jpg,1
6507_7_4_26602_26624.jpg,1
6507_7_4_26617_26640.jpg,1
6507_7_4_26623_26646.jpg,1
6507_7_4_26629_26652.jpg,1
6507_7_4_26638_26661.jpg,1
6507_7_4_26644_26667.jpg,1
6507_7_4_26650_26673.jpg,1
6507_7_4_26656_26679.jpg,1
6507_7_4_26671_26694.jpg,1
6507_7_4_26677_26700.jpg,1
6507_7_4_26683_26706.jpg,1
6507_7_4_26689_26712.jpg,1
6507_7_4_26692_26715.jpg,1
6507_7_4_26695_26709.jpg,1
6507_7_4_26698_26721.jpg,1
6507_7_4_26704_26727.jpg,1
6507_7_4_26710_26733.jpg,1
6507_7_4_26725_26748.jpg,1
6507_7_4_26731_26754.jpg,1
6507_7_4_26737_26760.jpg,1
6507_7_4_26743_26766.jpg,1
6507_7_4_26746_26764.jpg,1
6507_7_4_26749_26763.jpg,1
6507_7_4_26752_26775.jpg,1
6507_7_4_26758_26781.jpg,1
6507_7_4_26764_26787.jpg,1
6507_7_4_26779_26802.jpg,1
6507_7_4_26791_26814.jpg,1
6507_7_4_26797_26820.jpg,1
6507_7_4_26800_26823.jpg,1
6507_7_4_26803_26817.jpg,1
6507_7_4_26806_26829.jpg,1
6507_7_4_26812_26835.jpg,1
6507_7_4_26818_26841.jpg,1
6507_7_4_26838_26861.jpg,1
6507_7_4_26844_26867.jpg,1
6507_7_4_26850_26873.jpg,1
6507_7_4_26856_26879.jpg,1
6507_7_4_26871_26894.jpg,1
6507_7_4_26877_26900.jpg,1
6507_7_4_26892_26915.jpg,1
6507_7_4_26898_26921.jpg,1
6507_7_4_26904_26927.jpg,1
6507_7_4_26910_26933.jpg,1
6507_7_4_26913_26936.jpg,1
6507_7_4_26916_26930.jpg,1
6507_7_4_26919_26942.jpg,1
6507_7_4_26925_26948.jpg,1
6507_7_4_26946_26969.jpg,1
6507_7_4_26952_26975.jpg,1
6507_7_4_26958_26981.jpg,1
6507_7_4_26964_26987.jpg,1
6507_7_4_26967_26990.jpg,1
6507_7_4_26970_26984.jpg,1
6507_7_4_26973_26996.jpg,1
6507_7_4_26979_27002.jpg,1
6507_7_4_26985_27008.jpg,1
6507_7_4_27000_27023.jpg,1
6507_7_4_27006_27027.jpg,1
6507_7_4_27012_27035.jpg,1
6507_7_4_27018_27041.jpg,1
6507_7_4_27021_27044.jpg,1
6507_7_4_27024_27038.jpg,1
6507_7_4_27027_27050.jpg,1
6507_7_4_27033_27056.jpg,1
6507_7_4_27039_27062.jpg,1
6507_7_4_27054_27077.jpg,1
6507_7_4_27060_27083.jpg,1
6507_7_4_27066_27089.jpg,1
6507_7_4_27078_27092.jpg,1
6507_7_4_27081_27104.jpg,1
6507_7_4_27093_27116.jpg,1
6507_7_4_27108_27125.jpg,1
6507_7_4_27113_27136.jpg,1
6507_7_4_27119_27142.jpg,1
6507_7_4_27125_27148.jpg,1
6507_7_4_27131_27154.jpg,1
6507_7_4_27134_27157.jpg,1
6507_7_4_27137_27151.jpg,1
6507_7_4_27140_27163.jpg,1
6507_7_4_27146_27169.jpg,1
6507_7_4_27152_27175.jpg,1
6507_7_4_27167_27190.jpg,1
6507_7_4_27173_27190.jpg,1
6507_7_4_27179_27202.jpg,1
6507_7_4_27335_27358.jpg,1
6507_7_4_27347_27370.jpg,1
6507_7_4_27350_27374.jpg,1
6507_7_4_27353_27367.jpg,1
6507_7_4_27356_27380.jpg,1
6507_7_4_27362_27386.jpg,1
6507_7_4_27368_27390.jpg,1
6507_7_4_27388_27411.jpg,1
6507_7_4_27394_27417.jpg,1
6507_7_4_27400_27423.jpg,1
6507_7_4_27406_27429.jpg,1
6507_7_4_27409_27432.jpg,1
6507_7_4_27412_27426.jpg,1
6507_7_4_27415_27438.jpg,1
6507_7_4_27421_27444.jpg,1
6507_7_4_27427_27449.jpg,1
6507_7_4_27442_27465.jpg,1
6507_7_4_27448_27471.jpg,1
6507_7_4_27454_27477.jpg,1
6507_7_4_27460_27483.jpg,1
6507_7_4_27463_27487.jpg,1
6507_7_4_27466_27480.jpg,1
6507_7_4_27469_27492.jpg,1
6507_7_4_27475_27498.jpg,1
6507_7_4_27481_27504.jpg,1
6507_7_4_27562_27585.jpg,1
6507_7_4_27568_27591.jpg,1
6507_7_4_27571_27595.jpg,1
6507_7_4_27574_27589.jpg,1
6507_7_4_27577_27597.jpg,1
6507_7_4_27583_27607.jpg,1
6507_7_4_27589_27613.jpg,1
6507_7_4_27604_27627.jpg,1
6507_7_4_27610_27633.jpg,1
6507_7_4_27616_27639.jpg,1
6507_7_4_27622_27645.jpg,1
6507_7_4_27625_27649.jpg,1
6507_7_4_27628_27642.jpg,1
6507_7_4_27631_27655.jpg,1
6507_7_4_27637_27660.jpg,1
6507_7_4_27643_27665.jpg,1
6507_7_4_27666_27668.jpg,1
6507_7_4_25340_25363.jpg,2
6507_7_4_25346_25369.jpg,2
6507_7_4_26041_26064.jpg,2
6507_7_4_26047_26070.jpg,2
6507_7_4_26062_26085.jpg,2
6507_7_4_26068_26091.jpg,2
6507_7_4_26074_26097.jpg,2
6507_7_4_26080_26103.jpg,2
6507_7_4_24345_24366.jpg,3
6507_7_4_24349_24372.jpg,3
6507_7_4_24355_24378.jpg,3
6507_7_4_24360_24384.jpg,3
6507_7_4_24364_24387.jpg,3
6507_7_4_24368_24390.jpg,3
6507_7_4_24370_24393.jpg,3
6507_7_4_24376_24399.jpg,3
6507_7_4_24382_24405.jpg,3
6507_7_4_24397_24410.jpg,3
6507_7_4_24403_24427.jpg,3
6507_7_4_24409_24432.jpg,3
6507_7_4_24415_24438.jpg,3
6507_7_4_24418_24441.jpg,3
6507_7_4_24421_24435.jpg,3
6507_7_4_25358_25381.jpg,3
6507_7_4_25364_25378.jpg,3
6507_7_4_25406_25429.jpg,3
6507_7_4_25412_25435.jpg,3
6507_7_4_25415_25438.jpg,3
6507_7_4_25418_25432.jpg,3
6507_7_4_25433_25456.jpg,3
6507_7_4_25448_25471.jpg,3
6507_7_4_25453_25476.jpg,3
6507_7_4_25803_25826.jpg,3
6507_7_4_25860_25874.jpg,3
6507_7_4_25379_25402.jpg,4
6507_7_4_26116_26139.jpg,4
6507_7_4_26128_26145.jpg,4
6507_7_4_26137_26160.jpg,4
6507_7_4_26140_26154.jpg,4
6507_7_4_26142_26157.jpg,4
6507_7_4_26143_26166.jpg,4
6507_7_4_26149_26172.jpg,4
6507_7_4_26859_26882.jpg,4
6507_7_4_26862_26876.jpg,4
6507_7_4_26865_26838.jpg,4