6506_12_5_3967_3968.jpg,0
6506_12_5_3968_3969.jpg,0
6506_12_5_3969_3970.jpg,0
6506_12_5_3970_3971.jpg,0
6506_12_5_3971_3972.jpg,0
6506_12_5_3972_3973.jpg,0
6506_12_5_3975_3976.jpg,0
6506_12_5_3981_3982.jpg,0
6506_12_5_3982_3983.jpg,0
6506_12_5_3983_3984.jpg,0
6506_12_5_3984_3985.jpg,0
6506_12_5_3985_3986.jpg,0
6506_12_5_4069_4070.jpg,0
6506_12_5_4085_4086.jpg,0
6506_12_5_4086_4087.jpg,0
6506_12_5_4087_4088.jpg,0
6506_12_5_4124_4125.jpg,0
6506_12_5_4125_4126.jpg,0
6506_12_5_4305_4306.jpg,0
6506_12_5_4306_4307.jpg,0
6506_12_5_4307_4308.jpg,0
6506_12_5_4308_4309.jpg,0
6506_12_5_4309_4310.jpg,0
6506_12_5_4310_4311.jpg,0
6506_12_5_4311_4312.jpg,0
6506_12_5_4324_4324.jpg,0
6506_12_5_3169_3170.jpg,1
6506_12_5_3182_3183.jpg,1
6506_12_5_3186_3187.jpg,1
6506_12_5_3188_3189.jpg,1
6506_12_5_3912_3913.jpg,1
6506_12_5_3913_3914.jpg,1
6506_12_5_3914_3915.jpg,1
6506_12_5_3915_3916.jpg,1
6506_12_5_3916_3917.jpg,1
6506_12_5_3920_3921.jpg,1
6506_12_5_3921_3922.jpg,1
6506_12_5_3922_3923.jpg,1
6506_12_5_3923_3924.jpg,1
6506_12_5_3926_3927.jpg,1
6506_12_5_3927_3928.jpg,1
6506_12_5_3928_3929.jpg,1
6506_12_5_3929_3930.jpg,1
6506_12_5_3930_3931.jpg,1
6506_12_5_3931_3932.jpg,1
6506_12_5_3932_3933.jpg,1
6506_12_5_3933_3934.jpg,1
6506_12_5_3941_3942.jpg,1
6506_12_5_3942_3943.jpg,1
6506_12_5_3967_3967.jpg,1
6506_12_5_4030_4031.jpg,1
6506_12_5_4031_4032.jpg,1
6506_12_5_4032_4033.jpg,1
6506_12_5_4043_4044.jpg,1
6506_12_5_4044_4045.jpg,1
6506_12_5_4045_4046.jpg,1
6506_12_5_4046_4046.jpg,1
6506_12_5_4047_4048.jpg,1
6506_12_5_4048_4049.jpg,1
6506_12_5_4049_4050.jpg,1
6506_12_5_4050_4051.jpg,1
6506_12_5_4051_4052.jpg,1
6506_12_5_4052_4053.jpg,1
6506_12_5_4053_4054.jpg,1
6506_12_5_4054_4055.jpg,1
6506_12_5_4055_4056.jpg,1
6506_12_5_4064_4065.jpg,1
6506_12_5_4067_4068.jpg,1
6506_12_5_4071_4072.jpg,1
6506_12_5_4073_4074.jpg,1
6506_12_5_4074_4075.jpg,1
6506_12_5_4075_4076.jpg,1
6506_12_5_4076_4077.jpg,1
6506_12_5_4077_4078.jpg,1
6506_12_5_4078_4079.jpg,1
6506_12_5_4079_4080.jpg,1
6506_12_5_4080_4080.jpg,1
6506_12_5_4088_4089.jpg,1
6506_12_5_4092_4093.jpg,1
6506_12_5_4093_4094.jpg,1
6506_12_5_4094_4095.jpg,1
6506_12_5_4095_4096.jpg,1
6506_12_5_4096_4097.jpg,1
6506_12_5_4097_4098.jpg,1
6506_12_5_4098_4099.jpg,1
6506_12_5_4099_4100.jpg,1
6506_12_5_4100_4101.jpg,1
6506_12_5_4101_4102.jpg,1
6506_12_5_4102_4103.jpg,1
6506_12_5_4103_4104.jpg,1
6506_12_5_4104_4105.jpg,1
6506_12_5_4105_4106.jpg,1
6506_12_5_4106_4107.jpg,1
6506_12_5_4112_4113.jpg,1
6506_12_5_4113_4114.jpg,1
6506_12_5_4114_4115.jpg,1
6506_12_5_4115_4116.jpg,1
6506_12_5_4116_4117.jpg,1
6506_12_5_4117_4118.jpg,1
6506_12_5_4118_4119.jpg,1
6506_12_5_4119_4120.jpg,1
6506_12_5_4120_4121.jpg,1
6506_12_5_4121_4122.jpg,1
6506_12_5_4122_4123.jpg,1
6506_12_5_4123_4124.jpg,1
6506_12_5_4126_4127.jpg,1
6506_12_5_4127_4128.jpg,1
6506_12_5_4128_4129.jpg,1
6506_12_5_4129_4130.jpg,1
6506_12_5_4130_4131.jpg,1
6506_12_5_4131_4132.jpg,1
6506_12_5_4132_4133.jpg,1
6506_12_5_4133_4134.jpg,1
6506_12_5_4134_4135.jpg,1
6506_12_5_4136_4137.jpg,1
6506_12_5_4137_4138.jpg,1
6506_12_5_4138_4139.jpg,1
6506_12_5_4139_4140.jpg,1
6506_12_5_4140_4141.jpg,1
6506_12_5_4179_4180.jpg,1
6506_12_5_4180_4181.jpg,1
6506_12_5_4181_4182.jpg,1
6506_12_5_4182_4183.jpg,1
6506_12_5_4183_4184.jpg,1
6506_12_5_4184_4185.jpg,1
6506_12_5_4185_4186.jpg,1
6506_12_5_4186_4187.jpg,1
6506_12_5_4187_4188.jpg,1
6506_12_5_4188_4189.jpg,1
6506_12_5_4189_4190.jpg,1
6506_12_5_4190_4191.jpg,1
6506_12_5_4191_4192.jpg,1
6506_12_5_4192_4193.jpg,1
6506_12_5_4193_4194.jpg,1
6506_12_5_4194_4195.jpg,1
6506_12_5_4195_4196.jpg,1
6506_12_5_4196_4197.jpg,1
6506_12_5_4197_4198.jpg,1
6506_12_5_4205_4206.jpg,1
6506_12_5_4206_4207.jpg,1
6506_12_5_4207_4208.jpg,1
6506_12_5_4208_4209.jpg,1
6506_12_5_4209_4210.jpg,1
6506_12_5_4210_4211.jpg,1
6506_12_5_4211_4212.jpg,1
6506_12_5_4212_4213.jpg,1
6506_12_5_4213_4214.jpg,1
6506_12_5_4214_4215.jpg,1
6506_12_5_4215_4216.jpg,1
6506_12_5_4245_4246.jpg,1
6506_12_5_4246_4247.jpg,1
6506_12_5_4247_4248.jpg,1
6506_12_5_4248_4249.jpg,1
6506_12_5_4249_4250.jpg,1
6506_12_5_4250_4251.jpg,1
6506_12_5_4251_4252.jpg,1
6506_12_5_4252_4253.jpg,1
6506_12_5_4253_4254.jpg,1
6506_12_5_4254_4255.jpg,1
6506_12_5_4255_4256.jpg,1
6506_12_5_4256_4257.jpg,1
6506_12_5_4257_4258.jpg,1
6506_12_5_4258_4259.jpg,1
6506_12_5_4259_4260.jpg,1
6506_12_5_4260_4261.jpg,1
6506_12_5_4261_4262.jpg,1
6506_12_5_4262_4263.jpg,1
6506_12_5_4263_4264.jpg,1
6506_12_5_4264_4265.jpg,1
6506_12_5_4265_4266.jpg,1
6506_12_5_4266_4267.jpg,1
6506_12_5_4267_4268.jpg,1
6506_12_5_4268_4269.jpg,1
6506_12_5_4269_4270.jpg,1
6506_12_5_4270_4271.jpg,1
6506_12_5_4271_4272.jpg,1
6506_12_5_4272_4273.jpg,1
6506_12_5_4273_4274.jpg,1
6506_12_5_4274_4275.jpg,1
6506_12_5_4275_4276.jpg,1
6506_12_5_4284_4285.jpg,1
6506_12_5_4285_4286.jpg,1
6506_12_5_4286_4287.jpg,1
6506_12_5_4287_4288.jpg,1
6506_12_5_4288_4289.jpg,1
6506_12_5_4289_4290.jpg,1
6506_12_5_4290_4291.jpg,1
6506_12_5_4291_4292.jpg,1
6506_12_5_4292_4293.jpg,1
6506_12_5_4293_4294.jpg,1
6506_12_5_4294_4295.jpg,1
6506_12_5_4295_4296.jpg,1
6506_12_5_4296_4297.jpg,1
6506_12_5_4297_4298.jpg,1
6506_12_5_4298_4299.jpg,1
6506_12_5_4299_4300.jpg,1
6506_12_5_4327_4328.jpg,1
6506_12_5_4328_4329.jpg,1
6506_12_5_4329_4330.jpg,1
6506_12_5_4330_4331.jpg,1
6506_12_5_4331_4332.jpg,1
6506_12_5_4332_4333.jpg,1
6506_12_5_4333_4334.jpg,1
6506_12_5_4335_4336.jpg,1
6506_12_5_4336_4337.jpg,1
6506_12_5_4337_4338.jpg,1
6506_12_5_4338_4339.jpg,1
6506_12_5_4339_4340.jpg,1
6506_12_5_4340_4341.jpg,1
6506_12_5_4341_4342.jpg,1
6506_12_5_4342_4343.jpg,1
6506_12_5_4343_4344.jpg,1
6506_12_5_4344_4345.jpg,1
6506_12_5_4345_4346.jpg,1
6506_12_5_4346_4347.jpg,1
6506_12_5_4347_4348.jpg,1
6506_12_5_4348_4349.jpg,1
6506_12_5_4349_4350.jpg,1
6506_12_5_4350_4351.jpg,1
6506_12_5_4351_4352.jpg,1
6506_12_5_4352_4353.jpg,1
6506_12_5_4353_4354.jpg,1
6506_12_5_4354_4355.jpg,1
6506_12_5_4355_4356.jpg,1
6506_12_5_4356_4357.jpg,1
6506_12_5_4357_4358.jpg,1
6506_12_5_4358_4359.jpg,1
6506_12_5_4359_4360.jpg,1
6506_12_5_4360_4361.jpg,1
6506_12_5_4361_4362.jpg,1
6506_12_5_4089_4090.jpg,2
6506_12_5_4135_4136.jpg,2
6506_12_5_4312_4313.jpg,2
6506_12_5_4314_4315.jpg,2
6506_12_5_3148_3149.jpg,3
6506_12_5_3149_3150.jpg,3
6506_12_5_3150_3151.jpg,3
6506_12_5_3167_3168.jpg,3
6506_12_5_3168_3169.jpg,3
6506_12_5_3170_3171.jpg,3
6506_12_5_3171_3172.jpg,3
6506_12_5_3172_3173.jpg,3
6506_12_5_3917_3918.jpg,3
6506_12_5_3924_3925.jpg,3
6506_12_5_3934_3935.jpg,3
6506_12_5_3935_3936.jpg,3
6506_12_5_3936_3937.jpg,3
6506_12_5_3937_3938.jpg,3
6506_12_5_3938_3939.jpg,3
6506_12_5_3939_3940.jpg,3
6506_12_5_3940_3941.jpg,3
6506_12_5_3944_3945.jpg,3
6506_12_5_3945_3946.jpg,3
6506_12_5_3946_3947.jpg,3
6506_12_5_3947_3948.jpg,3
6506_12_5_3948_3949.jpg,3
6506_12_5_4056_4057.jpg,3
6506_12_5_4057_4058.jpg,3
6506_12_5_4058_4059.jpg,3
6506_12_5_4059_4060.jpg,3
6506_12_5_4060_4061.jpg,3
6506_12_5_4061_4062.jpg,3
6506_12_5_4062_4063.jpg,3
6506_12_5_4063_4064.jpg,3
6506_12_5_4064_4064.jpg,3
6506_12_5_4198_4199.jpg,3
6506_12_5_4199_4200.jpg,3
6506_12_5_4200_4201.jpg,3
6506_12_5_4201_4202.jpg,3
6506_12_5_4202_4203.jpg,3
6506_12_5_4203_4203.jpg,3
6506_12_5_3157_3158.jpg,4
6506_12_5_3158_3159.jpg,4
6506_12_5_3163_3164.jpg,4
6506_12_5_3178_3179.jpg,4
6506_12_5_3179_3180.jpg,4
6506_12_5_3951_3952.jpg,4
6506_12_5_3952_3953.jpg,4
6506_12_5_3953_3954.jpg,4
6506_12_5_3954_3955.jpg,4
6506_12_5_3955_3956.jpg,4
6506_12_5_3956_3957.jpg,4
6506_12_5_3957_3958.jpg,4
6506_12_5_3958_3959.jpg,4
6506_12_5_3959_3960.jpg,4
6506_12_5_3960_3961.jpg,4
6506_12_5_3961_3962.jpg,4
6506_12_5_3962_3963.jpg,4
6506_12_5_3963_3964.jpg,4
6506_12_5_3964_3965.jpg,4
6506_12_5_3965_3966.jpg,4
6506_12_5_3966_3967.jpg,4
6506_12_5_3973_3974.jpg,4
6506_12_5_3976_3977.jpg,4
6506_12_5_3977_3978.jpg,4
6506_12_5_3978_3979.jpg,4
6506_12_5_3979_3980.jpg,4
6506_12_5_3980_3981.jpg,4
6506_12_5_4004_4005.jpg,4
6506_12_5_4046_4047.jpg,4
6506_12_5_4141_4142.jpg,4
6506_12_5_4142_4143.jpg,4
6506_12_5_4143_4144.jpg,4
6506_12_5_4144_4145.jpg,4
6506_12_5_4145_4146.jpg,4
6506_12_5_4146_4147.jpg,4
6506_12_5_4147_4148.jpg,4
6506_12_5_4148_4149.jpg,4
6506_12_5_4149_4150.jpg,4
6506_12_5_4150_4151.jpg,4
6506_12_5_4151_4152.jpg,4
6506_12_5_4152_4153.jpg,4
6506_12_5_4153_4154.jpg,4
6506_12_5_4154_4154.jpg,4
6506_12_5_4154_4155.jpg,4
6506_12_5_4155_4156.jpg,4
6506_12_5_4156_4157.jpg,4
6506_12_5_4157_4158.jpg,4
6506_12_5_4158_4159.jpg,4
6506_12_5_4159_4160.jpg,4
6506_12_5_4160_4161.jpg,4
6506_12_5_4161_4162.jpg,4
6506_12_5_4162_4163.jpg,4
6506_12_5_4163_4164.jpg,4
6506_12_5_4164_4165.jpg,4
6506_12_5_4165_4166.jpg,4
6506_12_5_4166_4167.jpg,4
6506_12_5_4167_4168.jpg,4
6506_12_5_4168_4169.jpg,4
6506_12_5_4169_4170.jpg,4
6506_12_5_4170_4171.jpg,4
6506_12_5_4171_4172.jpg,4
6506_12_5_4172_4173.jpg,4
6506_12_5_4173_4174.jpg,4
6506_12_5_4174_4175.jpg,4
6506_12_5_4175_4176.jpg,4
6506_12_5_4176_4177.jpg,4
6506_12_5_4177_4178.jpg,4
6506_12_5_4276_4277.jpg,4
6506_12_5_4277_4278.jpg,4
6506_12_5_4278_4279.jpg,4
6506_12_5_4279_4280.jpg,4
6506_12_5_4280_4281.jpg,4
6506_12_5_4281_4282.jpg,4
6506_12_5_4282_4283.jpg,4
6506_12_5_4283_4284.jpg,4
6506_12_5_4313_4314.jpg,4
6506_12_5_4315_4316.jpg,4
6506_12_5_4316_4317.jpg,4
6506_12_5_4317_4318.jpg,4
6506_12_5_4318_4319.jpg,4
6506_12_5_4319_4320.jpg,4
6506_12_5_4320_4321.jpg,4
6506_12_5_4321_4322.jpg,4
6506_12_5_4322_4323.jpg,4
6506_12_5_4323_4324.jpg,4
6506_12_5_3156_3157.jpg,5
6506_12_5_3159_3160.jpg,5
6506_12_5_3160_3161.jpg,5
6506_12_5_3161_3162.jpg,5
6506_12_5_3162_3163.jpg,5
6506_12_5_3165_3166.jpg,5
6506_12_5_3166_3167.jpg,5
6506_12_5_3173_3174.jpg,5
6506_12_5_3175_3176.jpg,5
6506_12_5_3177_3178.jpg,5
6506_12_5_3180_3181.jpg,5
6506_12_5_3184_3185.jpg,5
6506_12_5_3185_3186.jpg,5
6506_12_5_3187_3188.jpg,5
6506_12_5_3910_3911.jpg,5
6506_12_5_3911_3912.jpg,5
6506_12_5_3918_3919.jpg,5
6506_12_5_3919_3920.jpg,5
6506_12_5_3925_3926.jpg,5
6506_12_5_3943_3944.jpg,5
6506_12_5_3949_3950.jpg,5
6506_12_5_3974_3975.jpg,5
6506_12_5_4065_4066.jpg,5
6506_12_5_4066_4067.jpg,5
6506_12_5_4068_4069.jpg,5
6506_12_5_4070_4071.jpg,5
6506_12_5_4072_4073.jpg,5
6506_12_5_4090_4091.jpg,5
6506_12_5_4091_4092.jpg,5
6506_12_5_4178_4179.jpg,5
6506_12_5_3986_3987.jpg,6
6506_12_5_3987_3988.jpg,6
6506_12_5_3988_3989.jpg,6
6506_12_5_3989_3990.jpg,6
6506_12_5_3990_3991.jpg,6
6506_12_5_3991_3992.jpg,6
6506_12_5_3992_3993.jpg,6
6506_12_5_3993_3994.jpg,6
6506_12_5_4005_4006.jpg,6
6506_12_5_4006_4007.jpg,6
6506_12_5_4007_4008.jpg,6
6506_12_5_4008_4009.jpg,6
6506_12_5_4009_4010.jpg,6
6506_12_5_4010_4011.jpg,6
6506_12_5_4011_4012.jpg,6
6506_12_5_4012_4013.jpg,6
6506_12_5_4013_4014.jpg,6
6506_12_5_4014_4015.jpg,6
6506_12_5_4018_4019.jpg,6
6506_12_5_4019_4020.jpg,6
6506_12_5_4020_4021.jpg,6
6506_12_5_4021_4022.jpg,6
6506_12_5_4022_4023.jpg,6
6506_12_5_4023_4024.jpg,6
6506_12_5_4024_4025.jpg,6
6506_12_5_4025_4026.jpg,6
6506_12_5_4026_4027.jpg,6
6506_12_5_4027_4028.jpg,6
6506_12_5_4028_4029.jpg,6
6506_12_5_4029_4030.jpg,6
6506_12_5_4033_4034.jpg,6
6506_12_5_4034_4035.jpg,6
6506_12_5_4035_4036.jpg,6
6506_12_5_4036_4037.jpg,6
6506_12_5_4037_4038.jpg,6
6506_12_5_4038_4039.jpg,6
6506_12_5_4039_4040.jpg,6
6506_12_5_4040_4041.jpg,6
6506_12_5_4041_4042.jpg,6
6506_12_5_4042_4043.jpg,6
6506_12_5_3151_3152.jpg,7
6506_12_5_3152_3153.jpg,7
6506_12_5_3153_3154.jpg,7
6506_12_5_3154_3155.jpg,7
6506_12_5_3155_3156.jpg,7
6506_12_5_3164_3165.jpg,7
6506_12_5_3174_3175.jpg,7
6506_12_5_3176_3177.jpg,7
6506_12_5_3181_3182.jpg,7
6506_12_5_3183_3184.jpg,7
6506_12_5_3950_3951.jpg,7
6506_12_5_4015_4016.jpg,8
6506_12_5_4016_4017.jpg,8
6506_12_5_4017_4018.jpg,8