5284.950; 105.822
5286.257; 106.746
5287.768; 105.586
5288.450; 105.354
5290.527; 104.887
5291.121; 105.812
5291.744; 105.580
5292.366; 104.422
5294.502; 104.418
5296.104; 103.953
5296.254; 105.110
5296.281; 103.489
5296.431; 104.646
5296.698; 104.878
5299.725; 105.336
5299.729; 108.113
5300.139; 103.946
5301.713; 105.101
5302.896; 102.321
5303.491; 103.709
5304.498; 101.856
5304.530; 103.939
5304.618; 102.782
5304.737; 103.707
5304.977; 105.558
5305.241; 103.012
5305.391; 104.169
5305.658; 104.400
5306.337; 101.390
5307.082; 104.398
5307.998; 101.387
5308.183; 106.479
5308.355; 102.313
5308.709; 100.460
5309.540; 100.459
5310.079; 104.624
5310.106; 102.078
5311.320; 100.456
5311.470; 101.613
5311.501; 102.770
5311.650; 103.002
5312.037; 103.695
5313.100; 100.453
5313.285; 105.545
5313.904; 102.072
5314.377; 101.146
5314.618; 103.923
5314.621; 105.774
5314.853; 102.071
5314.944; 103.691
5315.654; 101.838
5315.922; 102.995
5316.219; 102.531
5317.078; 101.836
5317.112; 104.844
5318.121; 105.306
5318.202; 99.519
5318.706; 98.824
5318.800; 102.296
5319.243; 101.138
5319.274; 102.295
5319.277; 104.147
5319.337; 104.609
5319.809; 102.757
5320.258; 105.302
5321.087; 104.375
5322.180; 100.901
5322.480; 103.216
5323.066; 97.660
5323.103; 103.446
5323.305; 98.585
5323.491; 104.603
5323.784; 102.288
5323.902; 101.362
5323.930; 100.667
5324.376; 101.361
5324.586; 102.981
5325.172; 97.425
5326.364; 101.126
5326.988; 101.357
5327.166; 101.819
5327.169; 103.671
5327.230; 105.060
5327.728; 100.661
5328.407; 97.651
5328.886; 101.354
5329.421; 101.816
5330.193; 102.277
5330.814; 100.656
5331.056; 104.359
5331.831; 106.672
5331.853; 100.886
5331.856; 103.200
5331.943; 102.043
5332.305; 105.746
5332.568; 103.199
5332.684; 100.884
5333.068; 99.727
5333.248; 101.115
5333.509; 96.717
5334.729; 99.724
5335.212; 105.278
5335.392; 106.667
5335.481; 107.361
5335.834; 104.583
5336.941; 111.293
5336.954; 99.489
5337.231; 106.201
5337.729; 101.802
5337.756; 100.182
5337.973; 106.431
5338.267; 104.579
5338.592; 103.884
5338.611; 95.783
5338.928; 111.058
5339.184; 102.957
5340.069; 98.789
5340.195; 104.344
5340.519; 102.261
5340.584; 106.427
5340.873; 101.334
5340.877; 103.649
5342.130; 108.739
5342.760; 114.061
5342.845; 104.031
5343.014; 104.108
5343.095; 98.322
5343.402; 106.191
5343.514; 101.561
5343.694; 102.950
5343.713; 94.849
5343.906; 105.495
5344.628; 112.901
5344.879; 101.096
5345.626; 105.493
5345.701; 94.614
5346.455; 104.103
5346.989; 103.639
5347.109; 104.564
5347.166; 103.176
5347.583; 104.101
5347.653; 112.433
5347.760; 103.175
5347.946; 109.192
5348.332; 109.423
5348.833; 107.339
5349.008; 104.561
5349.218; 106.181
5349.692; 106.180
5350.582; 105.716
5350.669; 104.559
5350.727; 103.170
5350.768; 111.734
5351.676; 103.168
5351.926; 112.426
5352.090; 101.779
5352.206; 99.927
5352.211; 103.630
5352.421; 105.250
5352.626; 103.167
5352.631; 106.870
5352.756; 111.499
5352.777; 105.250
5352.834; 103.861
5353.048; 108.258
5353.073; 104.786
5353.575; 103.165
5354.175; 107.793
5354.386; 110.339
5354.563; 109.876
5354.939; 102.237
5355.771; 103.625
5355.920; 103.856
5356.037; 102.930
5356.071; 105.939
5356.452; 102.466
5356.553; 111.493
5356.706; 92.513
5357.028; 111.492
5357.733; 105.936
5357.858; 110.565
5358.205; 104.084
5358.241; 108.944
5358.291; 102.000
5358.346; 98.760
5358.382; 103.620
5358.797; 103.157
5358.823; 100.611
5358.983; 109.174
5359.277; 106.859
5359.627; 102.692
5360.133; 103.386
5360.168; 107.321
5360.456; 101.302
5360.526; 109.172
5360.695; 102.228
5360.873; 102.690
5360.972; 109.865
5361.353; 106.393
5361.434; 100.606
5361.656; 110.559
5361.684; 109.864
5361.927; 91.579
5362.130; 110.558
5362.206; 101.068
5362.358; 103.151
5362.364; 107.780
5362.514; 108.937
5362.835; 105.002
5363.307; 103.149
5363.448; 97.826
5364.028; 109.629
5364.109; 103.843
5364.137; 102.222
5364.232; 106.620
5364.650; 108.934
5364.789; 101.758
5364.906; 100.832
5365.180; 105.692
5365.482; 109.858
5365.628; 108.238
5366.037; 103.608
5366.539; 101.524
5367.014; 101.523
5367.232; 109.624
5367.289; 107.309
5367.347; 106.846
5367.402; 103.606
5367.937; 104.068
5368.053; 102.216
5368.733; 100.132
5369.249; 108.695
5369.278; 108.000
5369.455; 107.537
5369.632; 107.074
5370.010; 100.824
5370.279; 102.907
5370.373; 106.378
5370.932; 102.443
5370.974; 89.944
5371.174; 106.146
5371.524; 101.516
5372.178; 102.904
5372.272; 106.375
5372.335; 108.690
5372.504; 102.672
5372.658; 106.606
5373.187; 102.439
5373.836; 100.123
5374.351; 107.761
5375.382; 101.973
5375.926; 109.841
5376.212; 101.971
5376.367; 106.832
5376.746; 101.507
5377.374; 105.441
5377.437; 107.756
5377.668; 103.126
5378.089; 107.755
5379.095; 104.976
5379.453; 106.827
5380.157; 100.808
5380.516; 103.122
5381.201; 104.741
5381.469; 105.898
5381.913; 104.740
5382.062; 104.971
5382.539; 106.822
5382.690; 108.904
5382.829; 102.192
5384.315; 104.041
5384.555; 105.893
5384.733; 105.429
5385.025; 102.188
5386.572; 104.963
5386.627; 101.723
5386.642; 105.812
5386.986; 104.500
5387.135; 104.731
5387.341; 103.573
5387.519; 103.110
5387.760; 105.887
5387.991; 101.258
5389.417; 103.107
5389.657; 104.958
5391.082; 104.956
5391.556; 104.955
5391.674; 104.029
5391.729; 100.789
5391.997; 101.946
5392.088; 103.566
5392.443; 102.639
5392.769; 102.407
5393.093; 100.324
5393.424; 103.795
5394.051; 106.803
5394.162; 101.248
5394.520; 102.173
5394.759; 104.024
5394.908; 104.256
5395.169; 99.857
5395.555; 100.088
5396.244; 104.485
5396.567; 102.401
5396.658; 104.021
5396.776; 103.095
5397.486; 101.705
5398.195; 99.390
5398.381; 105.407
5398.612; 100.778
5398.996; 99.157
5399.213; 105.869
5399.264; 100.314
5399.428; 111.655
5399.862; 103.090
5400.929; 102.163
5401.346; 103.551
5401.457; 97.996
5401.761; 103.087
5401.878; 102.161
5402.530; 101.697
5402.713; 104.937
5403.182; 101.233
5403.424; 104.473
5403.657; 101.232
5403.714; 99.844
5403.923; 100.538
5404.367; 99.380
5404.374; 104.935
5404.729; 104.008
5404.755; 101.462
5404.964; 102.156
5405.172; 102.850
5405.568; 110.488
5405.676; 102.155
5406.281; 110.486
5406.325; 99.839
5406.414; 99.608
5406.509; 104.005
5406.863; 102.153
5407.541; 99.143
5408.344; 100.299
5408.493; 100.993
5409.469; 98.446
5409.502; 101.454
5409.534; 103.075
5410.128; 103.537
5410.671; 109.554
5411.188; 97.054
5411.383; 109.552
5411.546; 98.905
5411.965; 101.219
5412.017; 96.127
5412.230; 99.598
5412.554; 98.441
5412.972; 99.829
5414.214; 96.586
5414.280; 102.141
5414.400; 102.604
5414.571; 97.511
5415.202; 103.297
5415.209; 108.852
5415.230; 102.602
5415.408; 102.139
5415.676; 103.296
5415.773; 108.619
5416.798; 99.128
5417.067; 100.285
5417.119; 95.193
5417.268; 95.424
5417.542; 100.284
5417.657; 97.506
5417.693; 102.367
5417.892; 95.654
5418.549; 98.894
5418.642; 102.365
5419.057; 101.902
5419.234; 101.439
5419.383; 101.207
5419.673; 96.577
5420.571; 102.594
5420.875; 107.685
5420.954; 100.047
5422.169; 99.351
5422.222; 94.259
5422.290; 100.739
5422.409; 101.202
5422.644; 99.350
5422.704; 99.813
5422.759; 96.572
5422.994; 94.720
5423.118; 98.886
5423.651; 97.960
5423.756; 109.764
5423.893; 101.663
5423.952; 101.200
5424.366; 100.273
5424.775; 95.643
5424.870; 100.041
5425.159; 94.022
5425.206; 106.753
5425.495; 101.197
5425.581; 99.114
5425.636; 95.873
5425.977; 106.751
5426.820; 94.020
5426.853; 96.103
5427.004; 98.186
5427.271; 98.417
5427.324; 93.325
5427.511; 100.268
5427.746; 98.416
5427.806; 98.879
5427.861; 95.638
5427.897; 100.499
5428.252; 99.572
5428.341; 99.341
5428.750; 95.174
5428.753; 97.026
5428.995; 100.728
5429.091; 106.052
5429.171; 99.339
5429.617; 100.033
5429.877; 94.709
5429.914; 99.570
5430.597; 100.263
5430.736; 93.088
5431.020; 105.817
5431.098; 97.716
5431.528; 108.362
5431.685; 93.086
5432.029; 105.816
5432.147; 105.353
5432.251; 94.705
5432.426; 92.390
5432.613; 99.334
5432.848; 97.482
5432.850; 98.871
5433.443; 98.407
5433.796; 96.092
5433.853; 94.240
5433.949; 99.563
5434.097; 99.794
5434.658; 97.710
5434.787; 105.117
5434.979; 93.775
5435.699; 99.329
5435.855; 105.115
5436.033; 104.652
5436.252; 91.690
5436.315; 94.004
5436.401; 91.921
5436.439; 97.707
5436.587; 97.476
5436.833; 104.419
5437.032; 97.707
5437.309; 105.344
5437.950; 96.548
5438.607; 99.787
5438.955; 93.306
5439.200; 98.860
5439.909; 97.007
5439.998; 96.776
5440.082; 92.841
5440.595; 99.552
5441.503; 90.987
5441.748; 96.542
5441.936; 103.485
5442.470; 103.947
5442.676; 102.789
5443.052; 95.614
5443.331; 104.177
5443.591; 98.853
5443.921; 101.399
5444.057; 92.372
5444.302; 97.926
5444.362; 98.389
5445.184; 91.907
5445.643; 102.785
5445.796; 105.793
5446.291; 98.617
5446.445; 103.478
5446.605; 90.053
5446.969; 95.607
5447.359; 98.616
5447.572; 103.013
5448.158; 97.457
5448.563; 89.587
5448.785; 100.465
5449.114; 102.085
5449.159; 91.438
5449.435; 98.149
5449.797; 102.778
5450.102; 108.795
5450.286; 90.973
5450.521; 89.121
5450.898; 104.859
5451.364; 98.378
5451.399; 102.312
5451.464; 106.479
5451.589; 89.119
5451.866; 96.757
5452.271; 88.886
5452.968; 99.764
5453.148; 101.152
5453.150; 102.541
5453.265; 100.226
5454.010; 102.308
5454.261; 90.503
5454.347; 88.420
5454.455; 102.076
5454.520; 106.242
5454.548; 105.548
5454.575; 103.465
5454.776; 98.141
5454.835; 97.678
5455.249; 97.214
5455.309; 97.677
5455.388; 90.039
5455.525; 103.926
5456.294; 101.610
5456.582; 95.592
5456.655; 98.292
5456.717; 107.627
5456.830; 102.998
5456.945; 100.220
5457.848; 87.952
5458.311; 101.607
5458.530; 87.719
5458.902; 99.754
5459.215; 89.338
5459.699; 96.744
5459.859; 105.308
5459.908; 97.438
5460.002; 100.910
5460.182; 102.298
5460.544; 106.927
5460.628; 102.992
5460.649; 96.742
5461.566; 94.658
5461.569; 97.435
5462.045; 98.360
5462.169; 102.064
5462.576; 96.045
5462.579; 97.897
5463.532; 100.673
5463.826; 98.358
5463.896; 106.227
5464.368; 104.375
5464.402; 107.383
5464.415; 95.579
5464.960; 103.448
5465.317; 104.373
5465.396; 96.735
5465.427; 97.892
5465.432; 101.595
5465.613; 103.910
5465.662; 96.040
5465.821; 103.678
5466.108; 96.734
5466.296; 103.677
5466.583; 96.733
5467.271; 101.129
5467.298; 98.583
5467.541; 103.212
5467.562; 96.963
5467.861; 98.351
5468.007; 96.731
5468.304; 97.193
5468.479; 94.878
5468.724; 100.433
5468.787; 102.747
5468.792; 106.450
5468.873; 100.664
5468.928; 97.423
5469.199; 100.432
5469.635; 93.719
5470.036; 105.060
5470.420; 103.439
5470.529; 96.958
5470.656; 102.976
5470.686; 102.744
5471.160; 102.743
5471.181; 96.031
5471.803; 94.873
5471.862; 95.336
5471.922; 95.798
5472.055; 105.982
5472.351; 105.519
5472.373; 100.195
5472.821; 101.815
5472.872; 95.797
5472.903; 96.954
5473.169; 96.259
5473.467; 96.722
5473.881; 96.258
5473.970; 96.027
5473.975; 99.730
5474.095; 100.655
5474.213; 100.192
5474.304; 101.349
5474.356; 96.257
5474.632; 102.969
5474.695; 105.284
5474.721; 102.738
5474.737; 92.785
5475.258; 105.051
5475.517; 99.264
5475.522; 102.505
5475.580; 102.042
5475.843; 98.570
5475.881; 104.819
5476.232; 101.115
5476.703; 98.337
5476.768; 102.503
5476.886; 102.040
5477.000; 98.799
5477.036; 103.197
5477.217; 105.511
5477.416; 99.261
5477.630; 104.122
5477.917; 96.252
5478.005; 96.020
5478.248; 99.723
5478.564; 92.084
5478.574; 99.491
5478.727; 103.425
5478.876; 103.657
5478.907; 104.814
5479.077; 98.796
5479.167; 99.490
5479.191; 95.092
5479.197; 99.721
5479.375; 99.258
5479.732; 100.183
5479.943; 102.729
5479.993; 95.785
5480.090; 102.034
5480.450; 104.811
5480.708; 97.636
5481.132; 104.579
5481.183; 98.561
5481.450; 97.866
5481.811; 101.569
5481.832; 95.319
5482.137; 101.337
5482.185; 93.467
5482.317; 102.725
5482.429; 98.096
5482.495; 103.188
5482.904; 98.095
5482.964; 98.558
5483.024; 99.021
5483.269; 104.575
5483.687; 84.901
5484.097; 102.722
5484.445; 97.167
5484.572; 102.722
5484.628; 100.407
5484.834; 99.249
5484.950; 96.935
5485.395; 97.165
5485.572; 96.702
5486.234; 103.645
5486.469; 101.793
5486.910; 98.783
5486.913; 100.635
5487.891; 99.939
5488.016; 104.568
5488.018; 106.419
5488.041; 101.096
5488.684; 94.151
5488.789; 83.967
5488.847; 104.566
5489.373; 98.548
5489.884; 103.407
5489.936; 98.315
5490.739; 99.934
5490.742; 101.786
5490.862; 102.711
5491.082; 89.749
5491.419; 97.850
5491.546; 104.331
5491.605; 103.405
5491.634; 103.173
5491.699; 107.339
5491.926; 99.932
5491.973; 105.178
5492.021; 104.330
5492.190; 97.386
5492.643; 103.634
5492.692; 95.765
5493.384; 102.939
5493.648; 100.392
5493.786; 93.217
5493.891; 83.033
5494.091; 99.234
5494.305; 103.632
5494.546; 106.409
5494.808; 102.936
5495.038; 97.381
5495.077; 104.093
5495.104; 102.473
5495.127; 97.150
5495.167; 104.788
5495.372; 102.704
5495.789; 104.092
5495.849; 104.555
5496.264; 104.091
5496.326; 106.406
5496.771; 106.174
5496.915; 102.702
5497.213; 104.090
5497.271; 102.701
5497.541; 104.784
5497.748; 104.552
5497.918; 98.534
5498.095; 98.071
5498.690; 98.995
5498.755; 103.162
5498.812; 101.773
5498.865; 96.681
5498.875; 104.087
5499.110; 102.235
5499.145; 106.170
5499.313; 99.226
5499.407; 102.698
5499.927; 92.050
5499.992; 96.216
5500.440; 98.761
5500.481; 107.325
5500.615; 96.446
5501.152; 98.297
5501.486; 104.083
5501.754; 105.240
5501.804; 98.296
5502.139; 104.545
5502.407; 105.239
5503.255; 95.748
5503.533; 103.848
5503.561; 102.691
5504.029; 98.061
5504.394; 104.541
5504.415; 98.292
5504.634; 106.392
5504.929; 105.003
5505.017; 104.309
5505.404; 105.002
5505.435; 106.160
5505.465; 106.391
5505.530; 88.569
5505.658; 95.512
5506.236; 105.927
5506.264; 105.232
5506.413; 105.464
5506.788; 97.362
5506.857; 104.306
5507.215; 106.157
5507.300; 103.148
5508.160; 102.915
5508.163; 105.229
5508.894; 97.127
5509.518; 97.358
5510.326; 102.680
5510.496; 96.662
5510.596; 105.225
5510.632; 87.635
5510.701; 94.578
5511.100; 104.993
5511.268; 97.123
5511.368; 105.224
5511.400; 107.307
5511.959; 103.372
5512.195; 102.445
5512.316; 104.297
5512.939; 104.527
5513.299; 107.304
5513.658; 87.167
5513.886; 102.674
5515.311; 102.672
5515.431; 103.597
5515.817; 104.291
5515.847; 104.060
5515.853; 86.700
5515.963; 102.208
5516.024; 103.596
5516.377; 101.744
5516.917; 105.910
5517.061; 102.438
5517.453; 107.297
5518.921; 95.722
5519.083; 106.138
5519.497; 104.748
5519.763; 104.053
5519.971; 104.284
5519.972; 104.747
5520.418; 105.441
5521.722; 104.513
5522.079; 105.438
5522.163; 101.503
5522.820; 104.743
5523.029; 105.437
5523.146; 104.511
5523.324; 104.048
5523.500; 102.659
5523.887; 103.815
5524.693; 107.286
5524.928; 105.434
5524.985; 104.045
5525.014; 103.350
5525.455; 100.341
5525.936; 104.969
5526.167; 100.340
5526.469; 104.505
5526.883; 103.116
5527.416; 102.652
5527.537; 104.504
5528.346; 110.289
5528.959; 102.650
5528.989; 102.881
5529.844; 76.494
5530.177; 103.342
5530.442; 102.184
5530.531; 101.953
5530.593; 104.267
5530.952; 106.118
5531.664; 106.117
5531.866; 102.182
5532.114; 109.588
5532.610; 103.338
5532.681; 90.145
5533.350; 102.643
5533.943; 101.716
5534.032; 101.947
5534.301; 103.567
5534.946; 75.560
5535.545; 102.176
5535.633; 101.019
5535.844; 103.564
5536.033; 89.445
5536.108; 101.018
5536.529; 105.183
5537.211; 104.951
5537.656; 104.719
5537.712; 102.404
5537.743; 103.561
5539.460; 100.318
5539.493; 103.327
5539.757; 100.781
5539.934; 100.317
5540.048; 74.625
5540.097; 88.744
5541.126; 104.019
5542.281; 102.397
5542.339; 101.471
5542.814; 101.470
5544.068; 107.486
5544.177; 100.079
5544.189; 109.337
5545.150; 73.691
5545.368; 103.318
5545.725; 103.780
5546.293; 107.251
5546.820; 102.158
5547.386; 103.314
5547.501; 100.537
5547.681; 101.925
5548.193; 108.174
5548.413; 73.223
5549.173; 108.403
5549.648; 108.403
5550.252; 72.757
5550.263; 103.078
5550.648; 102.383
5551.062; 100.994
5551.388; 100.762
5551.395; 106.317
5551.567; 101.224
5551.600; 103.770
5551.753; 107.242
5552.220; 101.686
5552.461; 104.463
5552.547; 102.380
5552.999; 107.703
5553.177; 107.240
5553.234; 105.851
5553.324; 106.082
5553.515; 72.289
5554.356; 101.683
5554.451; 106.080
5554.888; 100.293
5555.354; 71.823
5555.840; 102.143
5556.374; 101.679
5556.443; 108.623
5556.761; 102.836
5556.972; 105.382
5557.085; 100.753
5557.215; 109.085
5557.624; 104.918
5557.737; 100.289
5558.618; 71.355
5558.631; 103.527
5558.663; 104.685
5559.139; 106.073
5559.228; 106.304
5559.371; 101.906
5559.672; 105.146
5560.457; 70.889
5560.585; 100.284
5560.800; 105.607
5561.097; 106.070
5561.340; 109.772
5561.388; 101.903
5561.632; 106.532
5561.982; 101.902
5562.337; 100.975
5562.364; 99.355
5562.444; 70.654
5562.784; 102.595
5563.355; 107.918
5563.499; 104.445
5563.768; 106.528
5564.087; 100.741
5564.182; 105.139
5564.443; 100.741
5565.274; 100.739
5565.390; 98.887
5565.559; 69.955
5566.052; 105.830
5566.323; 108.839
5566.560; 108.375
5566.617; 106.986
5566.618; 107.449
5567.059; 104.440
5567.862; 106.059
5567.921; 105.596
5568.011; 106.290
5568.457; 106.983
5568.478; 100.734
5568.809; 104.205
5568.838; 103.511
5568.989; 105.594
5569.790; 105.361
5570.086; 104.898
5570.447; 108.600
5570.661; 69.021
5570.676; 102.119
5570.829; 106.054
5570.971; 100.730
5571.096; 105.359
5571.425; 107.904
5571.505; 101.192
5571.662; 107.441
5571.720; 106.515
5572.005; 97.719
5572.271; 97.025
5572.550; 105.588
5572.692; 101.190
5572.962; 103.273
5573.022; 103.736
5573.058; 108.596
5573.429; 97.717
5573.494; 101.883
5573.559; 106.049
5574.005; 106.743
5574.123; 105.817
5575.223; 107.898
5575.302; 100.260
5575.427; 104.889
5575.604; 104.426
5575.763; 68.087
5575.832; 97.019
5575.962; 105.351
5576.022; 105.814
5576.371; 101.184
5576.527; 106.970
5576.705; 106.507
5576.726; 100.258
5576.882; 105.581
5576.906; 101.646
5576.992; 99.563
5577.320; 100.257
5577.386; 105.349
5577.466; 98.636
5577.533; 104.654
5577.622; 104.423
5577.975; 102.570
5578.064; 102.339
5578.124; 102.802
5578.179; 99.561
5578.478; 100.949
5578.531; 96.783
5578.534; 98.635
5578.839; 104.652
5578.870; 105.809
5579.911; 107.428
5580.162; 95.623
5580.325; 106.964
5580.474; 107.195
5580.865; 67.153
5580.886; 104.880
5580.889; 106.732
5580.977; 106.500
5581.006; 105.806
5581.335; 107.425
5581.620; 98.630
5581.713; 102.101
5581.776; 104.416
5581.807; 105.573
5582.094; 98.629
5582.133; 105.341
5582.243; 98.860
5582.302; 98.397
5582.423; 100.249
5582.749; 100.017
5582.818; 106.960
5583.166; 101.405
5583.231; 105.571
5583.634; 95.849
5583.636; 97.701
5583.735; 104.876
5583.883; 105.107
5584.060; 103.718
5584.568; 106.726
5584.619; 100.708
5584.655; 105.568
5584.692; 66.452
5585.219; 105.336
5585.597; 100.012
5586.046; 102.557
5586.080; 105.566
5586.874; 100.704
5587.037; 104.099
5587.050; 99.315
5587.295; 104.870
5587.460; 95.148
5587.549; 94.917
5587.638; 94.685
5587.717; 65.984
5587.851; 99.082
5587.919; 105.100
5588.187; 106.257
5588.738; 96.766
5588.954; 103.015
5589.069; 100.238
5589.132; 102.552
5589.213; 96.766
5589.244; 97.923
5589.420; 96.534
5589.868; 98.616
5589.906; 104.866
5591.678; 98.382
5591.885; 98.150
5592.043; 104.862
5592.582; 65.051
5592.755; 104.861
5593.021; 104.166
5593.289; 105.323
5593.368; 97.685
5593.754; 97.916
5594.315; 95.832
5594.386; 104.164
5594.641; 95.600
5594.832; 105.321
5595.266; 97.219
5595.277; 105.088
5595.303; 102.542
5596.489; 101.615
5596.847; 103.466
5597.195; 96.984
5597.382; 103.928
5597.414; 105.548
5597.904; 95.131
5597.990; 93.048
5599.104; 104.388
5599.125; 98.138
5599.666; 103.230
5599.758; 105.775
5600.199; 102.766
5600.695; 96.516
5602.249; 104.846
5602.367; 103.920
5602.457; 104.614
5602.951; 97.438
5603.093; 92.114
5603.492; 102.529
5605.456; 62.715
5605.511; 103.452
5606.046; 103.914
5606.402; 103.913
5608.195; 91.180
5608.291; 96.503
5608.330; 103.216
5608.627; 103.678
5609.516; 103.214
5609.635; 102.751
5609.933; 104.139
5610.406; 102.749
5610.437; 103.907
5610.497; 104.369
5611.089; 103.443
5611.624; 103.905
5612.039; 103.441
5612.099; 103.904
5612.156; 102.515
5612.604; 104.134
5613.046; 102.051
5613.999; 104.827
5614.144; 102.280
5615.394; 105.056
5615.618; 95.334
5616.546; 101.582
5616.786; 103.433
5617.796; 103.895
5618.181; 103.663
5618.328; 102.505
5618.892; 103.198
5619.246; 101.346
5619.280; 104.355
5619.395; 101.577
5619.515; 102.503
5620.720; 94.400
5621.414; 102.500
5621.441; 100.880
5621.771; 103.425
5621.830; 102.962
5622.720; 103.424
5623.432; 103.423
5623.855; 108.514
5623.876; 102.265
5623.907; 103.422
5624.857; 103.420
5625.358; 100.873
5625.822; 93.466
5625.924; 102.493
5626.071; 101.798
5626.338; 102.029
5626.398; 102.492
5629.277; 102.719
5629.649; 92.765
5630.212; 92.533
5630.231; 106.420
5631.390; 108.039
5631.392; 86.976
5631.973; 99.705
5632.895; 101.324
5633.279; 100.629
5634.497; 101.784
5635.274; 105.486
5635.315; 91.599
5636.187; 100.161
5636.494; 86.042
5636.610; 106.179
5637.312; 98.771
5637.761; 101.316
5637.878; 100.390
5638.299; 104.556
5639.600; 100.850
5640.201; 106.404
5640.317; 104.552
5640.320; 85.342
5640.417; 90.665
5641.587; 100.616
5642.750; 105.011
5643.669; 103.853
5643.724; 100.612
5643.789; 105.396
5644.027; 105.704
5644.143; 103.852
5644.438; 102.463
5644.526; 101.305
5644.702; 99.916
5645.519; 89.731
5645.897; 106.395
5646.577; 104.311
5647.289; 104.310
5647.555; 103.615
5647.610; 100.374
5648.268; 104.540
5648.716; 106.159
5649.300; 99.677
5649.360; 100.140
5649.449; 99.909
5649.724; 105.695
5649.804; 98.982
5649.953; 99.213
5650.226; 104.074
5650.255; 103.379
5650.279; 98.981
5650.621; 88.797
5650.847; 102.452
5651.319; 100.600
5651.382; 102.914
5651.647; 101.294
5652.061; 100.830
5652.183; 103.145
5652.630; 104.301
5652.689; 103.838
5652.831; 99.440
5652.834; 101.755
5653.309; 101.754
5653.396; 100.134
5653.544; 100.365
5653.630; 98.282
5654.053; 103.373
5654.105; 98.281
5654.672; 100.826
5654.826; 82.772
5655.537; 103.833
5655.723; 87.863
5655.772; 101.981
5655.827; 98.741
5655.832; 102.444
5656.068; 101.518
5656.153; 98.509
5656.513; 101.286
5656.689; 100.360
5656.751; 102.211
5657.193; 100.127
5657.844; 98.738
5657.971; 104.292
5658.031; 104.755
5658.080; 97.811
5658.646; 99.431
5658.653; 82.071
5658.683; 104.291
5658.709; 101.745
5659.151; 99.661
5659.448; 100.124
5659.550; 87.162
5659.660; 102.670
5659.690; 102.901
5659.805; 100.123
5659.834; 99.892
5660.457; 99.659
5661.255; 97.575
5661.735; 101.277
5661.912; 100.814
5662.416; 100.119
5662.953; 102.433
5663.041; 102.201
5663.128; 100.118
5663.424; 99.654
5663.517; 81.138
5663.605; 101.969
5663.749; 98.497
5664.111; 103.125
5664.669; 99.190
5665.356; 102.197
5665.414; 101.271
5665.561; 100.577
5665.647; 98.494
5666.271; 98.724
5666.485; 103.121
5666.631; 101.501
5666.811; 102.889
5667.012; 98.028
5667.014; 99.880
5667.203; 85.761
5667.671; 103.119
5667.870; 96.407
5667.907; 102.193
5667.937; 102.425
5668.767; 101.497
5668.851; 97.563
5668.856; 101.266
5668.942; 99.183
5669.096; 103.117
5669.122; 100.571
5669.537; 100.107
5670.545; 99.643
5670.572; 98.023
5670.750; 97.559
5671.498; 102.419
5671.527; 102.187
5671.995; 97.095
5672.445; 100.566
5672.709; 98.019
5672.742; 101.028
5673.128; 101.259
5673.809; 100.101
5673.929; 101.026
5674.193; 98.480
5674.399; 97.322
5674.456; 95.933
5675.295; 101.487
5675.353; 101.024
5675.852; 96.625
5676.420; 100.096
5677.223; 101.715
5678.230; 100.325
5678.408; 99.862
5678.524; 98.010
5679.295; 97.546
5679.648; 95.693
5680.069; 99.859
5680.218; 100.090
5680.835; 95.692
5681.051; 101.940
5681.381; 104.486
5681.730; 99.393
5682.234; 99.161
5682.326; 100.781
5682.414; 100.550
5683.002; 95.919
5683.121; 96.845
5683.333; 99.391
5683.444; 94.299
5683.572; 101.242
5684.543; 94.991
5685.053; 98.925
5685.208; 103.785
5685.771; 103.553
5686.358; 98.923
5686.629; 101.931
5687.212; 93.598
5687.693; 98.226
5688.140; 99.846
5689.980; 100.306
5690.237; 93.130
5690.449; 95.676
5691.461; 97.989
5691.912; 102.386
5692.168; 94.284
5692.269; 103.311
5692.700; 92.895
5692.829; 100.764
5693.005; 98.912
5693.188; 81.090
5693.421; 99.374
5693.813; 104.234
5694.251; 99.373
5694.979; 103.461
5695.082; 99.372
5696.332; 102.147
5696.444; 97.055
5696.479; 100.990
5696.776; 101.452
5696.891; 98.674
5697.071; 100.063
5697.366; 98.674
5697.734; 93.272
5697.802; 91.961
5697.872; 99.830
5698.197; 98.672
5698.232; 102.607
5698.454; 91.497
5698.582; 97.977
5698.909; 98.671
5698.968; 98.208
5699.062; 102.143
5699.447; 101.911
5700.126; 98.901
5700.271; 96.354
5700.393; 99.132
5700.663; 101.214
5701.229; 102.834
5701.406; 102.370
5701.818; 100.055
5702.083; 98.435
5702.293; 100.054
5702.323; 100.286
5702.356; 102.369
5702.408; 97.277
5702.588; 98.665
5702.713; 103.294
5703.395; 103.062
5703.811; 103.524
5703.958; 102.829
5704.161; 98.894
5704.190; 98.200
5704.223; 101.209
5704.312; 100.977
5704.340; 99.820
5704.399; 99.357
5704.594; 90.330
5704.724; 98.662
5705.619; 101.901
5705.706; 100.280
5705.851; 98.197
5707.074; 103.056
5707.429; 102.129
5707.531; 90.093
5707.721; 98.888
5708.287; 100.508
5708.700; 98.192
5708.702; 100.044
5709.209; 102.126
5709.357; 101.432
5709.442; 98.423
5709.608; 89.627
5709.622; 99.811
5709.921; 102.125
5709.951; 102.357
5710.657; 97.726
5711.522; 100.734
5711.849; 101.428
5712.501; 100.964
5712.634; 89.159
5712.644; 96.566
5712.705; 97.954
5714.484; 97.489
5714.710; 88.693
5716.152; 101.652
5716.470; 95.865
5716.743; 99.800
5717.736; 88.225
5718.434; 100.028
5718.911; 101.879
5719.527; 96.555
5719.812; 87.759
5719.918; 100.489
5719.978; 100.952
5722.016; 93.773
5722.322; 100.716
5722.838; 87.291
5722.974; 100.252
5723.034; 100.715
5723.062; 99.095
5723.680; 95.622
5724.399; 100.713
5724.629; 95.621
5724.752; 98.861
5724.776; 94.000
5724.914; 86.825
5726.380; 95.386
5727.118; 92.839
5727.246; 99.783
5727.454; 100.014
5727.721; 100.245
5727.940; 86.357
5729.057; 100.474
5729.355; 101.862
5729.732; 94.686
5730.016; 85.891
5731.964; 100.006
5732.220; 91.905
5732.616; 99.542
5732.695; 91.904
5732.914; 100.005
5733.042; 85.423
5734.455; 99.077
5734.812; 100.002
5735.119; 84.957
5735.762; 100.000
5735.939; 99.537
5735.998; 99.074
5737.322; 90.971
5737.362; 98.609
5737.690; 99.303
5737.797; 90.970
5738.144; 84.489
5738.423; 93.052
5738.462; 99.764
5738.788; 99.532
5738.945; 84.256
5739.439; 98.143
5740.152; 99.067
5740.864; 99.066
5741.519; 100.454
5742.288; 99.064
5742.424; 90.037
5742.792; 98.369
5742.899; 90.036
5742.912; 99.294
5743.246; 83.555
5743.269; 100.220
5743.358; 99.988
5743.762; 92.118
5744.662; 99.060
5745.610; 98.133
5745.997; 99.289
5746.265; 99.520
5746.380; 96.743
5746.443; 99.983
5747.214; 99.519
5747.527; 89.103
5747.894; 97.435
5748.001; 89.102
5748.014; 98.360
5748.349; 82.621
5748.963; 98.359
5750.299; 98.588
5750.596; 99.050
5751.456; 98.818
5751.720; 96.734
5751.840; 97.660
5752.879; 97.426
5753.103; 88.168
5753.451; 81.686
5753.622; 98.583
5753.708; 96.499
5754.540; 97.424
5756.586; 96.726
5756.855; 97.883
5756.930; 87.467
5756.943; 96.726
5757.535; 95.799
5757.969; 88.160
5758.553; 80.752
5759.199; 97.648
5759.524; 96.490
5760.977; 95.793
5761.275; 97.181
5762.399; 94.865
5762.953; 87.226
5763.113; 95.790
5763.655; 79.818
5763.884; 95.326
5765.250; 96.712
5767.002; 97.404
5768.055; 86.292
5769.460; 94.391
5771.748; 96.470
5772.015; 96.701
5772.223; 96.469
5772.251; 95.775
5772.520; 96.932
5772.846; 96.700
5773.853; 95.309
5774.922; 96.234
5776.347; 96.231
5777.057; 95.304
5777.591; 94.840
5778.276; 96.460
5778.724; 77.016
5779.253; 94.838
5779.787; 95.300
5779.861; 83.958
5780.053; 94.142
5780.382; 96.225
5782.111; 102.240
5782.517; 95.295
5782.604; 94.138
5782.693; 93.906
5782.992; 95.295
5783.348; 95.294
5784.150; 96.450
5784.443; 93.672
5784.774; 97.143
5784.963; 83.024
5785.364; 94.365
5785.841; 96.216
5786.376; 96.678
5786.673; 97.140
5787.266; 96.214
5788.272; 94.823
5789.074; 95.516
5789.545; 92.738
5789.906; 95.978
5790.065; 82.090
5790.772; 100.374
5791.301; 96.207
5791.449; 96.438
5791.893; 95.280
5792.816; 97.825
5793.372; 92.037
5793.437; 96.204
5793.847; 92.037
5793.912; 96.203
5793.953; 97.746
5794.415; 95.508
5794.624; 96.202
5794.655; 97.359
5794.723; 96.356
5795.578; 99.903
5796.463; 73.747
5796.523; 96.199
5796.611; 95.504
5797.242; 101.752
5797.592; 97.123
5797.707; 94.345
5797.713; 98.974
5798.362; 95.733
5798.833; 92.954
5799.071; 93.880
5799.307; 92.954
5799.782; 92.953
5800.083; 96.193
5800.198; 93.415
5800.884; 95.960
5800.889; 99.663
5801.180; 95.034
5801.325; 92.950
5801.570; 98.505
5801.770; 92.718
5802.017; 99.661
5802.144; 98.658
5802.275; 92.949
5802.787; 99.197
5803.346; 95.725
5803.735; 97.807
5803.857; 100.584
5804.119; 96.186
5804.176; 94.797
5804.711; 95.259
5805.428; 98.962
5805.835; 92.943
5805.964; 100.349
5806.735; 99.885
5806.761; 97.339
5807.178; 98.727
5807.207; 98.033
5807.383; 96.644
5807.384; 97.570
5807.415; 98.264
5807.768; 95.949
5807.801; 98.958
5808.185; 97.337
5808.211; 94.791
5808.271; 95.254
5808.279; 100.809
5808.837; 96.873
5809.078; 99.650
5809.434; 99.649
5809.516; 93.863
5809.990; 93.862
5810.084; 97.334
5810.170; 95.251
5810.409; 96.176
5810.441; 97.796
5810.587; 96.639
5811.005; 98.027
5811.245; 99.878
5811.627; 97.331
5811.897; 99.414
5812.132; 97.562
5812.158; 95.016
5812.371; 99.413
5812.576; 97.330
5812.870; 95.015
5812.875; 98.718
5813.262; 77.886
5813.287; 96.403
5813.402; 93.625
5813.463; 95.014
5813.762; 96.402
5813.856; 99.874
5814.030; 97.559
5814.062; 98.716
5815.280; 99.871
5815.392; 95.242
5815.483; 96.862
5815.927; 95.704
5816.049; 98.481
5816.279; 92.926
5816.462; 96.166
5816.875; 94.777
5817.142; 95.008
5817.205; 97.322
5817.292; 96.165
5817.409; 94.313
5817.588; 95.701
5817.619; 96.396
5817.888; 98.016
5817.977; 97.784
5818.267; 92.691
5818.364; 76.952
5818.389; 95.469
5818.423; 98.478
5818.453; 98.709
5818.570; 97.783
5818.625; 94.543
5819.248; 93.847
5820.880; 94.539
5820.969; 94.307
5821.503; 93.844
5821.801; 95.232
5821.975; 91.991
5822.396; 96.157
5822.398; 98.008
5822.543; 95.462
5822.782; 96.387
5823.079; 96.850
5823.460; 93.377
5823.466; 76.018
5823.491; 94.535
5824.707; 93.838
5824.971; 91.292
5825.936; 103.326
5827.293; 75.318
5827.500; 97.074
5827.531; 97.769
5827.884; 95.453
5828.181; 95.916
5828.359; 95.453
5828.444; 92.444
5828.797; 90.591
5830.106; 93.367
5830.349; 97.070
5830.709; 99.846
5830.992; 90.125
5831.038; 102.392
5831.209; 96.837
5831.711; 94.753
5831.802; 96.373
5832.752; 96.834
5833.283; 94.982
5835.628; 95.672
5836.141; 101.458
5837.110; 94.281
5837.913; 95.900
5838.391; 97.751
5840.915; 99.830
5840.978; 102.144
5840.995; 93.118
5841.183; 100.524
5841.445; 96.589
5841.712; 96.820
5842.217; 97.050
5842.543; 96.818
5843.015; 94.966
5843.756; 94.270
5843.939; 97.510
5844.591; 97.047
5845.245; 98.434
5845.683; 92.647
5845.718; 96.582
5845.749; 97.739
5846.226; 99.590
5846.251; 96.118
5846.577; 95.886
5846.691; 92.183
5847.322; 97.968
5847.498; 96.579
5848.118; 94.032
5848.179; 95.421
5848.209; 95.652
5848.422; 99.586
5849.693; 96.112
5851.126; 102.591
5851.328; 98.656
5851.651; 95.646
5851.793; 91.248
5851.949; 97.035
5852.129; 98.423
5852.420; 94.256
5852.955; 94.718
5853.220; 93.098
5853.251; 94.255
5853.640; 96.337
5854.026; 96.568
5854.378; 93.790
5854.412; 96.799
5854.554; 70.413
5854.825; 95.410
5855.179; 93.558
5855.414; 92.168
5855.417; 94.483
5855.447; 94.714
5855.899; 99.574
5856.430; 97.722
5856.514; 93.787
5856.609; 98.184
5856.895; 90.314
5856.961; 95.406
5858.143; 69.713
5858.211; 97.719
5858.243; 99.802
5858.322; 92.164
5858.418; 97.487
5858.742; 95.403
5858.890; 95.635
5858.893; 97.486
5859.460; 100.031
5859.482; 94.708
5860.045; 94.013
5860.158; 89.846
5860.195; 94.707
5860.281; 92.623
5860.642; 96.789
5861.060; 98.640
5861.177; 96.788
5861.914; 93.315
5861.997; 89.380
5863.133; 95.396
5863.424; 91.230
5863.495; 99.562
5863.844; 94.469
5864.582; 91.922
5864.887; 97.939
5865.004; 97.013
5865.009; 100.717
5865.091; 95.393
5865.383; 91.689
5865.463; 99.945
5865.685; 95.855
5865.795; 96.704
5865.824; 88.680
5867.289; 97.241
5867.825; 98.629
5868.116; 94.462
5868.419; 98.628
5868.627; 99.322
5868.775; 99.090
5868.946; 93.535
5869.102; 99.321
5869.210; 90.989
5869.394; 96.081
5870.015; 94.459
5870.787; 94.921
5871.163; 87.745
5872.097; 97.696
5872.243; 96.076
5872.245; 97.928
5872.365; 98.853
5872.391; 96.307
5872.773; 92.835
5872.861; 92.603
5872.927; 97.695
5873.219; 93.528
5873.255; 98.389
5873.370; 95.611
5873.550; 97.000
5873.818; 98.156
5874.829; 99.544
5875.117; 93.525
5875.391; 98.385
5875.803; 96.070
5875.890; 93.987
5876.458; 97.458
5876.784; 97.226
5876.870; 95.143
5876.905; 99.077
5877.464; 95.142
5877.494; 95.373
5877.529; 99.308
5877.645; 97.456
5877.963; 91.669
5878.030; 96.761
5878.213; 100.464
5878.321; 92.594
5878.628; 100.463
5878.730; 88.427
5879.304; 95.602
5879.391; 94.444
5879.443; 88.426
5879.570; 94.907
5879.604; 97.916
5880.402; 95.831
5880.732; 98.377
5880.992; 93.053
5881.114; 95.830
5881.380; 95.135
5881.414; 98.144
5881.707; 95.366
5881.708; 95.829
5881.767; 96.292
5882.477; 94.439
5882.711; 91.661
5883.066; 90.735
5883.282; 96.984
5883.423; 91.660
5883.513; 92.354
5883.550; 98.141
5883.730; 99.529
5883.876; 97.909
5884.142; 97.214
5884.766; 97.444
5884.818; 92.352
5885.059; 95.129
5885.236; 93.740
5885.504; 94.897
5887.137; 95.589
5887.813; 90.727
5887.990; 90.264
5888.118; 96.745
5888.168; 89.801
5888.348; 91.189
5888.470; 93.967
5888.525; 90.726
5888.652; 97.207
5888.887; 95.355
5888.981; 98.826
5889.033; 93.734
5889.113; 87.022
5889.245; 96.280
5889.628; 94.659
5890.579; 95.583
5890.606; 93.963
5891.384; 98.591
5891.620; 97.665
5891.877; 90.026
5891.946; 96.970
5892.174; 90.489
5892.360; 96.506
5893.092; 89.330
5893.220; 95.810
5893.270; 88.867
5893.627; 89.792
5893.904; 97.430
5893.930; 94.421
5894.347; 95.346
5894.350; 97.660
5894.498; 97.429
5894.558; 97.891
5895.626; 97.890
5895.758; 86.085
5896.247; 96.731
5896.900; 96.730
5897.096; 88.166
5897.435; 97.192
5897.493; 96.266
5897.755; 92.331
5897.840; 89.322
5898.195; 88.396
5898.322; 94.876
5898.729; 88.858
5898.888; 96.496
5899.032; 93.486
5899.375; 105.753
5899.508; 94.412
5899.674; 85.153
5900.861; 85.151
5900.871; 92.558
5901.024; 96.492
5901.559; 96.954
5902.034; 96.953
5902.942; 88.388
5903.220; 96.952
5903.297; 87.462
5903.394; 93.711
5903.424; 93.942
5903.455; 95.100
5903.831; 87.924
5903.855; 105.514
5904.064; 84.220
5904.987; 86.765
5905.029; 96.254
5905.030; 96.717
5905.059; 96.486
5905.913; 91.624
5905.963; 84.217
5906.056; 87.689
5906.574; 97.178
5908.044; 87.454
5908.399; 86.528
5908.526; 93.008
5908.839; 104.581
5908.933; 86.990
5908.993; 87.452
5909.166; 83.286
5909.272; 96.016
5909.681; 90.923
5910.194; 97.635
5910.756; 96.476
5910.892; 87.449
5911.141; 95.781
5911.231; 96.476
5911.320; 96.244
5912.197; 86.521
5912.479; 97.862
5912.663; 102.028
5912.916; 92.075
5913.146; 86.520
5913.247; 95.547
5913.398; 97.167
5913.501; 85.594
5913.628; 92.074
5913.941; 103.646
5914.036; 86.056
5914.096; 86.518
5914.153; 85.130
5914.415; 103.646
5915.089; 96.932
5915.995; 86.515
5917.284; 96.466
5917.491; 96.234
5917.527; 101.095
5917.875; 94.613
5918.603; 84.659
5918.812; 85.353
5918.983; 102.712
5919.138; 85.121
5919.198; 85.584
5919.255; 84.195
5919.390; 96.231
5919.769; 90.907
5919.821; 85.815
5920.014; 96.461
5920.278; 94.841
5920.970; 102.015
5921.287; 94.376
5921.375; 94.145
5921.912; 96.458
5922.483; 101.318
5922.513; 102.012
5922.653; 95.300
5922.847; 85.347
5923.104; 100.160
5923.583; 80.948
5923.663; 96.224
5923.705; 83.725
5924.145; 101.778
5924.235; 80.484
5924.300; 84.650
5924.344; 95.066
5924.611; 95.297
5924.633; 89.973
5924.855; 99.925
5925.027; 95.759
5925.204; 95.296
5925.353; 95.527
5925.391; 101.313
5925.448; 99.925
5926.154; 95.294
5926.258; 84.647
5926.636; 100.848
5926.697; 80.249
5926.715; 93.210
5927.489; 95.524
5927.494; 99.227
5927.695; 94.366
5927.913; 79.552
5928.685; 80.014
5928.702; 92.976
5928.807; 82.791
5928.949; 99.456
5928.978; 99.687
5929.031; 94.595
5929.247; 100.844
5929.337; 79.550
5929.957; 98.991
5929.959; 100.843
5930.018; 100.380
5930.129; 94.825
5930.351; 83.715
5930.433; 99.916
5930.433; 100.379
5930.513; 93.204
5931.522; 93.665
5931.647; 98.294
5931.678; 99.452
5931.738; 99.914
5931.909; 94.822
5931.944; 98.757
5932.263; 92.970
5932.529; 92.275
5932.836; 100.144
5933.015; 78.618
5933.044; 121.901
5933.695; 98.522
5933.728; 79.080
5934.081; 98.753
5934.164; 94.818
5934.253; 94.587
5934.439; 78.616
5934.497; 99.215
5934.519; 93.892
5934.758; 94.817
5934.942; 99.446
5935.059; 98.057
5935.061; 99.909
5935.239; 121.434
5935.454; 82.780
5935.980; 98.750
5936.008; 97.593
5936.128; 98.981
5936.457; 100.601
5936.507; 93.657
5936.840; 98.980
5937.254; 98.054
5937.376; 78.380
5937.796; 103.608
5937.844; 94.812
5938.117; 77.684
5938.346; 93.191
5938.351; 96.895
5938.703; 94.117
5938.709; 120.734
5938.860; 100.829
5938.894; 103.838
5939.007; 99.208
5939.541; 77.682
5939.901; 80.459
5939.946; 91.800
5939.985; 98.512
5940.012; 96.892
5940.101; 96.660
5940.342; 99.437
5940.430; 98.280
5940.521; 100.363
5940.556; 81.846
5940.638; 98.974
5940.748; 92.493
5940.962; 96.890
5941.024; 99.205
5941.741; 102.907
5942.204; 93.648
5942.357; 97.120
5942.590; 93.879
5942.868; 102.442
5942.942; 91.101
5942.978; 95.961
5943.398; 99.201
5943.419; 92.952
5943.460; 101.516
5943.607; 99.895
5943.667; 100.358
5943.811; 119.800
5943.873; 99.200
5944.043; 93.182
5944.081; 99.894
5944.257; 98.505
5944.258; 98.968
5944.382; 81.146
5944.544; 91.098
5944.643; 76.748
5945.003; 79.525
5945.122; 101.513
5945.124; 80.913
5945.151; 100.818
5945.197; 91.097
5945.441; 95.726
5945.683; 99.429
5946.008; 98.271
5946.427; 79.522
5946.771; 92.252
5947.081; 101.973
5947.243; 90.399
5947.253; 97.806
5947.317; 101.046
5947.438; 102.898
5947.493; 99.657
5947.518; 96.185
5947.549; 97.343
5947.692; 92.945
5947.728; 97.805
5947.823; 102.203
5947.968; 99.657
5948.148; 101.045
5948.266; 79.056
5948.394; 107.525
5948.463; 92.481
5948.521; 92.018
5948.624; 79.982
5948.709; 98.961
5948.795; 96.878
5948.914; 118.866
5949.002; 96.646
5949.233; 92.016
5949.721; 101.274
5949.746; 75.814
5949.759; 107.986
5949.778; 99.885
5950.105; 78.591
5950.284; 101.042
5950.345; 79.979
5950.543; 94.792
5950.785; 98.495
5950.846; 99.883
5951.111; 98.263
5951.207; 103.586
5951.295; 102.429
5951.442; 101.271
5951.518; 92.244
5951.530; 78.588
5951.917; 101.733
5951.943; 99.187
5951.971; 98.030
5952.150; 98.955
5952.183; 101.039
5952.418; 99.186
5952.447; 98.492
5952.805; 100.343
5952.948; 95.945
5952.953; 99.649
5953.132; 101.037
5953.369; 78.122
5953.607; 79.048
5953.615; 106.591
5953.623; 91.084
5953.625; 92.009
5953.683; 91.546
5953.741; 90.157
5953.811; 98.027
5953.908; 104.276
5953.932; 77.890
5954.164; 118.163
5954.231; 79.278
5954.336; 91.082
5954.458; 93.860
5954.559; 102.886
5954.575; 92.471
5954.792; 99.183
5954.848; 74.880
5954.880; 98.951
5955.327; 100.570
5955.882; 93.857
5955.887; 97.561
5955.981; 101.032
5956.018; 106.819
5956.273; 97.791
5956.576; 101.957
5957.014; 97.096
5957.225; 99.642
5957.335; 93.161
5957.421; 91.077
5958.285; 93.159
5958.444; 101.723
5958.471; 77.188
5958.509; 105.889
5958.621; 100.334
5958.712; 101.954
5958.726; 90.149
5958.763; 73.947
5958.768; 99.639
5958.786; 90.612
5958.799; 100.796
5958.843; 89.223
5958.845; 91.075
5958.913; 97.093
5958.948; 101.028
5958.975; 99.407
5959.098; 102.185
5959.124; 99.639
5959.438; 90.148
5959.471; 93.157
5959.950; 73.945
5960.222; 99.868
5961.292; 100.792
5961.378; 98.709
5961.432; 116.531
5961.466; 98.015
5961.915; 101.023
5962.090; 98.708
5962.465; 90.606
5962.523; 90.143
5962.778; 102.642
5962.781; 104.956
5962.802; 98.707
5962.828; 96.161
5963.149; 92.225
5963.573; 76.254
5963.730; 104.955
5963.783; 99.862
5963.828; 89.215
5963.865; 73.013
5963.869; 97.779
5963.948; 90.141
5964.015; 96.159
5964.049; 99.168
5964.146; 105.417
5964.200; 101.251
5964.346; 99.630
5964.540; 89.214
5965.052; 73.011
5965.267; 100.323
5965.297; 100.554
5965.352; 97.314
5965.473; 99.165
5965.653; 100.554
5965.867; 104.951
5966.039; 100.785
5966.128; 100.553
5966.151; 95.692
5966.381; 90.137
5966.512; 99.858
5966.536; 95.460
5966.950; 116.059
5967.448; 89.672
5967.539; 91.292
5967.626; 89.209
5967.714; 88.978
5967.820; 101.708
5968.558; 98.235
5968.675; 75.320
5968.796; 99.160
5968.832; 104.020
5968.930; 88.281
5968.967; 72.079
5969.050; 89.207
5969.093; 99.622
5969.153; 100.085
5969.367; 104.483
5969.370; 106.797
5969.421; 100.316
5969.624; 97.307
5970.037; 94.992
5970.103; 100.084
5970.154; 72.077
5970.711; 89.204
5970.726; 100.314
5970.755; 99.620
5970.909; 103.554
5970.969; 104.017
5971.085; 102.165
5971.186; 89.203
5971.452; 88.509
5971.647; 101.007
5971.911; 98.461
5972.171; 115.125
5972.550; 88.738
5972.771; 98.691
5972.816; 88.043
5972.876; 88.506
5973.234; 89.432
5973.397; 100.773
5973.455; 99.384
5973.777; 74.386
5973.845; 102.392
5973.935; 103.086
5973.950; 114.196
5974.032; 87.347
5974.069; 71.145
5974.158; 114.890
5974.316; 99.614
5974.469; 103.548
5974.795; 103.316
5974.853; 101.928
5975.256; 71.143
5975.310; 88.965
5975.399; 88.734
5975.737; 97.760
5975.950; 101.231
5976.011; 102.620
5976.111; 88.733
5976.229; 88.269
5976.306; 101.231
5976.527; 89.195
5977.859; 86.647
5978.296; 102.848
5978.499; 99.839
5978.557; 98.450
5978.766; 99.144
5978.854; 98.912
5979.023; 113.957
5979.037; 102.152
5979.083; 70.443
5979.172; 70.211
5980.235; 88.494
5980.607; 100.530
5980.709; 88.494
5980.994; 101.686
5981.052; 100.297
5981.213; 87.798
5981.983; 86.408
5982.503; 98.675
5982.517; 86.870
5982.918; 98.211
5983.518; 102.839
5983.540; 97.516
5983.602; 98.905
5984.139; 101.218
5984.200; 102.607
5984.274; 69.277
5984.973; 103.994
5985.890; 101.910
5985.928; 107.696
5986.244; 100.058
5986.315; 86.864
5986.421; 99.594
5986.435; 87.790
5987.085; 85.474
5987.367; 96.815
5987.514; 95.658
5987.562; 87.325
5988.100; 68.576
5988.391; 86.398
5988.498; 99.128
5988.575; 112.552
5989.241; 100.284
5989.387; 98.664
5990.014; 101.672
5990.075; 103.060
5990.129; 98.431
5990.845; 101.670
5990.871; 99.124
5991.135; 97.041
5991.140; 100.281
5991.255; 97.503
5991.375; 98.892
5991.537; 86.856
5991.760; 97.734
5992.187; 84.540
5992.353; 97.733
5992.593; 99.584
5992.664; 86.391
5992.675; 94.724
5992.773; 100.973
5993.130; 101.898
5993.344; 106.295
5993.420; 96.805
5993.494; 85.464
5993.807; 97.962
5993.840; 100.045
5993.915; 111.618
5994.056; 106.294
5994.194; 99.119
5994.698; 98.887
5994.792; 101.895
5994.847; 98.655
5994.998; 100.738
5995.274; 85.461
5995.349; 97.497
5995.412; 100.274
5995.450; 84.072
5995.707; 98.422
5995.884; 97.959
5995.947; 100.736
5996.333; 100.967
5996.496; 111.382
5996.506; 96.800
5996.639; 85.922
5997.120; 112.539
5997.229; 83.143
5997.289; 83.606
5997.320; 84.763
5997.573; 95.873
5997.634; 97.262
5997.761; 103.742
5997.766; 85.457
5998.446; 105.361
5998.822; 98.185
5999.158; 105.360
5999.254; 110.683
5999.688; 102.119
5999.741; 97.953
5999.817; 110.451
6000.189; 99.572
6000.515; 99.340
6000.530; 66.473
6000.552; 83.138
6000.732; 84.526
6000.747; 95.636
6000.749; 97.488
6000.916; 110.681
6001.004; 110.449
6001.049; 99.802
6001.293; 82.442
6001.344; 98.413
6001.493; 98.644
6001.641; 98.875
6001.681; 84.525
6001.741; 84.988
6001.774; 109.059
6002.119; 100.726
6002.133; 111.373
6002.267; 100.957
6002.341; 111.604
6002.987; 84.523
6003.245; 99.799
6003.508; 96.789
6003.644; 109.751
6003.714; 95.632
6003.747; 97.715
6003.839; 100.260
6003.928; 100.029
6004.260; 104.426
6004.369; 97.019
6004.790; 101.185
6004.876; 99.102
6005.296; 102.341
6005.568; 84.287
6005.632; 65.539
6005.654; 82.204
6005.738; 100.257
6005.943; 98.174
6006.123; 99.562
6006.744; 97.941
6006.784; 83.591
6006.835; 99.561
6006.876; 108.125
6006.887; 94.469
6007.176; 110.439
6007.221; 99.792
6007.416; 68.314
6007.816; 100.717
6008.087; 103.725
6008.288; 98.865
6008.376; 98.633
6008.880; 97.938
6009.263; 96.317
6009.481; 81.503
6009.565; 99.557
6009.566; 100.483
6009.863; 100.945
6010.082; 109.046
6010.104; 81.734
6010.689; 97.240
6011.002; 109.739
6011.074; 96.545
6011.314; 98.397
6011.436; 101.174
6011.886; 82.657
6011.978; 107.191
6012.189; 109.737
6012.323; 98.858
6012.518; 67.380
6012.781; 108.810
6012.977; 99.783
6013.271; 97.931
6013.982; 97.004
6014.058; 109.039
6014.577; 97.929
6014.757; 99.317
6014.900; 95.845
6014.918; 108.806
6015.318; 97.233
6015.690; 109.268
6016.478; 99.777
6016.538; 100.240
6016.774; 99.314
6016.988; 81.723
6017.042; 99.545
6017.080; 106.257
6017.159; 98.619
6017.425; 97.924
6017.620; 66.445
6017.686; 93.526
6017.690; 96.303
6017.795; 108.107
6018.049; 98.154
6018.086; 81.952
6018.111; 100.469
6018.644; 100.005
6018.684; 107.643
6019.000; 100.004
6019.545; 107.873
6019.679; 96.994
6019.861; 100.235
6020.041; 101.623
6020.701; 62.737
6020.924; 96.529
6021.201; 81.253
6021.580; 98.843
6021.755; 96.528
6022.090; 80.789
6022.182; 105.323
6022.305; 108.100
6022.527; 96.990
6022.561; 99.999
6022.610; 92.129
6022.722; 65.511
6022.736; 97.684
6022.777; 62.271
6022.795; 97.221
6022.978; 101.387
6023.182; 98.377
6023.327; 95.831
6023.625; 97.219
6023.779; 101.154
6023.787; 106.709
6024.637; 99.532
6024.812; 97.218
6024.958; 95.597
6025.027; 80.552
6025.143; 100.689
6025.407; 98.142
6025.766; 78.468
6025.803; 61.803
6025.840; 96.907
6026.270; 100.224
6026.430; 64.811
6026.777; 80.318
6026.862; 99.297
6027.192; 79.854
6027.285; 104.389
6027.398; 100.685
6027.407; 107.166
6027.613; 106.008
6027.629; 96.056
6027.724; 100.453
6027.879; 61.337
6028.284; 97.443
6028.370; 95.360
6028.847; 97.211
6028.994; 95.591
6029.117; 99.294
6029.353; 98.368
6029.445; 99.988
6029.708; 97.441
6030.097; 99.524
6030.244; 98.829
6030.420; 97.440
6030.715; 96.051
6030.809; 77.534
6030.905; 60.869
6031.607; 97.438
6031.761; 79.384
6031.964; 98.363
6032.257; 95.122
6032.294; 78.920
6032.387; 103.455
6032.619; 99.751
6032.708; 99.519
6034.338; 98.359
6034.456; 97.433
6034.810; 96.507
6035.298; 105.765
6035.830; 104.375
6036.007; 59.935
6036.238; 99.282
6036.305; 104.374
6036.355; 97.893
6036.709; 96.504
6037.067; 97.429
6037.396; 77.986
6037.489; 102.521
6037.956; 96.965
6038.400; 95.807
6039.124; 105.064
6039.235; 77.520
6039.440; 97.425
6039.529; 97.194
6039.558; 96.499
6040.061; 95.804
6040.092; 96.961
6040.893; 96.729
6041.811; 95.570
6042.078; 94.875
6042.499; 77.052
6042.591; 101.586
6043.058; 96.031
6044.338; 76.586
6044.394; 96.260
6044.660; 95.565
6044.661; 96.491
6044.996; 102.740
6045.612; 97.415
6047.601; 76.118
6047.693; 100.652
6048.012; 94.865
6049.291; 97.409
6049.350; 96.946
6049.438; 96.715
6049.440; 75.652
6049.762; 94.631
6050.088; 94.399
6050.503; 93.936
6050.841; 102.962
6050.953; 97.407
6051.427; 75.417
6052.522; 94.858
6052.795; 99.718
6052.822; 97.172
6053.266; 74.952
6053.470; 93.931
6054.334; 96.475
6054.452; 96.012
6055.015; 95.780
6055.251; 94.854
6055.944; 102.028
6057.897; 98.784
6059.377; 95.541
6059.554; 95.078
6059.821; 95.309
6060.267; 95.540
6061.046; 101.094
6062.869; 89.055
6063.000; 97.850
6063.085; 94.841
6063.263; 95.304
6065.221; 72.849
6066.148; 100.160
6066.169; 93.910
6067.981; 95.527
6069.670; 93.442
6070.116; 94.135
6070.204; 71.915
6071.250; 99.225
6071.509; 92.976
6075.218; 93.201
6076.352; 98.291
6076.473; 100.143
6077.927; 100.372
6079.282; 92.500
6080.179; 97.591
6083.703; 92.725
6084.126; 98.742
6084.542; 99.204
6085.074; 97.351
6085.096; 91.565
6086.381; 98.738
6087.530; 92.024
6088.273; 93.180
6089.110; 97.808
6089.645; 98.270
6090.208; 98.037
6090.673; 90.630
6093.375; 92.246
6094.687; 96.873
6094.747; 97.336
6094.982; 95.484
6095.694; 95.483
6097.644; 89.462
6098.477; 91.312
6098.513; 96.172
6098.573; 96.635
6100.563; 98.252
6101.628; 95.473
6101.945; 88.760
6102.304; 90.611
6103.695; 88.526
6104.349; 88.988
6104.593; 94.079
6105.666; 97.318
6106.730; 94.539
6106.735; 98.242
6108.916; 87.592
6109.102; 93.146
6109.451; 88.054
6109.577; 93.146
6110.111; 93.145
6111.499; 88.282
6111.832; 93.605
6112.693; 93.835
6113.019; 93.603
6113.141; 96.380
6113.255; 92.677
6113.694; 87.815
6113.791; 94.065
6114.553; 87.120
6115.213; 92.211
6115.889; 87.349
6116.490; 92.903
6116.787; 93.365
6116.934; 92.671
6117.468; 92.207
6117.704; 91.281
6118.184; 94.983
6118.244; 95.446
6118.706; 86.187
6118.833; 92.668
6119.329; 86.417
6119.517; 93.361
6119.634; 92.435
6119.724; 93.129
6120.229; 93.360
6120.582; 91.508
6120.633; 85.490
6121.209; 94.515
6121.269; 94.978
6121.702; 85.488
6122.010; 94.283
6122.279; 95.440
6122.806; 90.347
6123.045; 91.272
6123.195; 92.429
6123.808; 85.253
6124.025; 92.428
6124.529; 91.733
6125.151; 91.037
6126.312; 93.581
6126.371; 94.044
6126.962; 92.192
6127.381; 94.505
6127.611; 88.950
6127.908; 89.413
6128.355; 91.032
6128.910; 84.319
6129.339; 94.039
6129.831; 85.012
6130.908; 91.491
6130.986; 83.853
6131.414; 92.647
6131.521; 84.315
6131.980; 94.267
6132.115; 84.314
6132.483; 93.571
6132.514; 94.729
6133.010; 88.478
6133.313; 92.644
6133.432; 93.107
6133.936; 92.875
6134.012; 83.385
6134.813; 83.152
6135.175; 87.781
6135.348; 83.614
6135.894; 92.409
6136.310; 92.871
6136.516; 91.713
6136.837; 87.778
6137.098; 83.380
6137.839; 82.684
6137.880; 91.248
6137.969; 91.016
6138.415; 91.710
6138.770; 90.784
6138.997; 83.377
6139.751; 92.865
6140.074; 89.856
6140.138; 93.096
6140.515; 86.846
6140.642; 93.327
6141.618; 90.779
6141.707; 90.547
6142.200; 82.446
6142.509; 91.241
6142.596; 90.083
6142.927; 93.554
6143.308; 90.082
6143.402; 93.554
6143.517; 90.776
6143.606; 90.544
6144.099; 82.443
6144.409; 92.163
6145.445; 90.079
6146.324; 82.208
6147.072; 87.067
6147.461; 89.149
6147.638; 88.686
6148.029; 92.620
6148.619; 89.842
6148.714; 94.239
6149.201; 81.509
6149.537; 88.683
6150.891; 80.811
6151.674; 88.680
6152.066; 93.540
6152.113; 84.744
6152.175; 86.133
6152.939; 81.040
6153.015; 93.538
6153.131; 91.686
6153.181; 84.742
6153.246; 88.909
6153.721; 88.908
6153.960; 90.296
6154.303; 80.574
6154.910; 90.758
6155.299; 92.840
6155.802; 92.145
6156.001; 85.432
6156.335; 90.755
6156.958; 90.986
6157.193; 89.134
6157.375; 92.374
6157.571; 83.810
6157.965; 89.595
6158.041; 80.105
6158.284; 83.808
6158.349; 87.974
6158.592; 92.603
6158.823; 87.974
6158.881; 86.585
6159.064; 90.751
6159.465; 80.103
6159.629; 91.444
6160.931; 88.665
6161.292; 92.367
6161.341; 84.498
6161.398; 83.109
6161.437; 89.821
6162.033; 92.135
6162.175; 87.274
6162.240; 91.440
6162.327; 89.820
6162.501; 87.042
6162.801; 89.356
6163.098; 89.818
6163.143; 79.171
6163.292; 79.403
6163.808; 87.966
6163.925; 87.040
6164.199; 91.900
6165.116; 89.815
6165.681; 90.509
6165.798; 89.583
6166.332; 89.119
6166.539; 88.887
6166.540; 89.813
6167.104; 89.581
6167.249; 87.497
6167.603; 86.108
6167.903; 88.422
6168.245; 78.237
6168.910; 87.032
6169.028; 86.106
6172.072; 77.537
6172.147; 89.109
6172.411; 86.563
6172.705; 85.174
6172.737; 86.331
6173.005; 87.488
6174.130; 85.171
6174.436; 92.115
6174.534; 77.301
6174.847; 88.874
6176.034; 88.872
6176.062; 88.177
6177.283; 91.184
6177.513; 85.629
6177.570; 84.240
6177.839; 85.397
6178.361; 76.601
6178.687; 76.369
6178.969; 87.710
6178.973; 90.487
6179.172; 84.237
6179.389; 90.949
6179.419; 91.181
6179.860; 88.171
6180.013; 91.180
6180.865; 84.929
6181.110; 90.484
6182.296; 90.482
6182.615; 84.695
6182.941; 84.463
6184.215; 83.303
6184.300; 80.294
6184.521; 90.247
6186.353; 84.226
6187.836; 83.761
6187.840; 86.538
6189.237; 89.082
6189.317; 82.369
6189.327; 89.313
6191.103; 86.070
6192.003; 93.475
6192.155; 74.032
6192.561; 89.076
6192.942; 85.604
6193.094; 88.613
6193.175; 82.826
6193.620; 82.594
6194.666; 87.916
6194.672; 92.545
6195.110; 87.683
6195.889; 92.774
6195.911; 87.451
6196.202; 83.284
6196.205; 85.136
6196.435; 79.580
6196.661; 93.236
6196.768; 84.903
6196.914; 83.283
6197.257; 73.098
6197.477; 82.125
6198.492; 87.215
6198.883; 91.149
6199.333; 72.632
6199.833; 91.611
6200.679; 80.268
6201.021; 92.072
6201.304; 82.350
6201.307; 84.202
6201.537; 78.646
6201.727; 87.441
6202.017; 82.349
6202.977; 90.680
6203.278; 71.931
6204.135; 91.372
6204.520; 90.677
6204.995; 90.676
6205.131; 81.649
6205.998; 86.509
6206.064; 91.138
6206.409; 83.268
6206.639; 77.712
6207.606; 90.672
6208.022; 91.134
6208.079; 89.746
6209.622; 89.743
6210.097; 89.742
6211.106; 90.204
6211.511; 82.333
6211.741; 76.778
6212.732; 85.340
6213.124; 90.200
6213.182; 88.812
6213.444; 85.339
6214.520; 90.892
6214.666; 89.735
6214.724; 88.809
6215.077; 86.031
6215.199; 88.808
6215.338; 81.633
6215.467; 89.039
6215.878; 85.798
6216.445; 88.343
6216.843; 75.844
6217.216; 87.879
6218.108; 89.266
6218.224; 87.878
6218.285; 88.803
6219.637; 79.080
6219.709; 88.801
6219.915; 87.643
6220.000; 84.634
6220.184; 88.800
6220.298; 85.097
6220.301; 87.874
6220.670; 75.143
6220.980; 84.864
6221.045; 89.030
6221.069; 85.095
6221.519; 89.029
6221.809; 83.937
6223.029; 86.018
6223.210; 88.332
6223.267; 86.481
6223.267; 86.944
6223.298; 88.101
6223.387; 87.869
6223.619; 84.165
6224.011; 88.717
6224.509; 83.701
6224.620; 78.146
6224.971; 74.442
6225.255; 86.709
6225.315; 87.172
6225.343; 86.477
6225.370; 83.931
6225.403; 86.940
6225.432; 86.246
6225.466; 89.255
6226.230; 84.161
6226.621; 88.095
6226.974; 85.317
6227.394; 88.557
6228.309; 85.547
6228.312; 87.398
6228.447; 77.445
6228.489; 86.935
6229.170; 85.777
6229.736; 87.396
6230.073; 73.508
6230.153; 88.321
6230.175; 82.535
6230.506; 86.006
6230.597; 87.626
6230.649; 82.534
6231.682; 78.597
6231.901; 86.698
6233.083; 82.993
6233.710; 86.001
6234.032; 82.991
6234.869; 87.619
6234.952; 83.221
6235.116; 72.574
6235.667; 85.072
6236.109; 82.525
6236.140; 83.682
6236.738; 86.922
6237.001; 83.912
6237.208; 83.681
6237.568; 86.920
6237.979; 83.216
6238.571; 82.290
6238.752; 84.604
6239.077; 83.446
6239.763; 85.991
6239.995; 82.287
6240.589; 82.286
6240.624; 86.221
6240.710; 84.138
6240.856; 82.517
6241.331; 82.517
6241.898; 85.062
6242.398; 81.589
6243.081; 82.282
6243.263; 85.522
6243.584; 81.587
6243.589; 85.290
6243.649; 85.753
6243.914; 83.670
6244.655; 83.437
6245.163; 85.982
6245.809; 81.352
6246.763; 84.128
6247.681; 82.969
6248.183; 81.348
6248.272; 81.117
6248.603; 84.588
6248.689; 82.505
6250.324; 85.048
6251.000; 80.186
6251.406; 73.242
6251.865; 83.194
6252.430; 83.887
6252.839; 79.720
6253.285; 80.414
6256.967; 82.260
6256.993; 79.714
6257.858; 82.721
6260.118; 86.421
6262.069; 81.326
6262.134; 85.492
6265.961; 84.791
6266.224; 82.245
6269.130; 80.851
6270.262; 84.090
6270.349; 82.933
6271.712; 81.233
6272.957; 80.151
6275.483; 83.156
6276.190; 79.451
6276.371; 81.765
6276.401; 81.997
6276.462; 83.386
6276.547; 80.376
6278.180; 81.068
6279.279; 82.224
6279.573; 79.909
6279.635; 82.223
6279.842; 81.065
6279.933; 82.686
6280.374; 79.676
6281.292; 78.517
6283.016; 80.829
6283.462; 81.523
6283.520; 80.134
6283.964; 79.902
6284.322; 81.290
6284.469; 80.132
6284.675; 78.975
6285.035; 81.751
6286.394; 77.583
6286.637; 81.749
6287.375; 78.739
6288.118; 79.895
6288.327; 80.589
6289.334; 79.198
6289.659; 78.041
6290.194; 78.966
6290.849; 80.816
6291.496; 76.649
6291.679; 79.889
6291.799; 80.815
6291.945; 79.194
6292.894; 79.193
6293.578; 79.886
6293.901; 77.802
6295.505; 79.188
6295.951; 79.882
6296.539; 75.715
6296.901; 79.881
6297.402; 77.334
6300.724; 76.403
6301.053; 78.948
6301.582; 74.781
6302.003; 78.946
6302.804; 78.714
6304.197; 77.554
6304.969; 78.016
6305.830; 78.246
6306.156; 78.014
6306.570; 77.550
6308.547; 90.972
6308.795; 77.315
6310.397; 76.850
6311.317; 77.080
6311.461; 74.071
6314.015; 75.455
6315.736; 75.915
6316.091; 74.989
6316.479; 76.146
6317.041; 74.987
6317.695; 76.375
6318.988; 89.103
6319.266; 74.752
6320.305; 75.445
6321.153; 88.405
6322.855; 74.052
6323.035; 75.441
6323.124; 75.209
6324.091; 88.169
6327.917; 87.468
6328.166; 74.275
6329.251; 86.772
6330.603; 76.586
6331.463; 76.353
6333.328; 73.341
6334.354; 85.838
6334.384; 86.069
6334.488; 75.885
6334.752; 73.338
6337.154; 72.640
6339.515; 84.904
6339.854; 72.404
6339.917; 74.719
6341.693; 71.938
6343.655; 74.250
6344.677; 83.969
6344.956; 71.470
6345.151; 83.969
6345.374; 73.321
6346.234; 73.088
6347.288; 83.965
6348.608; 73.085
6348.652; 83.500
6349.109; 70.538
6349.779; 83.035
6350.253; 83.035
6351.545; 72.848
6351.631; 70.765
6351.809; 70.302
6352.077; 71.459
6352.256; 71.921
6352.390; 83.031
6352.623; 79.790
6353.926; 77.937
6354.211; 69.604
6354.229; 82.565
6354.600; 71.686
6354.748; 71.917
6354.881; 82.101
6355.074; 71.685
6355.356; 82.100
6355.372; 72.148
6356.390; 79.090
6356.957; 81.635
6357.492; 82.097
6357.980; 70.292
6358.139; 77.930
6358.424; 69.134
6358.575; 71.217
6358.968; 77.003
6359.077; 69.596
6359.254; 68.670
6359.345; 69.827
6359.404; 70.290
6359.443; 77.002
6359.983; 81.167
6359.998; 70.289
6360.027; 69.594
6360.458; 81.166
6360.591; 70.288
6361.318; 81.396
6361.846; 76.304
6361.966; 77.229
6362.059; 80.701
6362.320; 76.303
6362.860; 80.468
6363.675; 68.431
6364.475; 68.198
6365.144; 80.233
6366.238; 77.222
6366.267; 76.528
6366.830; 76.295
6367.102; 79.767
6367.903; 79.997
6367.920; 70.507
6368.290; 80.228
6368.364; 69.812
6368.395; 70.507
6369.000; 79.301
6370.247; 79.299
6370.447; 73.975
6370.803; 73.974
6371.272; 69.345
6371.634; 73.973
6372.102; 69.343
6372.145; 78.833
6372.378; 76.055
6372.465; 73.972
6372.642; 73.509
6373.022; 69.110
6373.148; 74.665
6373.392; 79.294
6373.446; 75.590
6373.794; 69.572
6374.102; 78.367
6374.276; 75.126
6374.306; 75.358
6374.837; 73.042
6375.284; 74.662
6376.382; 74.891
6376.612; 69.336
6376.824; 72.345
6377.481; 75.121
6377.929; 77.666
6378.434; 78.360
6378.699; 76.276
6378.717; 68.175
6378.789; 77.433
6378.807; 68.869
6378.847; 76.507
6379.192; 68.174
6379.320; 74.655
6380.153; 76.968
6380.386; 73.727
6381.748; 71.411
6381.897; 71.642
6382.199; 75.808
6382.544; 67.475
6382.583; 74.187
6383.477; 77.426
6384.038; 75.342
6385.256; 76.034
6385.337; 70.711
6385.908; 76.033
6386.115; 74.875
6386.134; 67.700
6386.618; 74.180
6387.446; 72.327
6387.562; 70.475
6388.457; 73.714
6388.486; 73.020
6388.520; 76.492
6389.023; 75.334
6389.496; 74.407
6389.735; 75.333
6389.883; 75.101
6391.304; 72.784
6391.478; 69.543
6391.543; 73.709
6391.809; 73.015
6391.839; 73.246
6393.373; 66.763
6394.926; 74.167
6395.304; 68.843
6396.645; 72.775
6396.843; 66.063
6397.297; 72.311
6397.446; 72.543
6397.793; 66.061
6397.890; 72.310
6398.987; 71.614
6399.313; 71.382
6399.929; 66.058
6400.769; 72.537
6401.234; 65.130
6401.303; 72.999
6401.361; 71.610
6401.385; 67.676
6401.630; 73.230
6401.708; 65.129
6402.955; 65.590
6403.132; 65.127
6403.254; 66.978
6403.607; 65.126
6404.415; 70.448
6404.797; 66.976
6405.862; 65.122
6406.398; 66.510
6407.444; 71.832
6407.791; 65.351
6408.000; 66.045
6408.652; 65.581
6409.127; 65.580
6409.601; 65.579
6409.935; 70.902
6410.193; 64.652
6410.282; 64.421
6410.372; 65.115
6411.359; 70.900
6412.546; 70.898
6412.567; 64.649
6413.219; 64.185
6413.761; 70.202
6415.740; 63.486
6417.408; 68.113
6417.682; 72.973
6418.042; 75.750
6418.157; 72.972
6418.211; 69.731
6418.866; 71.119
6419.402; 72.507
6419.962; 69.497
6421.005; 72.967
6421.235; 67.412
6421.806; 72.735
6422.428; 72.039
6422.873; 71.807
6423.496; 72.037
6424.206; 70.185
6425.215; 70.646
6425.304; 70.414
6425.932; 74.348
6426.312; 69.950
6426.552; 71.801
6426.877; 70.643
6428.216; 73.650
6428.597; 70.178
6429.013; 70.640
6430.406; 69.480
6431.371; 73.568
6431.835; 73.181
6432.364; 69.014
6432.547; 73.180
6433.199; 72.716
6433.848; 69.475
6433.878; 69.706
6433.998; 70.632
6434.175; 70.169
6434.715; 74.334
6435.010; 72.945
6435.125; 70.167
6435.573; 72.712
6435.740; 64.842
6435.954; 69.240
6436.546; 68.313
6437.649; 72.246
6437.736; 70.163
6438.301; 71.782
6438.776; 71.781
6439.400; 72.012
6439.490; 72.706
6439.567; 64.142
6440.054; 73.399
6440.613; 69.464
6440.791; 69.926
6440.999; 69.695
6441.240; 72.472
6441.476; 71.545
6441.625; 71.777
6443.197; 72.006
6443.372; 69.691
6444.889; 72.234
6445.567; 69.224
6446.576; 68.760
6446.983; 62.741
6446.993; 70.148
6447.526; 69.684
6447.822; 69.221
6448.061; 70.146
6448.297; 69.220
6448.386; 69.451
6448.443; 67.599
6448.918; 67.599
6449.074; 73.385
6449.249; 71.070
6449.546; 71.532
6449.635; 71.301
6449.987; 68.523
6450.110; 71.300
6452.270; 66.899
6452.375; 78.703
6452.747; 68.750
6453.133; 68.981
6453.817; 69.674
6453.963; 68.053
6454.589; 70.135
6454.651; 72.450
6454.737; 70.367
6455.090; 67.589
6455.214; 72.218
6455.303; 71.986
6455.687; 70.365
6455.717; 70.597
6456.083; 78.003
6456.991; 69.437
6457.552; 67.353
6457.642; 68.047
6457.833; 77.768
6458.209; 70.593
6458.861; 70.129
6459.156; 68.739
6459.839; 69.433
6460.047; 69.201
6460.317; 71.283
6460.640; 69.200
6460.818; 68.737
6460.859; 77.763
6461.112; 67.347
6461.770; 70.587
6462.400; 76.372
6462.875; 76.371
6462.935; 76.834
6463.321; 77.065
6464.201; 69.194
6464.256; 65.954
6464.677; 70.119
6465.033; 70.119
6465.388; 69.192
6465.951; 68.960
6466.243; 65.719
6466.337; 69.191
6466.368; 70.348
6466.634; 69.653
6466.702; 75.671
6467.148; 76.827
6467.534; 76.595
6467.829; 75.206
6468.541; 75.205
6468.593; 70.113
6469.314; 76.592
6469.550; 75.666
6469.595; 65.019
6469.835; 66.870
6469.876; 75.434
6470.070; 65.018
6471.053; 68.026
6471.478; 74.969
6471.499; 68.719
6472.060; 66.635
6472.310; 75.893
6472.487; 75.430
6472.803; 67.791
6472.983; 69.180
6473.168; 74.272
6473.703; 74.734
6473.969; 74.039
6475.067; 74.269
6475.503; 67.556
6475.692; 75.425
6476.314; 74.729
6476.450; 65.702
6476.904; 71.951
6477.162; 65.701
6477.262; 73.802
6477.678; 74.264
6477.759; 68.478
6478.709; 68.476
6478.713; 71.254
6478.743; 71.485
6479.786; 74.955
6480.605; 66.621
6480.819; 71.019
6480.853; 74.028
6481.385; 72.638
6481.536; 74.721
6481.946; 70.554
6482.243; 71.017
6482.264; 64.767
6482.861; 67.544
6483.065; 64.534
6483.811; 67.542
6484.462; 66.152
6484.888; 74.021
6485.211; 71.938
6485.684; 70.085
6485.707; 65.687
6485.955; 73.094
6486.489; 73.556
6486.811; 69.620
6486.967; 75.407
6487.701; 70.082
6488.057; 70.081
6488.382; 68.461
6488.532; 70.080
6488.913; 66.608
6488.976; 68.922
6489.388; 66.607
6489.445; 65.218
6489.573; 71.699
6489.990; 73.087
6490.316; 72.855
6490.339; 67.532
6490.517; 67.994
6490.702; 73.086
6490.752; 66.142
6490.810; 64.753
6490.999; 73.548
6491.057; 72.160
6491.594; 74.473
6492.033; 69.612
6492.416; 67.991
6492.479; 70.306
6492.740; 65.907
6492.838; 73.082
6492.840; 95.997
6493.817; 72.387
6494.078; 67.988
6494.229; 70.071
6494.429; 64.285
6494.490; 65.673
6494.675; 70.765
6494.709; 73.774
6494.883; 71.459
6495.178; 70.070
6495.619; 67.060
6495.912; 63.819
6496.042; 72.151
6496.068; 69.605
6496.191; 95.297
6496.785; 73.308
6497.556; 72.843
6497.912; 72.843
6498.440; 68.676
6498.681; 71.453
6498.714; 73.536
6499.180; 67.054
6499.219; 73.766
6499.271; 68.674
6499.446; 66.360
6499.576; 74.692
6499.592; 64.739
6499.662; 72.608
6499.693; 73.766
6499.738; 63.119
6500.187; 65.664
6500.403; 71.913
6500.633; 66.358
6500.643; 73.764
6500.908; 72.144
6501.294; 94.363
6501.412; 72.374
6501.466; 68.208
6501.615; 68.439
6501.947; 72.836
6502.469; 64.040
6502.629; 72.604
6502.743; 69.363
6502.778; 72.835
6502.805; 71.215
6503.064; 64.965
6503.134; 72.834
6503.609; 72.834
6503.953; 64.501
6504.040; 62.417
6504.282; 66.120
6504.694; 63.805
6504.934; 65.656
6504.942; 71.211
6505.289; 64.730
6505.359; 72.599
6505.508; 72.830
6505.704; 64.266
6505.805; 73.293
6505.979; 70.052
6506.090; 64.497
6506.427; 72.598
6506.511; 68.663
6506.632; 70.514
6507.229; 73.291
6508.238; 73.752
6508.642; 64.956
6508.677; 68.891
6508.712; 72.825
6508.771; 72.362
6509.082; 61.483
6509.305; 72.824
6509.601; 72.361
6509.603; 73.287
6509.958; 72.360
6509.984; 69.814
6510.044; 70.277
6510.196; 73.286
6510.213; 63.796
6510.334; 65.185
6510.586; 76.294
6510.894; 63.101
6510.904; 92.496
6511.161; 62.869
6511.162; 63.332
6511.199; 69.118
6511.369; 63.100
6511.755; 63.331
6512.351; 64.718
6512.385; 68.190
6513.578; 72.817
6513.870; 69.577
6514.413; 75.594
6515.197; 63.325
6515.213; 75.361
6515.285; 62.168
6517.133; 69.108
6517.393; 63.784
6518.461; 63.783
6518.912; 68.180
6519.690; 72.345
6520.219; 91.092
6520.315; 74.427
6520.485; 68.409
6521.296; 75.582
6522.418; 71.414
6522.745; 72.108
6522.834; 71.877
6523.364; 90.624
6523.532; 61.691
6523.564; 62.849
6523.830; 62.154
6523.842; 71.412
6524.317; 71.411
6524.368; 65.393
6525.269; 73.261
6525.637; 60.068
6525.979; 71.409
6526.884; 60.992
6527.390; 62.148
6527.465; 73.721
6528.797; 71.173
6529.064; 71.404
6529.404; 59.367
6529.479; 70.940
6529.539; 71.403
6529.956; 72.791
6530.462; 73.947
6530.639; 73.021
6531.645; 71.168
6531.884; 72.093
6532.153; 73.250
6532.210; 71.861
6532.530; 88.989
6533.279; 72.786
6533.685; 87.830
6534.406; 72.321
6534.615; 73.015
6534.701; 70.932
6535.651; 70.930
6537.046; 71.622
6537.075; 70.928
6537.126; 86.898
6537.435; 73.705
6537.909; 73.704
6538.472; 72.546
6538.768; 72.082
6539.032; 70.462
6539.211; 70.924
6539.331; 71.850
6539.717; 72.081
6541.170; 71.384
6541.940; 69.994
6542.228; 85.964
6542.299; 72.771
6542.803; 72.076
6543.544; 71.380
6543.712; 86.425
6543.898; 70.454
6544.216; 85.729
6544.287; 72.536
6544.364; 85.961
6544.877; 69.758
6545.145; 70.915
6545.412; 70.683
6545.649; 70.219
6546.629; 71.375
6547.330; 85.030
6547.994; 70.910
6548.054; 71.373
6548.440; 71.604
6548.703; 69.057
6548.814; 85.490
6549.238; 69.519
6549.911; 84.794
6551.610; 68.590
6552.430; 82.244
6552.432; 84.096
6552.564; 71.366
6552.771; 71.134
6553.917; 84.556
6554.580; 70.436
6554.806; 84.092
6555.499; 70.203
6556.599; 71.359
6557.002; 84.551
6557.191; 70.432
6557.535; 83.162
6558.007; 81.309
6559.862; 70.891
6561.361; 82.461
6562.105; 83.617
6562.116; 69.961
6562.236; 70.887
6562.679; 69.729
6562.710; 70.886
6563.005; 69.497
6563.109; 80.375
6563.363; 70.422
6563.423; 70.885
6565.887; 72.501
6566.448; 70.417
6566.911; 83.147
6567.207; 82.683
6568.211; 79.441
6568.287; 69.951
6568.968; 68.793
6569.177; 69.487
6569.532; 68.561
6569.858; 68.329
6570.392; 68.791
6570.618; 82.446
6570.693; 72.031
6570.837; 68.558
6572.025; 69.482
6572.124; 69.637
6572.502; 71.333
6573.066; 71.101
6573.313; 78.507
6573.316; 80.822
6573.629; 70.869
6573.684; 67.628
6574.070; 67.859
6574.219; 68.090
6575.152; 78.041
6575.677; 71.097
6576.152; 71.096
6576.424; 75.030
6576.536; 70.401
6576.713; 69.012
6576.714; 69.938
6576.728; 80.122
6577.545; 69.936
6577.630; 67.390
6578.415; 77.573
6578.478; 79.887
6578.670; 68.546
6578.909; 69.471
6579.310; 80.812
6579.621; 69.470
6579.830; 70.164
6579.840; 70.550
6579.897; 69.161
6580.006; 68.775
6580.254; 77.107
6580.779; 70.163
6580.807; 68.542
6581.311; 68.773
6581.592; 79.188
6582.446; 73.863
6582.808; 78.492
6583.004; 69.927
6583.446; 67.844
6583.517; 76.639
6583.580; 78.953
6583.891; 67.611
6584.018; 74.092
6584.606; 69.462
6585.356; 76.173
6585.642; 67.840
6585.709; 73.395
6586.445; 68.996
6586.634; 77.791
6587.399; 72.698
6587.548; 72.929
6588.495; 71.076
6588.620; 75.705
6588.682; 78.019
6588.969; 71.075
6589.277; 78.944
6590.459; 75.239
6590.752; 72.924
6591.873; 68.293
6592.324; 72.227
6592.650; 71.995
6592.764; 68.291
6593.033; 70.374
6593.597; 70.142
6593.722; 74.771
6593.865; 71.299
6593.965; 79.399
6594.010; 68.289
6594.379; 78.010
6594.545; 69.214
6594.667; 71.992
6595.972; 71.064
6596.002; 71.295
6596.476; 71.294
6597.047; 76.617
6597.222; 74.302
6598.253; 68.514
6598.344; 70.134
6598.699; 69.208
6598.824; 73.837
6598.949; 78.466
6599.112; 67.355
6599.264; 69.901
6599.481; 77.076
6599.532; 71.058
6599.617; 68.049
6599.650; 70.132
6599.972; 67.123
6600.241; 68.279
6600.428; 75.223
6600.874; 75.916
6601.675; 75.684
6601.998; 73.600
6602.048; 66.656
6602.643; 67.581
6602.710; 95.587
6602.775; 77.765
6603.475; 68.506
6603.801; 68.274
6603.926; 72.903
6603.947; 66.653
6604.010; 68.968
6604.482; 67.115
6604.526; 77.531
6604.583; 76.142
6605.501; 74.983
6605.530; 74.289
6605.550; 67.114
6605.699; 67.345
6605.786; 66.187
6606.084; 66.650
6606.172; 66.418
6606.560; 67.575
6606.889; 70.120
6607.628; 67.573
6607.690; 69.888
6607.931; 94.653
6608.132; 67.804
6608.261; 75.210
6608.410; 75.441
6608.882; 73.589
6608.963; 67.802
6609.109; 66.182
6609.467; 67.107
6609.628; 76.597
6609.652; 72.199
6610.030; 66.875
6610.119; 66.643
6610.186; 72.661
6610.594; 66.642
6610.631; 72.429
6610.832; 67.568
6610.920; 66.410
6611.191; 69.419
6611.253; 71.733
6611.363; 65.252
6612.790; 67.102
6613.033; 93.719
6613.353; 66.869
6613.363; 74.276
6613.984; 72.655
6614.339; 71.728
6614.368; 71.034
6614.516; 71.265
6614.865; 65.710
6614.901; 70.570
6615.338; 64.783
6615.526; 71.726
6615.933; 65.708
6616.267; 71.031
6616.383; 69.179
6616.711; 70.799
6616.749; 69.564
6616.860; 93.018
6617.417; 66.168
6617.595; 65.705
6617.660; 69.871
6617.927; 70.102
6618.288; 73.805
6618.313; 70.333
6618.667; 68.481
6619.349; 68.248
6620.803; 68.478
6620.865; 70.792
6621.487; 70.097
6621.723; 68.708
6621.933; 70.790
6622.080; 69.170
6622.107; 67.550
6622.227; 68.475
6622.287; 68.938
6622.850; 68.706
6623.057; 67.548
6623.390; 72.871
6623.414; 68.473
6623.531; 67.547
6623.942; 64.306
6623.976; 67.315
6624.754; 72.406
6624.841; 70.323
6625.227; 70.553
6625.404; 70.090
6626.150; 73.098
6626.323; 69.857
6626.356; 71.940
6626.677; 68.005
6627.159; 73.559
6627.895; 69.160
6628.459; 68.928
6628.492; 71.937
6628.931; 67.076
6629.053; 69.853
6629.856; 71.472
6630.918; 66.841
6631.456; 69.155
6631.458; 71.006
6632.077; 67.533
6632.699; 66.838
6632.825; 72.393
6633.918; 68.919
6634.604; 71.464
6634.931; 72.158
6634.959; 70.538
6635.285; 70.306
6635.518; 89.516
6637.126; 71.692
6637.927; 71.459
6639.114; 71.457
6639.345; 88.816
6639.350; 70.531
6639.940; 67.752
6640.061; 69.604
6640.537; 70.529
6641.485; 69.601
6642.346; 69.831
6642.820; 69.831
6643.059; 70.756
6644.724; 73.531
6644.928; 70.522
6645.758; 69.594
6647.093; 69.824
6648.367; 68.664
6648.752; 67.969
6650.030; 69.587
6650.390; 72.364
6650.587; 86.714
6650.589; 87.640
6650.978; 68.660
6651.013; 72.595
6651.221; 72.363
6653.351; 67.730
6653.382; 68.888
6653.669; 83.932
6654.068; 71.433
6654.152; 67.498
6654.217; 71.664
6654.297; 86.940
6655.132; 68.653
6656.639; 85.779
6657.297; 67.956
6657.566; 69.112
6658.041; 69.112
6658.192; 71.194
6658.636; 70.499
6658.988; 67.258
6659.170; 70.499
6659.671; 67.952
6660.234; 67.719
6660.642; 83.689
6661.335; 69.801
6661.540; 67.717
6661.590; 82.762
6661.741; 84.845
6661.811; 70.726
6662.606; 65.864
6662.671; 70.030
6662.988; 85.306
6663.105; 84.380
6663.584; 65.168
6663.700; 85.304
6664.090; 66.324
6664.242; 69.333
6664.272; 69.564
6664.298; 67.018
6664.658; 69.795
6665.485; 67.016
6665.568; 84.144
6665.903; 68.405
6666.069; 81.597
6666.257; 67.478
6666.325; 73.496
6666.340; 84.606
6666.406; 67.709
6666.432; 65.163
6666.781; 81.596
6667.141; 84.373
6667.590; 65.856
6667.713; 68.633
6667.916; 65.624
6668.156; 67.475
6668.207; 83.445
6668.705; 78.121
6668.802; 84.370
6669.214; 82.055
6669.318; 70.945
6669.613; 69.556
6669.769; 75.342
6669.849; 68.630
6670.295; 69.323
6670.756; 81.127
6671.171; 80.663
6671.297; 64.230
6671.417; 65.155
6671.439; 81.820
6671.537; 66.081
6671.601; 69.321
6671.779; 69.784
6671.883; 80.662
6671.964; 74.875
6672.034; 82.745
6672.195; 70.246
6672.403; 70.014
6672.465; 72.329
6672.629; 83.670
6672.789; 70.245
6672.904; 67.467
6673.256; 64.689
6673.470; 69.087
6673.902; 81.585
6674.035; 70.706
6674.153; 69.780
6674.215; 72.094
6674.951; 67.695
6675.069; 66.769
6675.129; 67.232
6675.858; 80.193
6676.047; 66.074
6676.054; 71.628
6676.273; 79.729
6676.634; 83.432
6676.740; 74.173
6676.985; 79.728
6677.107; 82.505
6677.294; 66.534
6677.296; 68.386
6677.351; 65.146
6677.748; 73.709
6678.013; 72.088
6678.068; 68.848
6678.203; 80.883
6678.276; 68.616
6678.538; 65.144
6679.330; 80.419
6679.696; 65.836
6679.823; 72.317
6679.935; 66.762
6680.042; 80.417
6680.764; 65.834
6680.797; 67.917
6680.960; 79.259
6681.125; 69.537
6681.219; 73.009
6681.346; 79.489
6681.375; 78.795
6681.617; 82.498
6681.746; 67.916
6681.957; 70.462
6682.087; 78.794
6682.636; 67.452
6683.583; 65.598
6683.705; 68.376
6683.935; 62.820
6684.035; 70.921
6684.717; 70.689
6684.787; 78.558
6684.798; 64.902
6684.804; 69.531
6684.894; 70.225
6684.907; 79.484
6684.938; 80.641
6685.309; 69.762
6685.398; 69.530
6685.484; 67.447
6685.592; 81.566
6685.661; 66.984
6685.771; 82.028
6685.828; 80.177
6685.919; 81.797
6686.227; 68.603
6686.329; 77.630
6686.477; 77.861
6686.835; 78.786
6687.189; 77.860
6687.783; 78.322
6688.431; 74.617
6688.514; 69.757
6688.895; 66.747
6689.188; 63.969
6689.448; 80.634
6689.654; 79.476
6689.788; 68.597
6689.994; 67.440
6690.024; 67.671
6690.040; 79.707
6690.264; 69.522
6690.320; 67.208
6690.353; 69.291
6690.440; 68.133
6690.452; 77.392
6690.502; 70.448
6691.128; 72.530
6691.160; 73.687
6691.258; 80.862
6691.330; 67.669
6692.258; 73.917
6692.263; 77.620
6692.291; 76.926
6692.343; 70.908
6692.581; 71.370
6692.584; 73.685
6693.025; 70.675
6693.246; 80.627
6693.707; 70.443
6693.732; 66.971
6693.867; 79.006
6694.009; 74.608
6694.135; 80.163
6694.147; 66.507
6694.185; 73.219
6694.231; 63.035
6694.279; 76.691
6694.454; 74.376
6694.550; 79.700
6694.890; 67.663
6695.169; 76.227
6695.485; 68.588
6695.605; 69.514
6695.785; 70.902
6696.212; 79.697
6696.262; 72.753
6696.410; 72.984
6696.835; 79.927
6697.152; 73.215
6697.292; 66.965
6697.394; 75.992
6697.410; 66.039
6697.444; 69.048
6697.690; 75.528
6697.885; 66.038
6697.955; 73.908
6698.010; 70.667
6698.051; 79.231
6698.359; 66.037
6698.514; 70.898
6698.634; 71.360
6698.823; 79.693
6699.081; 73.443
6699.288; 72.285
6699.339; 66.267
6699.729; 69.276
6699.992; 66.729
6700.409; 68.117
6700.584; 65.339
6700.707; 68.580
6701.314; 78.763
6701.429; 75.985
6701.600; 70.893
6701.721; 72.281
6701.807; 70.661
6701.862; 67.420
6701.985; 70.198
6702.250; 68.577
6702.507; 61.402
6702.584; 74.826
6702.792; 74.594
6702.793; 75.520
6703.179; 75.751
6703.284; 65.566
6703.826; 71.583
6703.925; 78.759
6704.390; 71.351
6704.588; 64.639
6704.859; 67.647
6704.984; 72.276
6705.390; 65.332
6705.522; 74.590
6705.621; 60.702
6705.720; 67.877
6705.783; 70.192
6705.809; 67.646
6706.590; 75.051
6706.737; 73.893
6707.449; 73.892
6708.006; 69.031
6708.811; 71.575
6709.010; 64.863
6709.027; 77.824
6709.098; 64.631
6709.229; 73.889
6709.962; 66.713
6710.724; 59.768
6710.970; 66.711
6711.175; 64.165
6711.742; 66.710
6711.777; 70.645
6711.811; 73.654
6712.510; 64.394
6712.760; 73.652
6712.854; 77.124
6713.402; 65.782
6713.471; 72.725
6713.882; 69.484
6714.155; 74.344
6714.893; 70.871
6715.025; 59.067
6715.064; 65.779
6715.826; 58.834
6716.254; 68.554
6716.764; 72.488
6716.900; 63.461
6717.179; 72.025
6717.502; 69.941
6717.687; 75.033
6717.742; 71.792
6718.838; 70.170
6719.701; 72.252
6719.771; 58.133
6720.166; 64.845
6720.727; 62.761
6721.062; 69.010
6721.298; 68.083
6721.569; 71.092
6721.574; 74.795
6721.831; 67.620
6722.789; 74.099
6723.619; 73.172
6723.962; 63.913
6724.650; 67.384
6724.740; 68.541
6725.028; 62.059
6725.157; 69.466
6725.159; 71.317
6725.268; 63.911
6725.875; 74.094
6726.845; 66.917
6727.408; 66.685
6727.558; 67.842
6727.975; 69.230
6728.145; 63.212
6728.241; 68.535
6728.930; 72.932
6729.695; 68.764
6729.724; 67.607
6730.130; 61.125
6730.370; 62.977
6730.704; 68.300
6731.446; 68.530
6731.713; 68.761
6733.581; 67.601
6735.232; 60.191
6735.331; 67.366
6735.472; 62.043
6736.137; 70.837
6736.638; 68.290
6736.845; 68.058
6737.311; 61.577
6737.326; 72.687
6737.352; 70.140
6738.822; 59.491
6739.697; 70.831
6740.261; 70.599
6740.574; 61.108
6740.791; 67.357
6741.239; 69.903
6741.503; 67.356
6742.413; 60.643
6742.692; 69.206
6743.405; 70.131
6743.549; 66.659
6745.066; 69.202
6747.515; 59.708
6749.878; 73.361
6750.319; 70.351
6751.927; 74.515
6753.727; 67.336
6753.821; 70.808
6754.503; 70.576
6754.587; 67.104
6755.421; 69.417
6756.078; 72.193
6757.088; 73.580
6759.042; 69.874
6760.820; 68.482
6761.476; 71.259
6763.520; 68.709
6763.786; 68.015
6763.816; 68.246
6764.532; 71.022
6765.597; 68.243
6766.131; 68.705
6766.723; 67.778
6766.991; 68.472
6767.287; 67.546
6767.703; 68.008
6768.536; 69.858
6768.888; 67.080
6770.225; 68.236
6770.461; 67.309
6770.554; 69.855
6770.700; 68.235
6770.910; 70.318
6770.950; 55.504
6771.385; 69.854
6771.471; 67.771
6773.338; 66.610
6773.550; 69.156
6774.530; 70.312
6774.883; 67.534
6775.329; 68.227
6776.487; 68.920
6776.602; 66.142
6777.090; 54.337
6778.055; 65.445
6778.441; 65.676
6779.069; 69.610
6779.632; 69.378
6779.985; 66.600
6780.136; 68.682
6780.285; 68.914
6781.080; 64.978
6781.112; 66.135
6781.704; 65.208
6782.952; 66.595
6783.543; 64.742
6783.753; 66.362
6784.051; 67.750
6784.111; 68.213
6784.409; 68.676
6784.735; 68.444
6784.851; 66.592
6784.883; 68.675
6785.087; 65.665
6785.473; 65.896
6785.530; 64.507
6785.948; 65.896
6787.369; 64.042
6788.173; 65.660
6788.325; 68.669
6789.451; 67.279
6789.837; 67.509
6789.957; 68.435
6790.309; 65.657
6791.139; 64.730
6791.796; 67.969
6791.999; 64.960
6792.354; 64.033
6793.129; 66.347
6794.018; 65.882
6794.224; 64.725
6794.554; 67.270
6795.148; 67.269
6795.529; 63.797
6795.562; 66.806
6796.654; 62.406
6796.898; 67.035
6797.371; 65.646
6798.554; 63.329
6798.707; 66.338
6799.063; 66.337
6799.355; 63.096
6800.636; 66.566
6801.640; 63.324
6802.262; 62.629
6802.710; 64.248
6805.738; 65.632
6806.061; 63.548
6806.742; 62.390
6806.745; 64.242
6807.812; 63.314
6809.679; 62.154
6809.771; 63.774
6811.520; 62.614
6811.844; 61.456
6811.847; 63.308
6811.977; 64.619
6814.218; 61.452
6814.873; 62.840
6816.947; 60.522
6816.949; 62.373
6819.025; 61.907
6819.320; 60.518
6821.397; 60.052
6822.051; 61.439
6822.852; 61.207
6824.422; 59.584
6826.499; 59.118
6828.191; 60.272
6829.141; 60.271
6829.524; 58.650
6831.601; 58.184
6835.665; 57.483
