,0,1,2,3,4,5,6,class,depth
0,0.4872440780340198,0.4523379219574241,0.0013390993927254436,0.3688166357536221,0.011559249272991207,0.42327633011998134,0.49260495419820827,0.0,4184
1,0.47935629432735544,0.4610486021166962,0.0014400327701930699,0.3650471733598722,0.011878569527986297,0.4286580697439913,0.49040939625164054,0.0,4185
2,0.36857493042396317,0.4598416003353611,0.001573971970837052,0.39630907509082086,0.012089242547091815,0.4362889113259681,0.5523954190120669,0.0,4186
3,0.27139819314263136,0.4683498207333474,0.0016452279679981306,0.42656995025686467,0.012631584609720588,0.4375761289222979,0.5774031619313921,0.0,4187
4,0.25768980262827396,0.4928321892862913,0.0016004323471946642,0.43459058815935864,0.012876664673564641,0.4081809300894051,0.5788465927536588,0.0,4188
5,0.2903678275966933,0.4255849119827197,0.0016252801148308905,0.44948974965252914,0.012867448947401182,0.38695145930099784,0.6185655403542191,0.0,4189
6,0.27473900189591033,0.4928065318394023,0.0017783514921777754,0.4380588900625838,0.011984433610190989,0.4180405215730622,0.5611238232250808,0.0,4190
7,0.26598141225780364,0.4606200268161486,0.0016478699861354046,0.4102650141418352,0.011848517623653701,0.42523118780554037,0.6064660183988503,0.0,4191
8,0.3200021944671393,0.4760042511703895,0.0015168361927744899,0.3940472470383975,0.01196721551460252,0.42251783172927515,0.580584603944141,0.0,4192
9,0.2616291334389075,0.4844503640297914,0.0016120836673759603,0.4476107922732539,0.01266087967700675,0.4409471713906188,0.5494591116021145,0.0,4193
10,0.34910938929711666,0.4478660131213817,0.0013961756280924092,0.4142548973308557,0.01204406111335998,0.4023605099866714,0.5864218276305323,0.0,4194
11,0.29707059579616285,0.45718190197962005,0.0015326453535185118,0.4080322095524564,0.012148959819401412,0.42160161171662963,0.5986197627499593,0.0,4195
12,0.3542777509036887,0.45575541877695963,0.0014800285583541244,0.4077035136584087,0.012022313999248803,0.41226498968841496,0.5748416914068002,0.0,4196
13,0.4371554467412992,0.44642556408635015,0.0013882784429786383,0.37436047794308475,0.011643625650788579,0.4065640595026312,0.5513816535343141,0.0,4197
14,0.3630298169540745,0.4823366122618221,0.0014542787988754977,0.40053707768159424,0.012738314964063305,0.4340098090991902,0.5353521270034373,0.0,4198
15,0.28906475488391775,0.4921236892145683,0.0014776188896157047,0.4161795143444367,0.012483161589194882,0.4532509461185243,0.5435586638069436,0.0,4199
16,0.4669043552399251,0.450775620715656,0.001389512555633477,0.3717184164794815,0.010665915691840772,0.4117978456153394,0.5205131348201207,0.0,4200
17,0.3625373802999987,0.47610391257635354,0.0013830062807406332,0.38502437663660305,0.011377226874786995,0.42641855470544826,0.5582864891034718,0.0,4201
18,0.4053597379213742,0.46332598304581435,0.0013358816291448557,0.38945769681017905,0.012137701125288653,0.4224645315646516,0.5391751384325699,0.0,4202
19,0.35119537399740175,0.46222993281505326,0.001249244654889671,0.4064938591446367,0.01165020627309539,0.4222964511350207,0.5650632357627511,0.0,4203
20,0.34490681279273355,0.4557984155596441,0.0012217906907109385,0.4074296017923838,0.011517726857432731,0.4217527480434874,0.5738280954772851,0.0,4204
21,0.4683332982639048,0.438587828533535,0.001162646818622272,0.37483385073784703,0.010999422711010707,0.398025824355758,0.5378264839507694,0.0,4205
22,0.47023540426540683,0.43358133449767555,0.001224207017947727,0.3763562146605012,0.011127167359560588,0.40235749728812664,0.535933785533948,0.0,4206
23,0.4598088538083275,0.4346238784134309,0.001159150382690014,0.3767128137789999,0.01098095896884204,0.4071493598008165,0.540252563095584,0.0,4207
24,0.48124878969310475,0.45256915040055895,0.0010885991449896579,0.36357672009520237,0.011383008433265595,0.4156953284530003,0.5083889958513216,0.0,4208
25,0.4711272556154591,0.43450938242086223,0.0010941465062618842,0.3664822975435141,0.011223191408542561,0.407385031906346,0.5374399592404807,0.0,4209
26,0.5023498780364737,0.4537854072326536,0.0009601671182362006,0.3469809354335562,0.01137863204823805,0.4160130410519045,0.49812688057527194,0.0,4210
27,0.5259203283869596,0.46754254887241253,0.0008438685875225673,0.3519150628774163,0.011344129794441972,0.42409861993135445,0.4483062802153891,2.0,4211
28,0.47313831396110656,0.4453379853583337,0.0008886256405234193,0.36772985385146206,0.011531988161150265,0.4230977224761153,0.5132674839442397,0.0,4212
29,0.4945168151200171,0.4496096353454662,0.0009649439293344024,0.35533890711100724,0.011769152187291727,0.43838284040182846,0.48447868646872105,0.0,4213
30,0.5170937961015661,0.47475339499499203,0.0009704429024426819,0.3404095522568379,0.011790767629678298,0.45217184773815244,0.4321402698877314,2.0,4214
31,0.5021435734049668,0.46611615545172924,0.0010018772860772756,0.3388398071269011,0.011571794221819046,0.446716776553832,0.46484874721455355,2.0,4215
32,0.5011558618841742,0.46702330709039935,0.0011290492158703004,0.347298286994522,0.0118767732931103,0.4442682705612162,0.46108492044384414,2.0,4216
33,0.5081279378300433,0.4772798935417654,0.0011131668741122082,0.36065703543244376,0.011711960600446297,0.4380187462657754,0.4381068061199141,2.0,4217
34,0.4982701810594645,0.470770555887235,0.000998577371390946,0.3440265104980289,0.011591025585879385,0.44052096819778236,0.4664264122006074,2.0,4218
35,0.47939174792461114,0.45853186480192154,0.0008521838410760578,0.35536285243267773,0.011367562856924585,0.4304163701582966,0.4982580904422127,0.0,4219
36,0.46861153215984536,0.4672816973041525,0.0007537872289917542,0.34204808668294007,0.011064825602842027,0.42871648648906013,0.5110120637906315,0.0,4220
37,0.4809423887562063,0.457053417810966,0.000784331037475683,0.3413613840706155,0.011042611636612682,0.4278557866556723,0.5099861457025129,0.0,4221
38,0.49702371917915517,0.45039130357860113,0.0009916621485577706,0.34179435960402305,0.011378715789241945,0.43941897049611783,0.4899716540558925,0.0,4222
39,0.4999873219359481,0.4762039341977463,0.0012300587008674958,0.3374370921855957,0.011719350479693615,0.4594156605001921,0.44517085983062227,2.0,4223
40,0.5181101120458622,0.490283398136199,0.0011224785562593599,0.32444335275831915,0.011735614127118814,0.4708046983994348,0.40512289928706074,2.0,4224
41,0.43030459119661923,0.4894315296974888,0.00116344983264348,0.342058895307493,0.01158805322333526,0.467799722928878,0.48920162643714604,0.0,4225
42,0.32478247366164975,0.4831149312148103,0.00125053624169738,0.38181906741161054,0.011213546338171846,0.45295636787135113,0.5568067251236104,0.0,4226
43,0.3916009610709305,0.47149570979297023,0.0013136351599352242,0.3712802439834789,0.01075961994400552,0.43785581559421666,0.5428224876093156,0.0,4227
44,0.37153481006481565,0.4792517877708871,0.0013576780554193624,0.32607400968863637,0.01092566788446307,0.4366969323808342,0.5789040721698461,0.0,4228
45,0.40767929962972405,0.49238953835232807,0.001018670212678969,0.3240735370340419,0.010705937915541822,0.45413330150986175,0.5291254704065413,0.0,4229
46,0.3384734726964562,0.4899527240347414,0.0006332744621165767,0.37463578994428354,0.009607008136405549,0.4433437236229613,0.5553230667519676,0.0,4230
47,0.2725790478009015,0.4677184314477854,0.0005380068889888713,0.3920832328771906,0.010222130890788555,0.4218902428640475,0.6124660902003488,0.0,4231
48,0.2826807996918559,0.4507437728695691,0.0005291837923556361,0.39798004095231954,0.010015830225178591,0.37871678436483497,0.6442099844447016,0.0,4232
49,0.24764561514858086,0.4259570964300783,0.00034245582837085295,0.4207675734924584,0.011801554700780165,0.34743460926024455,0.6777437928263437,0.0,4233
50,0.30935502565534007,0.5375334683615585,0.00018912203975366201,0.39963378220346324,0.01136893633262014,0.44357763901193914,0.5086842520688497,0.0,4234
51,0.30462341397407244,0.6269066529887993,0.00010281572660209134,0.3544939373630678,0.010575331879072253,0.5296135997013346,0.32851827843509657,1.0,4235
52,0.34403815088621365,0.6274171012785491,0.00016132766088797383,0.32514437711536215,0.010670672427304554,0.5730312421123434,0.23192234061168135,1.0,4236
53,0.388578437641269,0.6066714837078985,0.00023261068970027607,0.3188955725973314,0.01101251980943758,0.5953419748213202,0.15719009431039832,1.0,4237
54,0.5055466786133458,0.5855573793675959,0.00024560450613975745,0.2715016894756742,0.009973153470625891,0.5605540353818926,0.11623937856155407,1.0,4238
55,0.48264354863775843,0.601992705952958,0.00021910212782912076,0.2520327932521396,0.009592444912238084,0.5733518295590144,0.11097330579695994,1.0,4239
56,0.40553426922260705,0.6342801695500367,0.0001803414797515591,0.24919739154180862,0.009049688936043665,0.5961571318463854,0.1250840829451293,1.0,4240
57,0.5043334001487755,0.5936564629531184,0.0002803102144326559,0.24641480824007556,0.008792888831676995,0.5638845675465342,0.12023464053013357,1.0,4241
58,0.45851048887497375,0.607975071016685,0.00041150218713855184,0.2593628407804401,0.008891941128687292,0.5778441820971013,0.13741261478348823,1.0,4242
59,0.462933976189246,0.5971958396057231,0.0004143884673348062,0.2749577583982397,0.009044478721829246,0.5773051931736524,0.1417188539518499,1.0,4243
60,0.4879918964564651,0.5839024379792974,0.0004876155624539074,0.2779004045769468,0.009519631623840806,0.5684059749384904,0.14323757729610753,1.0,4244
61,0.474357517400937,0.5809497044266917,0.0005603738164184319,0.2971712111392727,0.009749206242399437,0.5648265164732161,0.173341579343612,1.0,4245
62,0.4902637053245517,0.530592903766127,0.00066333970291526,0.3358679104166391,0.009875875716829288,0.5478768459553736,0.25502628333583005,2.0,4246
63,0.492121366027337,0.54995280890275,0.0006286026399501415,0.34389220721124225,0.009652542760123284,0.5210370874650436,0.2559949328828065,2.0,4247
64,0.5033184977422425,0.5345543475207507,0.0006131721143545803,0.36620506928041463,0.01046703960831842,0.5167052905044602,0.2443802252167323,2.0,4248
65,0.5564173662645461,0.5128177436120495,0.0005265654909721815,0.33544635200094924,0.008960389438043288,0.48011802662267705,0.2903438236763028,2.0,4249
66,0.45749446363232027,0.5529945904598811,0.00039274175779450266,0.35731455851007565,0.010220749359471393,0.529486866933097,0.27705801689618936,1.0,4250
67,0.46879597288661434,0.5305225902123807,0.0002618308264083403,0.36614131841801856,0.010264738139008451,0.5395557537234683,0.2710918797127834,2.0,4251
68,0.440598099233059,0.5535783544375286,0.00025853605309947286,0.3645071086421345,0.009833945427154022,0.5238467083310893,0.30339205831223137,2.0,4252
69,0.4705586925362513,0.534386224604343,0.00025461868670114177,0.35133641242750935,0.010439366154746813,0.49812058138383636,0.34833237911468673,2.0,4253
70,0.47084969427838014,0.575688225924223,0.00026046840160457845,0.35424184967114525,0.011499197581950279,0.5277620400289804,0.2067154410956632,1.0,4254
71,0.4454474466678224,0.6126408268356468,0.00023728965770700261,0.31905419783765787,0.011106981285747006,0.5502975325357801,0.14663360030630707,1.0,4255
72,0.5253111427937829,0.5786095059901416,0.0002117980772178819,0.2774554811554253,0.010228601258581237,0.542074337670057,0.13538257682871255,1.0,4256
73,0.5120301172610608,0.5981317244149544,0.00015903962674063897,0.2711809143189518,0.01015406847651772,0.5322893189443298,0.15195216850281257,1.0,4257
74,0.5273673390475346,0.569099420512132,0.00019320408085461723,0.2793037994519917,0.010407819833863947,0.537800359413684,0.17510379854063957,1.0,4258
75,0.48288074255501096,0.5971940662142003,0.00018407942618226949,0.30275228942250726,0.011067214281446204,0.5414314693072787,0.1589211563136757,1.0,4259
76,0.5070481402790082,0.5743845783518017,0.0002215789812659308,0.3179045503132818,0.011503249240188747,0.5392525237051269,0.144898510408689,1.0,4260
77,0.5490987754405525,0.5782509503355087,0.00023045197545419803,0.2824701074692205,0.010570917466667563,0.5146462051101499,0.13912044347835928,1.0,4261
78,0.5146062715241088,0.5802337957250836,0.00020255408704004555,0.29692667820183377,0.010907097252134627,0.5364821129244337,0.14970508372146674,1.0,4262
79,0.5064729846640024,0.5707633653959251,0.0002070543662863856,0.30352369624833814,0.011072907414445839,0.5484014938369954,0.15722853351231722,1.0,4263
80,0.45847927646209874,0.6068849774664135,0.00024808253062603015,0.3069486459665039,0.011288893136744122,0.5545896352077501,0.13990261536744444,1.0,4264
81,0.5880432254045045,0.541657745692341,0.00025313242641277265,0.2798233734076408,0.010204141582770623,0.5158880347411392,0.12753932064890755,1.0,4265
82,0.6026125712778085,0.5500470241465517,0.00029051305236877945,0.2594685582428018,0.009531136830694922,0.5022566650681378,0.12095347401536705,1.0,4266
83,0.34476030475529207,0.6416031349645468,0.0003052068442422765,0.3026574694256645,0.011034573920141715,0.5914325157742503,0.16724212980490563,1.0,4267
84,0.28695726937335475,0.6493374712662949,0.00026824153950311136,0.31733444722410187,0.010927313240810959,0.6084235775041889,0.158166035472453,1.0,4268
85,0.38327924764780724,0.617488334668815,0.0002621640540473164,0.3149096219738887,0.010679735675401205,0.5832138341291554,0.1799572256260057,1.0,4269
86,0.2787859166335338,0.6141637466946412,0.00026380855900975367,0.3480182420536596,0.011836542515569703,0.6126182267404426,0.22028014677314434,1.0,4270
87,0.2839323292003505,0.641475062588546,0.0001911213921533041,0.3251596025052201,0.011720519373801376,0.6058691472303854,0.18694538973475439,1.0,4271
88,0.3368061770107437,0.6331710166644337,0.00020649724056137812,0.3122834824871881,0.011256394024379123,0.5989750736274694,0.17098889283995714,1.0,4272
89,0.4088711203938692,0.6158355249384511,0.00025671260519304453,0.30369551567328734,0.010955323019861065,0.5822737296068972,0.14892033339145982,1.0,4273
90,0.48410531450586974,0.572028732774486,0.0004004161309032693,0.2942262154364857,0.010547978520148002,0.5720287327744858,0.15661358879097262,1.0,4274
91,0.4302980269694443,0.6256533355526316,0.0005857730392299469,0.2791056664846452,0.010292249252247658,0.5650258259923321,0.16168203694656505,1.0,4275
92,0.38227319135317694,0.6272623559987288,0.0006192850471323353,0.3026744199617675,0.010965932630887756,0.5873803989634063,0.1538212311143812,1.0,4276
93,0.5205219307512768,0.6215702598166791,0.0005397711214805463,0.26763122252703087,0.009438056815299552,0.5032690993904243,0.13308533268739467,1.0,4277
94,0.4341541240807001,0.6140156982005478,0.0006151876981217871,0.30977394853124485,0.010372872866141082,0.5247820490248094,0.25105944672984754,1.0,4278
95,0.47205710164060133,0.49243053142020726,0.0007030169006075217,0.3451719246396184,0.011407620907191387,0.47787808157763156,0.43247256335706047,2.0,4279
96,0.4747209095614345,0.5019010353967366,0.000729471976256097,0.35816101404872686,0.01223081346856056,0.4958610074333361,0.3852633295398951,2.0,4280
97,0.4880981475349122,0.4880981475349122,0.0006742643940248956,0.3458653063898524,0.011988975115675541,0.44221122274702623,0.45629226478388857,2.0,4281
98,0.49009750097197224,0.47657321426278304,0.0006664141276991802,0.31537068572587673,0.011307261931418771,0.4332954967933774,0.49532863409201616,0.0,4282
99,0.40385370675901544,0.3882515732424722,0.0005778567969090072,0.2621029220563799,0.00931749220357629,0.363733934859333,0.6964735692856986,0.0,4283
100,0.4158392905656815,0.41111898348820053,0.0005168774255534678,0.2838417180149646,0.009628742335586108,0.3827971410233149,0.6564039258984599,0.0,4284
101,0.47546621039242887,0.4484804665132808,0.0005040815281773225,0.3173367041092859,0.011037647254917234,0.4363368817676642,0.5306435828409768,0.0,4285
102,0.38477258807694315,0.4717163071842866,0.00042453428892474596,0.3438479342568199,0.011272740267618786,0.4548884905828653,0.5514993974076919,0.0,4286
103,0.5044087868683345,0.4827361135436912,0.0004929573441394318,0.3158635088709342,0.011074090425645554,0.4610634402190478,0.44728680930938125,2.0,4287
104,0.5234670166997804,0.4967856018870776,0.000595068591233386,0.3164304087159307,0.010831537317684952,0.480776752999456,0.3844400890815139,2.0,4288
105,0.5977673985838611,0.469423140001338,0.0006398930271208412,0.28283073074198595,0.01024226292478514,0.46448682236354866,0.3556255179359721,2.0,4289
106,0.5872268416801191,0.5327346820289356,0.0006570975324001459,0.2650633493274998,0.010770685639776303,0.4858460795383824,0.25482732068613606,2.0,4290
107,0.5833382932634993,0.5292069744085633,0.000547333861020586,0.27843076226362035,0.010447995258148518,0.4486394300663332,0.3174049874931824,2.0,4291
108,0.5275148849460438,0.4925608268661044,0.000697089477377708,0.30810921925264023,0.011426205781365039,0.47373941097690636,0.39952536012602063,2.0,4292
109,0.51381109049937,0.4855785310418358,0.0006654138592684833,0.29410879279133256,0.010851205512480764,0.46247916421294416,0.4468853350761741,2.0,4293
110,0.5113491858604716,0.5113491858604717,0.0007054141794502118,0.29781640619879063,0.010653193730472587,0.47558900582466906,0.40255498733885003,2.0,4294
111,0.5348122230112851,0.5158272101623429,0.0007992310447104687,0.3162203485915928,0.011040743612175217,0.49955434200610677,0.31340993778683224,2.0,4295
112,0.5368699748127482,0.5040324892601188,0.0009385915757796639,0.3217914948961772,0.011302757708332575,0.5040324892601188,0.3162194336399641,2.0,4296
113,0.5036246029922424,0.4779545674147661,0.000942474736177874,0.2992977336533288,0.010656578376607715,0.4471505247217945,0.4777912878003844,2.0,4297
114,0.4933976855479864,0.47325260482792025,0.0010337464932036096,0.31944496759645435,0.011094392280616145,0.4517645187265164,0.47574181447996494,2.0,4298
115,0.4677447275702043,0.4893887745094695,0.0011440161212569813,0.3028362388366823,0.010874303776249157,0.458832472948154,0.4892411595260815,0.0,4299
116,0.5105296501597397,0.4910986325162001,0.0013532874606813042,0.2831930017070226,0.01041953120015894,0.46559542185905434,0.4484348763858195,2.0,4300
117,0.5076682514586912,0.4835156122631219,0.001417654909305158,0.28644018864336424,0.008696505835957017,0.4593629730675525,0.4640534856069819,2.0,4301
118,0.3038704134451018,0.5120733138174632,0.0015875385115466233,0.35464944247876795,0.01194317434071229,0.4748449806382993,0.542258748872675,0.0,4302
119,0.18479877521515212,0.5116573323459109,0.001531177547677395,0.4475823369054485,0.012629822303420262,0.4760000352043737,0.5262968251806578,0.0,4303
120,0.2533432483409772,0.5176266026276226,0.0016537369452754276,0.3866922691002912,0.00861330962825971,0.4860275059194368,0.531083164232675,0.0,4304
121,0.29698770291147636,0.5466629232063529,0.0012019724272784075,0.3553022118920497,0.009259794553005435,0.4946472523115869,0.49188941662042723,0.0,4305
122,0.5171953264663232,0.489648789422168,0.0007416716576139694,0.3098839034903458,0.008903608559585881,0.463204113859779,0.42671670723974636,2.0,4306
123,0.49448983573462524,0.5262181738666637,0.0005601909251515898,0.30960858317319495,0.009408287980721816,0.47635935680203173,0.3946006773481486,2.0,4307
124,0.35412420666096883,0.5285318899591486,0.00038421803553566596,0.3272855041888557,0.010295873145141018,0.4897746270039975,0.4981455092807441,0.0,4308
125,0.3991478545535769,0.5148131917807216,0.00038043897535909474,0.3017138663487187,0.010190612761832418,0.47789872245290943,0.506088854236419,0.0,4309
126,0.4684976665963619,0.536752121328853,0.00035524661567117786,0.29397540656607934,0.009214822434122543,0.5026248939626073,0.3914955092890286,2.0,4310
127,0.39574930839347844,0.5952868264053572,0.0002783378201341119,0.2912764355671108,0.009303850958306414,0.5597005174605636,0.30136822814859093,1.0,4311
128,0.49626984506802696,0.5600856232035019,0.00026876458028070684,0.2886294446996897,0.008861326308666834,0.5502678111826595,0.23203473844910966,1.0,4312
129,0.48580503055711444,0.5524215764694912,0.000222208400213817,0.2797757005864518,0.008804050063643992,0.5429049270534373,0.29279021671621613,2.0,4313
130,0.4624648040344648,0.5884658625075159,0.00023108773733613577,0.2720635385662262,0.0081425549074375,0.565135394847027,0.2153399534796196,1.0,4314
131,0.49938352258748414,0.5771969377360819,0.00026167538841237345,0.25768760291572296,0.008355184584941559,0.5680456702793506,0.16825911753358164,1.0,4315
132,0.490796891435779,0.5796439622313131,0.0003006423905265035,0.2532568031425551,0.008548386043886124,0.5717711160167426,0.17887678906705526,1.0,4316
133,0.45408375558142755,0.574437288106855,0.0003913390596794836,0.26290530733134077,0.009051113394586913,0.6056791897046004,0.1666768960754875,1.0,4317
134,0.4825214163484155,0.5628661809421589,0.00035769668806535384,0.26605784081014267,0.009288698037952433,0.595945514020373,0.1559823929839034,1.0,4318
135,0.5037081352090581,0.57978225885167,0.0004221628563345743,0.2682298401879715,0.009178272814059718,0.557545207325368,0.16505248423755808,1.0,4319
136,0.4922328760722521,0.5766759884765966,0.0003899404878006823,0.28460256433464876,0.009812502428912554,0.556807020852045,0.1844518492037689,1.0,4320
137,0.48852781764599007,0.5368510668648016,0.0003229331469534105,0.28090514871978717,0.009641305278922305,0.517521767177277,0.35538987360263163,2.0,4321
138,0.4801612379991285,0.5596867107160253,0.000365886692969389,0.2918271609046851,0.009923660194869762,0.5445390016270926,0.27278479123947813,1.0,4322
139,0.46993988204251635,0.5406107116118593,0.00032108324913607603,0.3090141768789928,0.009896679894257533,0.5305148788162388,0.331455457386649,2.0,4323
140,0.46137989910813415,0.5840243992900991,0.00023907309976991202,0.30750413651013986,0.010020281225138922,0.5452945571273733,0.23246220883714402,1.0,4324
141,0.5427550691693847,0.5047877704158996,0.00033259598263922464,0.36173970561798674,0.011682433890202765,0.5351616094186876,0.18225281625151157,2.0,4325
142,0.3851772368188415,0.6299347057425729,0.0003894423341896656,0.33243829903219274,0.011542507736223824,0.5600040003357925,0.17483614766958216,1.0,4326
143,0.46278764258061417,0.5628799140539799,0.00027438836785314175,0.2679200938109533,0.009390606099813115,0.6010064655871402,0.18951409739686184,1.0,4327
144,0.45664531976446915,0.6071649487493538,0.0003057826175988638,0.2584124152652252,0.00918466569690246,0.5793778856391352,0.1424275767874513,1.0,4328
145,0.45389314455099833,0.5935019180616043,0.00028449766451507934,0.2831487874763295,0.009688836546772281,0.578676207600301,0.16310469951006817,1.0,4329
146,0.46914920665996046,0.586319565954144,0.00023585015960987026,0.27483619099338186,0.0098152974757641,0.555806451554617,0.22710404952433758,1.0,4330
147,0.4961250964925077,0.5749188351083216,0.0002946937395635864,0.2836304454241367,0.009990936364926586,0.559668434085906,0.17191082086499965,1.0,4331
148,0.42461691050904216,0.5924147270343584,0.00038290473510984224,0.2856530425738855,0.00999625765914418,0.5570001124913269,0.2771252653084339,1.0,4332
149,0.4147527879224074,0.6033610611945281,0.0004317025852799423,0.2790171395764847,0.009781942911619709,0.5786525537789664,0.2261644087786404,1.0,4333
150,0.4129350714254348,0.6006422317802094,0.0003141975097047883,0.28425925965032256,0.00958501263782962,0.5981724007229098,0.1732282232145178,1.0,4334
151,0.4259928748321457,0.6261569803408469,0.0003203014915268161,0.3082638316743716,0.009471193470970156,0.5544013373403204,0.154855635030066,1.0,4335
152,0.4736305396785968,0.574815165814746,0.0003478950892090259,0.33482039908419553,0.010723095471189594,0.542454316915347,0.19693944663945376,1.0,4336
153,0.33242521661666113,0.5088372610460983,0.0002523171637952163,0.25624131325172367,0.008764051416579297,0.47377399755701766,0.5834208030994116,0.0,4337
154,0.3160214876062029,0.6208353790948677,0.00027556133366209775,0.3090721752229119,0.010430427043694247,0.6128139608977977,0.2086106936968042,1.0,4338
155,0.38057965358953916,0.6127156608859562,0.00020539010749802435,0.28337878521609916,0.010183241529752047,0.5872062095347016,0.233495689808054,1.0,4339
156,0.4142161553769475,0.6005203197671435,0.00021931524710267953,0.29446589243535426,0.010051259154951106,0.5966657508487256,0.1580476707139574,1.0,4340
157,0.4042648859465439,0.6029028248531887,0.0002968708210954664,0.28975010266834555,0.0102106837340159,0.5925165273940177,0.19478907143032956,1.0,4341
158,0.390290416424942,0.60770215475638,0.0003563142001639589,0.28925462473658964,0.01006380456044484,0.6025563147958725,0.17756048095612353,1.0,4342
159,0.40683222453854156,0.6074996614690202,0.0003069791708276244,0.2698589263551788,0.009912195858039347,0.6062454899882048,0.15803772418160042,1.0,4343
160,0.410438538395244,0.6128847669620348,0.0003830504324733962,0.27478571023985165,0.01010193640533563,0.5977012998195255,0.15184282143429456,1.0,4344
161,0.42644573749962844,0.6306013376464982,0.0004992274118899598,0.2888274103350193,0.009810021581610023,0.5549907079221238,0.17015740164527426,1.0,4345
162,0.4430680890263127,0.5960464735139474,0.0004442954000819846,0.3084795750341506,0.01096001969608183,0.5578018773920386,0.20493015354672614,1.0,4346
163,0.3615849617748949,0.6077627828953451,0.00031273260510917807,0.310706450202837,0.010809095956872154,0.5817773462215199,0.25448065155186994,1.0,4347
164,0.3787113858644522,0.6089664882658259,0.0004224658102909114,0.32541103185227066,0.010891977566383233,0.581056778883841,0.20518130712889496,1.0,4348
165,0.31875007768991415,0.6022335748629373,0.0005403412151577553,0.35416105973844225,0.01128893909426569,0.5660749655296434,0.299523712469538,1.0,4349
166,0.26493215332850284,0.6174245039514391,0.0005652554468524004,0.34248803873931427,0.011482490353424286,0.5748316782511677,0.31738975086484694,1.0,4350
167,0.31465793212192755,0.6404952352360788,0.0005199707438243552,0.3334430569942729,0.011366087759324201,0.5700439264546405,0.23343613843318223,1.0,4351
168,0.3087139549174166,0.6231134268555502,0.0005113421363245006,0.36656902682680503,0.01173302377160426,0.5853854902229741,0.19808685570131102,1.0,4352
169,0.262726635499756,0.6122315023260482,0.0005728599439009274,0.3638389281418833,0.011208457060272093,0.5623022356365778,0.32780905272285127,1.0,4353
170,0.2589187755569251,0.5912632249211563,0.0005123488241070793,0.379904116695082,0.011408638667493282,0.5739372109732581,0.3309190036258739,1.0,4354
171,0.2681987954816089,0.5924616027436335,0.0004258411239311801,0.37966270967059534,0.010899504957762346,0.5767206897697489,0.3165266935106082,1.0,4355
172,0.3013923799011869,0.5880847229924281,0.0004742761146850518,0.3715902903651563,0.011253966742606468,0.5708518499104409,0.31502529545309127,1.0,4356
173,0.3079183874208915,0.5971804946124559,0.00047065258315857726,0.3573466128295144,0.011062761748469653,0.5610227312135103,0.3255702853335812,1.0,4357
174,0.29199483571262236,0.6120153965844067,0.0003818970921376539,0.33314769826779317,0.010147879960356574,0.5777274793481442,0.308733891389692,1.0,4358
175,0.3260466296049912,0.617882199231611,0.00037957060337910414,0.32296261845253593,0.010361373732717689,0.5996424761299471,0.2189331609407058,1.0,4359
176,0.27774472981442977,0.619421660766357,0.0004324141604208917,0.3279838158719323,0.01071736171795866,0.6069095478019201,0.2512907473873904,1.0,4360
177,0.25250931192951853,0.6142255470493265,0.0004287867878365663,0.329531867673645,0.01125911113867629,0.6247239074353896,0.24488336196089835,1.0,4361
178,0.26158777463277577,0.6077548805650453,0.00042492992333493135,0.3251444975745919,0.010959079796976695,0.6304543629212597,0.24268067761385165,1.0,4362
179,0.3402362441890662,0.6034989327386332,0.00045584244723142884,0.3272173838961366,0.010983523766041278,0.6119912775305547,0.19571139629434164,1.0,4363
180,0.3159103221595756,0.6016435808459609,0.0004505818451914164,0.34523151852999473,0.011228785665881329,0.6046045472572187,0.23101498085128805,1.0,4364
181,0.28856853426007606,0.6041226887209047,0.0004242711768308437,0.3572017971911307,0.011610723426411522,0.6010590561533238,0.2505271965328361,1.0,4365
182,0.30801614469162386,0.6079194486487487,0.00041741208684829503,0.34539151416575525,0.011100249332814545,0.5913418790832794,0.2577907926601569,1.0,4366
183,0.26165671816469915,0.609752175338058,0.00047695086230211347,0.34684653429681533,0.011181301658505217,0.6051719719541981,0.2703278815221195,1.0,4367
184,0.20235017057671056,0.6237175104542814,0.00045394635286531525,0.3449896714123161,0.01042165258525529,0.6059132566566375,0.289436194586925,1.0,4368
185,0.2669195881713599,0.6220562217575647,0.0004813311861541422,0.3480167445553703,0.010918116311674653,0.6042993900782545,0.23534473892517904,1.0,4369
186,0.33437580352965085,0.6074802425726324,0.0004642140223489577,0.34469112775258404,0.011507621290861005,0.5953422675040555,0.21397090229081406,1.0,4370
187,0.28627015423711527,0.6354125105715855,0.0005111145605833264,0.3700724975903575,0.012225860289153167,0.5719320821471364,0.2238093993610299,1.0,4371
188,0.32620633953879496,0.5931839383750751,0.0005505017060957822,0.386127139528973,0.012378424077068016,0.5769048164948142,0.2442444998112201,1.0,4372
189,0.31031933444425686,0.6002400256160166,0.0005570500763620769,0.39402008734677574,0.012586679106371691,0.5738835991458566,0.24220006796340857,1.0,4373
190,0.30827888729085406,0.5892152870759575,0.000639621783602187,0.3991992425893649,0.012593561672100202,0.5814269512403307,0.24538364106546756,1.0,4374
191,0.3371098177934339,0.5825663905643939,0.0006308457202952018,0.3888208435379638,0.012166684265278414,0.5711876090452104,0.26341604367114835,1.0,4375
192,0.3879510290267069,0.565684963790495,0.0005577347967318178,0.3542325358769202,0.0118592030462976,0.5413794684381822,0.33283802477070756,1.0,4376
193,0.3674539302207284,0.5653530005748941,0.000590720291697757,0.38162603546452983,0.012493215993713088,0.5540904518555512,0.304207995831983,1.0,4377
194,0.3281348107233906,0.5734171334446404,0.0005544433935948074,0.36135970842009185,0.011952425723866823,0.5307593381887709,0.3887040715395951,1.0,4378
195,0.2964453817387236,0.5781250031352563,0.0006056318383016339,0.3606474246475529,0.012353369086696507,0.5734041156258172,0.3447894997768766,1.0,4379
196,0.3312687774098288,0.5784804606436026,0.0006060042082615048,0.36086916706357275,0.012257005618142736,0.5895026376030702,0.27880250511967375,1.0,4380
197,0.2940195115666396,0.5858801087295407,0.0006383751554709661,0.37019727126083235,0.012244739202576956,0.590562364298999,0.29040791669100263,1.0,4381
198,0.4330380153211684,0.5455988027370293,0.0006391705023190678,0.3394329262352775,0.011858043796755242,0.557447306675541,0.2978200645768331,1.0,4382
199,0.4485095046551783,0.5347070881394113,0.0006494066848651097,0.3527691130154847,0.012316419149216523,0.5485602711993773,0.29565354721645143,2.0,4383
200,0.4662832024678881,0.5216891317694032,0.000631777580928622,0.36117904437653003,0.011868737608132356,0.5156993015746448,0.3374656828083923,2.0,4384
201,0.45952801519892866,0.5229858424093761,0.000572719782710475,0.3441285436287185,0.012110290509097843,0.5082282081743883,0.37209200289491834,2.0,4385
202,0.5130953824007859,0.49773254491944835,0.0005442551120602695,0.3144894952481812,0.01160927639857484,0.48097308584889814,0.3982732966725336,2.0,4386
203,0.5284927080948849,0.4849486918780998,0.0005719096332820519,0.3064120899602644,0.0113571173536432,0.4686196857968053,0.41460599820905597,2.0,4387
204,0.5278813630883115,0.4884652466144806,0.0006369087619459615,0.303339288498758,0.011424961296762607,0.46807760016249894,0.41412639403889784,2.0,4388
205,0.5185165693139356,0.4735396054467557,0.0007149213517924811,0.32815824584989645,0.011840592846027105,0.43581699059041124,0.45731369437421077,2.0,4389
206,0.5327068301229471,0.46701825643794587,0.0006690502875324192,0.3895194907208507,0.01298433561970031,0.4276051122269451,0.40419893003346913,2.0,4390
207,0.5429134179928813,0.5027451234874359,0.0005929297363927774,0.4070354834929801,0.013324748257844962,0.44918739748017567,0.29131985516559866,2.0,4391
208,0.5381311759323377,0.47623643849934955,0.0005717879803539031,0.38633982731288313,0.013397674328659348,0.44691787866267096,0.36666035384226237,2.0,4392
209,0.5726790020725231,0.48817070643241,0.0006228469702200817,0.37788492063823076,0.013336252774124103,0.4361656014231098,0.31703695885425126,2.0,4393
210,0.5428698960422429,0.4862464609842012,0.0006189259480311003,0.4276004643459865,0.013566635735860281,0.4399181959367126,0.3038125116774984,2.0,4394
211,0.5414805886066905,0.4829204081657706,0.0006212693198240997,0.41025131241259555,0.013789960081095645,0.4605297509383601,0.3049628038449058,2.0,4395
212,0.6013227905282553,0.496040316427656,0.0005385292792869536,0.35483594484573056,0.01249088745012795,0.42172327588605646,0.29738783533957325,2.0,4396
213,0.5409840549032093,0.48017653956558426,0.0005483447437853485,0.4248384832794913,0.013630283631235805,0.4523788182683841,0.30240093548856284,2.0,4397
214,0.5568047961778674,0.4818508359413961,0.0004339628925443808,0.41057865005440974,0.013638044024292835,0.4469486101824286,0.29877101308994986,2.0,4398
215,0.5461673874286074,0.47557757149596397,0.00049105958909665,0.40183951797544537,0.013692378209311592,0.46823623063896913,0.3076024547189699,2.0,4399
216,0.5562884604166721,0.48567463105183634,0.0005141663693861882,0.3472056726502174,0.012752809132996853,0.4488326331223567,0.36400259803473256,2.0,4400
217,0.5359137033070636,0.4982635942377599,0.000569377830915746,0.38171775146795484,0.01320640246707355,0.4720722140156355,0.30950693526376066,2.0,4401
218,0.5093049022793371,0.5108605863221076,0.0005811895296662954,0.35653472517744184,0.012736067106997612,0.4859696416377787,0.3408576386401501,2.0,4402
219,0.5987003809249156,0.5232064815113213,0.0005096516187341623,0.315291999582404,0.012175530414529895,0.4419053590659121,0.2701387364437269,2.0,4403
220,0.5293355765016667,0.4812699824995511,0.0005624422701267417,0.37361130796813524,0.01311677294185484,0.4780656095660768,0.3462348174712781,2.0,4404
221,0.5546872933816636,0.47164648816809013,0.0005348844136139998,0.34905098056776135,0.01248225717951943,0.4505088286591805,0.38068453104745115,2.0,4405
222,0.532381103171732,0.4792029360381233,0.0006019504568027135,0.35845520047312046,0.012996085176159002,0.4698185536027805,0.3708720027829003,2.0,4406
223,0.527214299874911,0.47848305536942104,0.0005847445577252184,0.36026846296350024,0.012904882057502877,0.4659072503357462,0.3821900554738915,2.0,4407
224,0.5242899051475085,0.4766824764407995,0.0005903014509527531,0.3753448386097069,0.012930412735155545,0.45605259066789217,0.38582205050973417,2.0,4408
225,0.5337832841786609,0.5024196210278176,0.0006010106143237296,0.35939929685622624,0.013090920271656365,0.47732869050714294,0.3247578531281047,2.0,4409
226,0.514955181914354,0.48364486581776317,0.0005474083329516685,0.34170284544889196,0.012503958763211795,0.4746990612187372,0.3983115896345693,2.0,4410
227,0.5127437994400644,0.48750619883447444,0.0005354951724592365,0.3402354639943905,0.012450262759677248,0.47562968090243213,0.3966011121026221,2.0,4411
228,0.5208920844188795,0.49028423224186096,0.0004741036837480057,0.33403655682368155,0.012228119763995593,0.4669639639165135,0.39812974195135753,2.0,4412
229,0.5016918570679769,0.4785179026467323,0.0005037816178531456,0.334842184021781,0.012179387076060769,0.46693092543610987,0.4347798624633988,2.0,4413
230,0.5075664734959273,0.48967253296998964,0.00048264654397657937,0.3387650468866459,0.01247677334578262,0.47476091586504154,0.40284177835935736,2.0,4414
231,0.49108270716274016,0.49108270716274016,0.0005018207417382693,0.335467165852033,0.012071576731815034,0.4622280145127897,0.4374204132151914,2.0,4415
232,0.5174519415745158,0.492837797130412,0.0005735606264326532,0.3260342429180345,0.012072751722228771,0.4725673252352678,0.39948730785760483,2.0,4416
233,0.5130552492485166,0.4972637769362783,0.0005155172486647858,0.3232639909609371,0.011942430971310685,0.4771655394479749,0.396451258115549,2.0,4417
234,0.5095445359647887,0.49559297583362594,0.0004508750067375572,0.32499256413480954,0.012006290127867117,0.4797170625809236,0.3985711818580277,2.0,4418
235,0.518039537857938,0.49802604806884754,0.0004650017181270151,0.3219008923564816,0.011905885575014468,0.48373069821949727,0.38189992592708816,2.0,4419
236,0.5179159169951905,0.4876431827845566,0.00046310946054914907,0.3098534666284728,0.011544498992636681,0.4656266488131865,0.4254602124908209,2.0,4420
237,0.521734102690299,0.49277870604628904,0.0004692786739873825,0.3168939614948066,0.011781602094048613,0.47409780498563747,0.3995411556558921,2.0,4421
238,0.5193633601040781,0.4992987269155567,0.000470805747694774,0.3198571166471054,0.011940926169474318,0.4849668460666129,0.37857397857284286,2.0,4422
239,0.5130124171956861,0.5045184416070303,0.0005083619313661484,0.315945800519103,0.011783510418079018,0.4790365148410625,0.390950842069816,2.0,4423
240,0.5134156851679438,0.48819214598611116,0.0005709031502060873,0.3127420996034089,0.011664025230890376,0.47978429959216706,0.4122326920642247,2.0,4424
241,0.5134237850406206,0.5049229984113043,0.0004608585343859107,0.3161991471023808,0.011799803662593717,0.4879214251526715,0.37849718244862673,2.0,4425
242,0.5167596425313132,0.5000172124586925,0.00048528782819190497,0.31137954287235586,0.011619947441706168,0.4804843773739683,0.39368076380904965,2.0,4426
243,0.5136165740548525,0.5025228419242114,0.0005135987097519046,0.30948565034502373,0.011522475401390555,0.4775619446302688,0.3996110587171406,2.0,4427
244,0.5148897484593805,0.4927667450401702,0.00046757555535770776,0.31043009085277296,0.011586967571816719,0.46511299076615714,0.42336517332350465,2.0,4428
245,0.5206105210574764,0.5004977061353573,0.0005320850508497137,0.32254070417203823,0.011930272205356408,0.48325815048782655,0.3751708559408686,2.0,4429
246,0.5074444369145934,0.4934414598738912,0.0005366680411734502,0.3125166827663578,0.011655618087502371,0.4738372920169081,0.4203463707029729,2.0,4430
247,0.5111288936596058,0.5054870336709351,0.0006427722933952562,0.31760673646367155,0.011774316498095435,0.48009866372191673,0.3895154672371478,2.0,4431
248,0.5074442309408255,0.4934412595839888,0.0005569619847244218,0.3125165559145608,0.01168943695875062,0.47383709968441745,0.42034620008266554,2.0,4432
249,0.514667771103102,0.4982152170616701,0.0005077948778219724,0.3142190547886033,0.01152915153037539,0.46393906280868696,0.4156830947888833,2.0,4433
250,0.5064424311330842,0.4870905803557112,0.00048079132366144324,0.3126434617538842,0.011596864797574625,0.4635919044117581,0.4398417033771859,2.0,4434
251,0.5169834538269888,0.4802962698574271,0.0004907984477533343,0.33468818592719957,0.011611018833423786,0.42949863051495707,0.45323646099495285,2.0,4435
252,0.4977011277222546,0.4943651420526716,0.0005479396751971976,0.39563393332277663,0.013360058551131674,0.45433331401767646,0.38049038484845404,2.0,4436
253,0.5503675013680125,0.5016152900001832,0.0005251779113420447,0.40211302551931616,0.013567998410548085,0.45454418936917557,0.27746719175728984,2.0,4437
254,0.5566865092177407,0.5055178443664129,0.0005218489705717803,0.40114255710499824,0.013765826528977699,0.46117166816192884,0.24651046740399174,2.0,4438
255,0.5539789570807575,0.49813827058777427,0.0005177246100457141,0.391198165083279,0.013512612322193139,0.45921900424417983,0.28436705423353015,2.0,4439
256,0.5676561917808829,0.4997513326712325,0.0005549390659927149,0.4015298516805022,0.013427885183035544,0.4493885621649084,0.25427964089381455,2.0,4440
257,0.5610342232466479,0.5032977507478676,0.0005469022686253683,0.3925828554873481,0.013568645284595386,0.46933511986623233,0.23948029989701944,2.0,4441
258,0.5618952352632476,0.4969648592707598,0.0005050672004655973,0.37832723212981445,0.013320482850174255,0.4744043049004886,0.262547222044135,2.0,4442
259,0.5548568782397965,0.4910383850405513,0.0005138364991887688,0.3865808335607292,0.01351660433129193,0.4708851766618423,0.28223145818599954,2.0,4443
260,0.543021155725238,0.48896026556773325,0.0005504095616264586,0.4014198713606843,0.014035443821474694,0.4610578706477308,0.30353964038879544,2.0,4444
261,0.5583807282102663,0.49641172691029545,0.0005765589671852711,0.4082924501467389,0.013651696698978174,0.46198450396586727,0.24792589972588952,2.0,4445
262,0.5573364800507655,0.49998054520813967,0.0005514471333263735,0.38999536523711403,0.013479215150568795,0.46624176000659506,0.2640752646547952,2.0,4446
263,0.5650671449510927,0.4920231447777367,0.0005426706205237623,0.38046289681863493,0.013296766829976324,0.470441962908336,0.2690122522853533,2.0,4447
264,0.5552410838822941,0.5010243751923449,0.0005674856787192754,0.391690619956786,0.013529622503696569,0.4716569913186223,0.2541981162113154,2.0,4448
265,0.5573333641303394,0.49163929456616484,0.0006013187145462204,0.3996709378358457,0.013780220541684216,0.4778089641316018,0.24380689991911517,2.0,4449
266,0.5499759060574209,0.49311026542111414,0.0005933805979440706,0.3978122425383373,0.013565339780776944,0.47150132197931766,0.27132327840992626,2.0,4450
267,0.5334350201512179,0.49192031282960014,0.0005654512604863413,0.403364517394222,0.01384659219644139,0.47808207705572753,0.2863634595347724,2.0,4451
268,0.5409672889173378,0.48934552305656703,0.0005763460708019498,0.4046946939075307,0.013749178862111898,0.47557971882702815,0.2788406624852972,2.0,4452
269,0.5371950531735593,0.49850959889887564,0.0005525332683634728,0.3854786265687558,0.013574984024694734,0.47159797853387825,0.3028640689627624,2.0,4453
270,0.5400994185574772,0.4863294041981436,0.0005418618661737433,0.40793819215674015,0.013895684454713264,0.47245327146025107,0.28628182389352586,2.0,4454
271,0.539059797015816,0.49924270595790654,0.000540818852148319,0.40369060814225816,0.013902389771462203,0.4767373936208272,0.26407013705464777,2.0,4455
272,0.548455088335626,0.49652174235028795,0.0004909806747354169,0.38729742609376305,0.013485782379133787,0.4496142040409505,0.3167472799087046,2.0,4456
273,0.5530193347451239,0.48038326924895286,0.00048418603371600335,0.40066666304624954,0.013497365726397799,0.4601127393430447,0.30163157812752905,2.0,4457
274,0.5297237342618714,0.4926545772717996,0.00043412861355668857,0.3895381783367472,0.013664198111696774,0.4791748838208645,0.3084619464512009,2.0,4458
275,0.5208363721840171,0.49916148155748186,0.0005181783588407408,0.3854548925664756,0.013424309814526962,0.4874903866047321,0.30522853225289953,2.0,4459
276,0.5400439276705844,0.5094495716926841,0.0005963812081462044,0.36420222492956333,0.013094456961471008,0.47563475719079434,0.29961673304910397,2.0,4460
277,0.5432570654415284,0.4896654390455729,0.0006634229113025883,0.3894130678880022,0.013451843421045977,0.4762675324465841,0.29401501071557223,2.0,4461
278,0.537165284925932,0.4974222749948546,0.0007146488634949504,0.38504640781051064,0.01336500038745034,0.49079844000634165,0.2733158578835016,2.0,4462
279,0.5384841016987536,0.5098560172778934,0.0006842206802849866,0.34531792787063786,0.012238330182118697,0.4887616392835755,0.30298359301385613,2.0,4463
280,0.5694555211951586,0.5052928446858924,0.0006153371731788649,0.3210682423456707,0.011785543693757885,0.5081445191974153,0.24282628394859537,2.0,4464
281,0.5736073538459677,0.49730257310472575,0.0005300448916381942,0.33690617030508424,0.012198260392564442,0.5152566391614886,0.21099882488635513,2.0,4465
282,0.5579108347501264,0.4977758418047413,0.0005597577993031012,0.3361451867941573,0.011958032649247262,0.5285766918499386,0.22005567054375205,2.0,4466
283,0.5832814804554627,0.48321887592060525,0.0005260466564066101,0.33724566792683774,0.011757853644547745,0.530307160407597,0.17658817556481893,2.0,4467
284,0.34704031769340044,0.5202148014935992,0.0006652066020908069,0.4278701819282423,0.014611306587409428,0.6074033436846716,0.2381468683808324,1.0,4468
285,0.47874726740394813,0.5315303123423155,0.0005749787030323232,0.3495770518140346,0.012374541652217389,0.5532645073169373,0.2445759410107144,1.0,4469
286,0.5614220414331232,0.5281747094246763,0.0005516780568509375,0.3197172198669885,0.011322202820771983,0.5151648838561536,0.19517764434952492,2.0,4470
287,0.4909862392683792,0.5449764921646871,0.0005216449555198835,0.3317034011141482,0.011862592692192905,0.5449764921646871,0.2340205531471655,1.0,4471
288,0.43246220632503823,0.5708460963242129,0.0004897591265388141,0.33634208015053063,0.012150923929427977,0.5708460963242129,0.21902517897942309,1.0,4472
289,0.465814339142336,0.5549341138326124,0.0005424195462739599,0.3371125318219425,0.012069442998257348,0.5670181510787515,0.19941093830776582,1.0,4473
290,0.4428410263109421,0.5689925005673916,0.0005186107779416416,0.33419565319929684,0.012069052666383827,0.559098267292376,0.23604199121743863,1.0,4474
291,0.4152520979555177,0.5891511952376266,0.00048347189742194147,0.33468701112819116,0.01190968396817614,0.5742880245297541,0.19622018102150013,1.0,4475
292,0.47010841628221817,0.5834466947747174,0.0005261956589776614,0.33144637913874,0.011794367563391186,0.5481204781017307,0.1677971589459711,1.0,4476
293,0.44340097040094567,0.5707874781940554,0.0005079440537720808,0.3414849264580418,0.012166236903329358,0.5647214540134312,0.20476006259942994,1.0,4477
294,0.4774644226715484,0.5870845668999671,0.0003897238329219977,0.3091747941364253,0.011661912576907072,0.5472226962714511,0.17939217278713038,1.0,4478
295,0.5695231766981832,0.534299122231479,0.00029669710191203844,0.2887953599772928,0.011099962165650379,0.5329443509058366,0.15037307235730135,1.0,4479
296,0.49050845482683864,0.5767977927458225,0.0003626888845089529,0.3117664230748452,0.011634305775806672,0.5504722320247767,0.1623338924119033,1.0,4480
297,0.40908729071935823,0.5979757082265027,0.0003348207478062955,0.32971826824113487,0.011761168239843679,0.5804046926444428,0.1713197598176748,1.0,4481
298,0.3546376613237987,0.6201987882582121,0.0003808986359943806,0.3136968999580223,0.011599882386969969,0.6042360975681654,0.1610710501952188,1.0,4482
299,0.4192941460137257,0.5938916543953495,0.000338300816156479,0.3073280049475581,0.011456511422812652,0.5995696221475976,0.13198303462753444,1.0,4483
300,0.34008637146915566,0.6335827124858084,0.0003104457523936051,0.3114882940994045,0.011152879492707574,0.5990537311897316,0.16401034439701856,1.0,4484
301,0.34847781318070425,0.6154034629164722,0.0003573883746846666,0.33167090042526315,0.011083869187855536,0.6004076398976089,0.17094996762872702,1.0,4485
302,0.3820638467188496,0.6326131500619633,0.0003484436219820788,0.3034623012548922,0.010893447971439724,0.5813644289235991,0.15373699384609293,1.0,4486
303,0.43276366520573667,0.6035300308091044,0.0003480292777242548,0.3110995043657367,0.010503179869098036,0.5661748883333677,0.1761242978172214,1.0,4487
304,0.515961914057294,0.5790792150554465,0.0003769081983920808,0.26977310173002617,0.010481435854161798,0.558040114722729,0.11897170806099693,1.0,4488
305,0.4192822169428336,0.5995665933511846,0.0005220951630962325,0.31574817074354383,0.01089142017364876,0.5821197182148926,0.16137891254287087,1.0,4489
306,0.40994153420798385,0.5987619247217515,0.0005254132605600491,0.3295630352174919,0.011709904797852205,0.5745929147359893,0.1858114266095418,1.0,4490
307,0.47334858201493785,0.5727209440378861,0.0004994560722375287,0.3450659568591726,0.011671755008502248,0.5426081070612352,0.1852060701266036,1.0,4491
308,0.5659251199261011,0.5323246024447363,0.0004516767735365137,0.3348101133503318,0.011560102422700147,0.47973248812607855,0.23234535528701725,2.0,4492
309,0.5691575750501289,0.4824726275629147,0.00046372034464625054,0.34751107990984986,0.011831966548856626,0.4413340084164402,0.3572113524254092,2.0,4493
310,0.54561402332609,0.49631790461807945,0.0004354660589803558,0.3227937523239698,0.011626036553819292,0.45124716751361266,0.38473199505675376,2.0,4494
311,0.4965349650677124,0.5064344832778926,0.0004543257149599588,0.3373487992976368,0.012285923807706675,0.47871583228938813,0.3922409104166936,2.0,4495
312,0.4991165534706754,0.5090675413319462,0.00045668784870566304,0.3391027457652365,0.012287306750438681,0.4812047753203881,0.3808319970356524,2.0,4496
313,0.5040863438110844,0.5099754910127905,0.0004267497972250738,0.32858311887006597,0.01218133587856905,0.48641890220596634,0.375637025678544,2.0,4497
314,0.5040858948849033,0.509975036841888,0.00042674941717280875,0.3285828262424903,0.012181325030188286,0.48641846901394903,0.3756390619760787,2.0,4498
315,0.49944190333117944,0.5140291209950238,0.0004697976703331572,0.3255556916107679,0.012069102150858808,0.48485468566733486,0.3809401389663438,2.0,4499
316,0.4917270697978041,0.5089613380892782,0.0004810423785059885,0.32052686253201423,0.011878046423109405,0.4888546917492251,0.3966171283744446,2.0,4500
317,0.559812614565466,0.4905945385615407,0.00042801515596630114,0.30618688370818464,0.011480614860554432,0.47675092336075564,0.35320390274196206,2.0,4501
318,0.5581937320828608,0.49791809142656257,0.00042677740922702627,0.3053014435277711,0.011420741294835734,0.4808936738366157,0.34043945022079625,2.0,4502
319,0.5382646848448268,0.511643172648473,0.0003965362122645286,0.2944013446190973,0.01112016145528851,0.48502166045211925,0.35559867108593274,2.0,4503
320,0.5315149520087099,0.5110417163295027,0.00041210216745586213,0.2830111635003133,0.010780592700645353,0.4841705945005433,0.37642442230837087,2.0,4504
321,0.5329478237098043,0.5043773300527092,0.0004182476014799444,0.28463004023514654,0.010899532494567352,0.4887934244215666,0.3761886226751212,2.0,4505
322,0.5364215835183949,0.5045851562808045,0.00041013110773063213,0.29073596119159073,0.011101309202479663,0.48866694266200933,0.36633252318423165,2.0,4506
323,0.5243178928149892,0.5137358535570252,0.0003663668986251621,0.28991123897835064,0.011025087600487437,0.4872807554121153,0.3735685642312765,2.0,4507
324,0.5121922235824831,0.5199452084012076,0.0003911865662695175,0.2832065893014838,0.010899123585743258,0.48634894085340113,0.38788644981152043,2.0,4508
325,0.537379795560741,0.5015871368978762,0.00038699216865761366,0.28016997929421894,0.010776085121928762,0.4709077151868492,0.3990836154591819,2.0,4509
326,0.5240804952928825,0.4983759008424814,0.00043135093662000177,0.29651237666465635,0.01130444449556156,0.47672992656845947,0.4020473939509329,2.0,4510
327,0.5225880468441848,0.49452083152827225,0.00040677123646250057,0.3103890518229136,0.011638177043232657,0.47861607618258845,0.3959804994952315,2.0,4511
328,0.5104689018880523,0.5049856380943661,0.0004900501458125301,0.30319093480788745,0.011368280409615003,0.4775693191259353,0.40532003411492584,2.0,4512
329,0.4112018276086871,0.537778337895721,0.00044083494201753237,0.3270047237636718,0.0113811257611193,0.5009828407192577,0.42855792589037733,2.0,4513
330,0.3046796751794576,0.5834129954976464,0.0005100521891344399,0.3629582383099587,0.011012026763412555,0.5454039063633477,0.370774788108444,1.0,4514
331,0.38965878460179765,0.6195779256591837,0.0005980802628768867,0.3186011533695199,0.010601684659805766,0.5547289371558183,0.23440474302896266,1.0,4515
332,0.4199402234167162,0.5936776539755704,0.0006608370255584157,0.34025871374372735,0.01173347492460472,0.5697138704502113,0.17523999065711288,1.0,4516
333,0.42609005712098147,0.6270318496910853,0.0006519140281828224,0.326789750988725,0.011634524079613144,0.5472461379353086,0.1373777955740006,1.0,4517
334,0.4143389031215194,0.6274768013200495,0.000747002200752639,0.32466330784603203,0.011931845963373232,0.5522516607793917,0.15512913946035375,1.0,4518
335,0.3641376436938136,0.6173003539353912,0.0006376367861900254,0.35839107282155186,0.012682177554836858,0.5718608931228002,0.17525342537812164,1.0,4519
336,0.37428775483036886,0.6126637438190013,0.0006146919679495351,0.3702105574733365,0.011780299233868306,0.5417952065521106,0.23198008015756252,1.0,4520
337,0.34778282381988296,0.582454909047071,0.0007124512626008234,0.38299715757682806,0.011295212718021813,0.5302457524712975,0.3343918603074953,1.0,4521
338,0.4751303327947531,0.5652075405669116,0.0006553236015170255,0.36972166100133275,0.012054846013676825,0.5073007641419526,0.24616596489080458,1.0,4522
339,0.3698486213147053,0.607669997277876,0.000728137741051745,0.3523178863588644,0.01066255681706223,0.5388269673938002,0.2817313571086717,1.0,4523
340,0.3431905557603949,0.5987143168295677,0.000640586211141792,0.32111137262892386,0.01131546445958494,0.5522554511806271,0.33990346009300315,1.0,4524
341,0.45533973680917844,0.5598803166971356,0.0005509384974332389,0.2894132397349893,0.011038446323573106,0.5164348808995429,0.3586259816069792,2.0,4525
342,0.40236383403118914,0.5722723078115429,0.000547209255331252,0.2874542333422241,0.010509892046838332,0.5169846298353961,0.4007417494528859,2.0,4526
343,0.4162439229190688,0.5529536881649926,0.0005323903901423631,0.3197082915858287,0.011654182886323122,0.4859938031465809,0.4271343390009683,2.0,4527
344,0.39063571282001314,0.39184367801120945,0.0004026550637320934,0.28168347719345144,0.009535338755626675,0.36768437418728384,0.6922671498133323,0.0,4528
345,0.3750903204853596,0.3843694731246317,0.00039223471301271044,0.27047385138747904,0.009204441265364937,0.35189243888717936,0.7172852230393866,0.0,4529
346,0.4222133468998746,0.4809990565014783,0.00045685176543989396,0.28776722284708567,0.010063086184689556,0.44010464982210173,0.5601537695910281,0.0,4530
347,0.44865993484528854,0.5111278620990051,0.00047672086190961993,0.29763564050949876,0.009444758727466277,0.5219918494474776,0.41988173969514814,2.0,4531
348,0.5651163269979889,0.5431904578697447,0.0005229902358488161,0.29760571800639135,0.009365276628448842,0.49385725233119565,0.2302944472718072,2.0,4532
349,0.50458939571115,0.5519316482042411,0.0006143685319270135,0.3135432044910433,0.010018243068065313,0.5018045573292035,0.3009038051681507,2.0,4533
350,0.4708015239342384,0.5636490093593534,0.0006607503767721548,0.3327167526774853,0.01056477153517814,0.5217178869093014,0.2786461506775391,2.0,4534
351,0.5557785255372314,0.5309398007402364,0.0006070276591479299,0.32315987978282235,0.01051240147702694,0.5031788730259479,0.226894233759421,2.0,4535
352,0.5171752053873551,0.5552444569739204,0.00048604634530811713,0.31159949530153985,0.010136912517011631,0.495421347337889,0.28564637198044784,2.0,4536
353,0.5528831658150567,0.5134252663621042,0.0003812357435067873,0.26901939952613063,0.009610317700900262,0.4788996043407707,0.35903471825600924,2.0,4537
354,0.5328698351806147,0.5054294225822747,0.00042419961504680217,0.3144423833994322,0.00954007259256298,0.48896517502327075,0.35005526670640824,2.0,4538
355,0.490475852179409,0.5442457400373716,0.0005147054930042933,0.34828966231990055,0.010298920191796188,0.5143735801162811,0.27791691456376677,2.0,4539
356,0.5253460166215116,0.5568911603385835,0.0006141859338853135,0.3142646267571221,0.009942423425978045,0.49380087290443947,0.2668014460919097,2.0,4540
357,0.5384711047578163,0.5531680402922919,0.0005774641337217488,0.33682962255606747,0.010604986816422772,0.47674397551301856,0.2514004306095348,2.0,4541
358,0.5286934538301076,0.600215975681964,0.000491700726220492,0.2931975992562616,0.01000677423902785,0.4846795942289651,0.19810223583159117,1.0,4542
359,0.48594247919945244,0.5529906216592063,0.0005268839536289833,0.3019563300805841,0.009807815235175583,0.5154436618817442,0.31797014729416007,2.0,4543
360,0.5023057909869773,0.549895827290005,0.0005937315161861712,0.3121242116443964,0.011075548057578126,0.5217114368581147,0.274911084434412,2.0,4544
361,0.49319226470311434,0.5446848610628668,0.0005288877025243329,0.3124516155141845,0.011185078488554852,0.5238094841602645,0.29656705604175876,2.0,4545
362,0.5135566477727691,0.5449681809053064,0.00039201188691974825,0.2868557520489207,0.010727637120545799,0.50308613672859,0.32213682187169806,2.0,4546
363,0.534790084216433,0.5189202850447919,0.0002811075537649794,0.28455751010664054,0.010939768967353781,0.4607310214154412,0.3890443360000114,2.0,4547
364,0.4548927960619999,0.5542132108681614,0.00025694677149504594,0.37315488176242784,0.01300203101881564,0.49559788409731204,0.3176307819670137,2.0,4548
365,0.5143582101854228,0.5714415996816814,0.00030640574072065776,0.38879824440044264,0.012044298991494524,0.4826452160208347,0.15695378730298426,1.0,4549
366,0.42313364055893954,0.624267052681103,0.00035150454626949393,0.363578727433851,0.011157758597297363,0.5120065435896629,0.19179092343167214,1.0,4550
367,0.32955420464782387,0.6190072362875848,0.0004104927893441932,0.36374957817048337,0.010746966059088616,0.5795363683367082,0.19983053819332966,1.0,4551
368,0.2776826976673108,0.6536800371210453,0.00043020290555347197,0.36474301899857636,0.011174653250425987,0.5794700359130713,0.16323810249612297,1.0,4552
369,0.3358972345131736,0.6300889413273913,0.0006527678024470058,0.37830235302150317,0.012479708493195709,0.5685139329244155,0.15389620658956307,1.0,4553
370,0.31234949864192496,0.6167567708914788,0.0008870083847468023,0.39712882636298774,0.012747827739995984,0.5744779830790409,0.18479535868274335,1.0,4554
371,0.3521830159774958,0.6749915336204734,0.0005662330220905693,0.31873813763991676,0.010370882687388337,0.5078228369839314,0.24651093854341313,1.0,4555
372,0.373477393056976,0.6316580940916753,0.0005635721153378654,0.30000976254604644,0.009345134338758209,0.568547256060971,0.21950671948053024,1.0,4556
373,0.29945147695072244,0.6110104324542367,0.0008498272472572773,0.36430455868719946,0.011344681806759798,0.6046520864235528,0.19632545244017668,1.0,4557
374,0.3262430934473422,0.5867836913036657,0.0009678257459528924,0.3629775632629434,0.011275408321076801,0.5334912962875995,0.36435778766419147,1.0,4558
375,0.375193779410147,0.5594259352966281,0.0008751769079953613,0.35185572853027064,0.011540468380006627,0.5287205759822146,0.3778761719106412,2.0,4559
376,0.38033171850193714,0.5735091025782387,0.0006731012744065702,0.3783311864274061,0.01255025483754083,0.5268800788356832,0.3248692461621894,1.0,4560
377,0.39127824370595393,0.5833519134082574,0.00042661706858193886,0.3088920885067528,0.010910731528983086,0.4932759855478668,0.40956945052140453,2.0,4561
378,0.45642887119929026,0.549398917700007,0.0003689358285690698,0.26695626219677493,0.008629890250876501,0.4785650209134344,0.4352801149587077,2.0,4562
379,0.28380938211601797,0.596103038569998,0.0005474480616205442,0.3019939940853516,0.008691268451154066,0.5539368064749458,0.4074201837815405,1.0,4563
380,0.2771210231726622,0.6335403490893166,0.0007322735887009947,0.32902586156636343,0.01089999132370467,0.5782339019643185,0.28124500990362356,1.0,4564
381,0.34690327915102254,0.5908873731366256,0.000580461872346404,0.36390650290516957,0.011548403014891776,0.5483869180552624,0.3118018118660749,1.0,4565
382,0.35698403789374755,0.5945740235442392,0.0005940253052537928,0.3535407047683781,0.011533152324885079,0.5633121833270692,0.2767654511207036,1.0,4566
383,0.46812466156122023,0.5616441773500308,0.000429638771976633,0.31106290017677274,0.011245905588130631,0.5011315494866828,0.34263027675282914,2.0,4567
384,0.524476579090919,0.5269138327510313,0.00038069823676473906,0.2707490537354011,0.010331836167867791,0.46354523758810895,0.39874804285629606,2.0,4568
385,0.5383875484749955,0.49933591532681776,0.00043410989006857094,0.2887094480571459,0.010264467494144712,0.4338299500460032,0.4348969678131812,2.0,4569
386,0.6177767206765079,0.4920193955018138,0.0005423483955374856,0.3168106039614807,0.011414920736977807,0.42841798966633626,0.3036894970703013,2.0,4570
387,0.41847453539465745,0.6090068353710503,0.0005436551769250411,0.38973616916096643,0.011960413892350906,0.515412021347559,0.1905322999763929,1.0,4571
388,0.28704397264312875,0.6306736333409895,0.0005936972465760812,0.3994314378250747,0.01169814137792385,0.5734020232246794,0.17715522354264623,1.0,4572
389,0.3296377037953555,0.6085322400731399,0.0005527452719490338,0.39720217664625074,0.012580712700089987,0.5566864608932953,0.23065023801048273,1.0,4573
390,0.35578371412617016,0.5513299245052022,0.0005382082941666903,0.40592678686603345,0.01228348304707519,0.5089712498533644,0.3814102777994612,2.0,4574
391,0.2834270716695313,0.5806586416502936,0.000607047705863856,0.41536655574017173,0.012572891907987941,0.5021218447041572,0.3971025915897101,0.0,4575
392,0.33281038512595384,0.5984930064859434,0.0006150060679629386,0.4099178850382348,0.013577670196089997,0.532072351145946,0.2823561192025402,1.0,4576
393,0.34065432009407814,0.5938653821792412,0.00048473453097843213,0.41290827900580446,0.01327602338962106,0.5531391274382709,0.2337646532541459,1.0,4577
394,0.40113403342329834,0.5947063698136622,0.0006153598899632587,0.3757618583969531,0.012772076668102046,0.5513194668296151,0.20025530602503025,1.0,4578
395,0.3369823709180068,0.6100744559303378,0.0008065500475017687,0.40459430918572653,0.012910561831796168,0.5516399049888346,0.21466617567847965,1.0,4579
396,0.44271717335986094,0.5805164057670112,0.0006599331664729578,0.3958158096727544,0.012950828166504247,0.5017739872486396,0.24163352027259638,1.0,4580
397,0.3719268020781103,0.6020803843216597,0.0006396143914617368,0.43219401978574784,0.013954951372592754,0.49937744170760273,0.2506092873611388,1.0,4581
398,0.4537971963040423,0.5959512933473218,0.0005264966557158499,0.39657216033849185,0.013608793992307513,0.48578186813878027,0.21323972974952327,1.0,4582
399,0.4663463550369709,0.5631277866470156,0.0005410562214398028,0.4258141867960674,0.013802814692600187,0.499215520489439,0.18623508004711126,1.0,4583
400,0.4507250800997078,0.6253835501725452,0.00042188036249477646,0.38489010866013834,0.012962003701522203,0.4775956139570674,0.17127801845028315,1.0,4584
401,0.34042982109458725,0.617789374893218,0.0004801312726787888,0.37646758115437307,0.012371754654141812,0.5484494864435603,0.2444705616201335,1.0,4585
402,0.4001297807990063,0.6286464788471875,0.0004797392360765775,0.37438740951771543,0.012593154947010158,0.5287762182187231,0.15738717892648627,1.0,4586
403,0.3226499920348695,0.609631580031579,0.0006255637301683903,0.38703233485868643,0.012246396267170378,0.5746338253978339,0.20999498136639164,1.0,4587
404,0.2575315193947654,0.6264141158678738,0.0006443989457022468,0.35763876301723374,0.010697552868159932,0.5934781697542034,0.24707528465030468,1.0,4588
405,0.26411650772082956,0.6198217616379884,0.0005887052422139416,0.36422822080218414,0.012052546512893534,0.5934732243107915,0.24707322577619437,1.0,4589
406,0.36915053018931115,0.6148585158242337,0.0006182266144195916,0.32735841105454677,0.012522798301683248,0.570323943427904,0.2304056404748088,1.0,4590
407,0.506814353665567,0.5585912658373324,0.0006670133613109873,0.3022705375860446,0.011913599758971242,0.5413322951134106,0.215788086458567,1.0,4591
408,0.4630952686006623,0.5638932491909157,0.0005558753038087778,0.3053978919125425,0.011264257156381073,0.5362773640976954,0.29424258631570793,2.0,4592
409,0.35989753309700995,0.6156803977436909,0.0005246677117781391,0.3397909914881665,0.012263494833244164,0.5791399885084507,0.20099676797661403,1.0,4593
410,0.41386892180753254,0.5822431865755754,0.00043381453080333117,0.34161168902060274,0.012521464866368875,0.5516296838904767,0.2618292530374082,1.0,4594
411,0.47490802456833114,0.5499568682140148,0.0005016481512487593,0.3141320723119731,0.01189362162233422,0.504644358843036,0.3442720053265463,2.0,4595
412,0.48500804190859537,0.5642809288956636,0.000520070231322092,0.32566797885389404,0.012008894432346488,0.5055602718682055,0.290790177976957,2.0,4596
413,0.44595883461516794,0.5688682428170013,0.0006271806177980078,0.3466560936012727,0.01280065359276262,0.5316229676043245,0.2730420537934155,1.0,4597
414,0.4287590492022543,0.5994342934006777,0.0006943310214021798,0.3191439500699873,0.012165258104150692,0.5635026630431148,0.19315180014471678,1.0,4598
415,0.5246708321443649,0.5636393237804349,0.0006437057991933025,0.26041340771893073,0.010558394492428508,0.5208996877924872,0.2603223172756487,2.0,4599
416,0.5126168941479984,0.5396365974904624,0.0006566052927607998,0.26672414518943516,0.010371199262763956,0.49419436914177295,0.3613010177952009,2.0,4600
417,0.523082512103759,0.5304432493087963,0.0005847499228907815,0.266424708110616,0.0103279479624088,0.4936395632836096,0.3608954042679135,2.0,4601
418,0.5116673309771224,0.523667505177104,0.0004270593394840475,0.2606105464261384,0.010170195944364444,0.4828669128971665,0.4034686588667568,2.0,4602
419,0.5069901322850617,0.5069901322850617,0.00042117995697788424,0.26768368505520207,0.010030181509387351,0.4691182404069417,0.440561858165509,2.0,4603
420,0.49714127424086746,0.5064253211025601,0.0004821425302569816,0.2624836260264927,0.009807302320886198,0.4646471102249434,0.4598836167767843,2.0,4604
421,0.49718798658457686,0.5171987131357526,0.00047766440190359654,0.26977044844334785,0.009936177757058148,0.47600015847156735,0.43111297314823765,2.0,4605
422,0.49295206668529573,0.5403937010546441,0.0004948808852174342,0.27479072431837737,0.010429006195852651,0.49924962876972256,0.37430437445441594,2.0,4606
423,0.5016191532204675,0.55011298149894,0.0005596442877011053,0.2925421209942708,0.011099611706071922,0.517783762646625,0.3032317607221431,2.0,4607
424,0.4444652835873634,0.5704342223393124,0.0006399388231206674,0.3496963810419013,0.012096051188722352,0.5284445760886628,0.2745313402552828,1.0,4608
425,0.4821824140197008,0.5518657012052401,0.0006134223885361481,0.3982956555939099,0.012171197879857475,0.5023131414288566,0.22767944962472167,1.0,4609
426,0.5201702393185553,0.5287827273726832,0.0005686183739440305,0.33472205988144327,0.011714463085968886,0.48859111645341974,0.3145060586679697,2.0,4610
427,0.5184632746243933,0.5077838589521156,0.0005245123639363478,0.29525316879777613,0.011186730909527681,0.45438678059072674,0.423773745448032,2.0,4611
428,0.48738782641187306,0.5160254178548589,0.000627167864129803,0.31956508441619813,0.011798595443941916,0.48738782641187306,0.39542703256963435,2.0,4612
429,0.507307115657784,0.5386977318427418,0.0007991476553489767,0.33360563296818097,0.01213645324779982,0.5033210056660433,0.2960938345918001,2.0,4613
430,0.49344574603399016,0.5414260440714198,0.0008100904270214541,0.3186652244513931,0.01189381320597973,0.5123470755638866,0.3149285067591207,2.0,4614
431,0.5133499758821889,0.5352305460793269,0.0008302108458455136,0.2969908634326508,0.011325661485897816,0.4955720125970143,0.34069915220809316,2.0,4615
432,0.49267291413222736,0.5368742528637753,0.0007568559879422329,0.33177339789934196,0.012142912057330243,0.48972615821679083,0.3449436411252583,2.0,4616
433,0.4846104487555313,0.5652797647574571,0.0006994738164418206,0.3736564146224475,0.012565547488222703,0.4597891207549386,0.30729133816675674,2.0,4617
434,0.49750091462914225,0.5383378019543212,0.0009096783811030195,0.3933701399440846,0.013809575423973548,0.4753809339946704,0.285948631115338,2.0,4618
435,0.5273256654673942,0.5323737239777856,0.0007207641244036919,0.3991190694291962,0.013968191959778314,0.45833553249204695,0.2625694931690472,2.0,4619
436,0.5302154817030155,0.5379584930410263,0.0005735563954082098,0.3487123135143584,0.012730458254603961,0.48220881140734845,0.27419736285699875,2.0,4620
437,0.5199622535004715,0.525864489198023,0.000594025331879166,0.323401647282983,0.012308204876536317,0.5022555464078173,0.3100075640997716,2.0,4621
438,0.49022344243853794,0.5180467534794676,0.0005600505443021271,0.3299728198941045,0.011783463452116755,0.47770295247011957,0.392539426501361,2.0,4622
439,0.503930805647921,0.4462057353892206,0.0005231422313075499,0.3130400965843595,0.01129079286826171,0.4462057353892206,0.4997326973289158,0.0,4623
440,0.5159580291908229,0.519713353887734,0.0005351791234728389,0.3072404387445661,0.011662823017037334,0.4596281587371563,0.3973591606378314,2.0,4624
441,0.5519623651015968,0.4881153269248448,0.0005841662840062959,0.3151320069049004,0.011872595556143959,0.43587684114386577,0.40944214846001287,2.0,4625
442,0.5527298541702091,0.4884557315611898,0.0007245070181370947,0.37110682559787095,0.013484322927306145,0.4489024253402548,0.341298536851659,2.0,4626
443,0.547505211908058,0.5090407523931283,0.0007163443415928945,0.3698868245029476,0.01343280291678706,0.4689039250732015,0.29025410953715103,2.0,4627
444,0.5488353614693245,0.5035717304432495,0.0006964881496229101,0.37078545484770037,0.013562621952346901,0.4834545610983274,0.27166277315059184,2.0,4628
445,0.5359633528390706,0.516136311281914,0.0007822262772147156,0.36543802440626255,0.013367023186145344,0.4764822281676005,0.29255262767830365,2.0,4629
446,0.564249592691003,0.49563456083968277,0.000931282925978353,0.36133251379414344,0.013261574095640898,0.45805966244491203,0.30888865749646416,2.0,4630
447,0.5490838392076289,0.5105084747286315,0.001236961207826143,0.3709533229146741,0.013493140162225789,0.4635471614498521,0.2919282466242965,2.0,4631
448,0.5260839683890728,0.5357551257878693,0.0010356392383574432,0.3565038831789344,0.013092141148558754,0.4906230579268186,0.26119652179235053,2.0,4632
449,0.561703780738387,0.5161241137759087,0.0011389222129554787,0.34762436877652214,0.013016615424955616,0.4658293088517947,0.28300951522818135,2.0,4633
450,0.5265463491715007,0.5552932000535115,0.0010837592735663797,0.3807752808503224,0.014513660623388958,0.4335418316120543,0.28502324292145764,2.0,4634
451,0.551195880539828,0.5078187033621198,0.000848952557175513,0.38235641089346006,0.014088313955153134,0.46777823212115816,0.2703537776382476,2.0,4635
